a book on affirmative action south africa,Books & Literature - Action and Adventure
action advernture books,Books & Literature - Action and Adventure
action books d,Books & Literature - Action and Adventure
action books for free,Books & Literature - Action and Adventure
action conserve books future story detail story,Books & Literature - Action and Adventure
action man book,Books & Literature - Action and Adventure
action the book of eli,Books & Literature - Action and Adventure
best action adventure books,Books & Literature - Action and Adventure
best action books 2015,Books & Literature - Action and Adventure
best action in a novel,Books & Literature - Action and Adventure
best action novels 2015,Books & Literature - Action and Adventure
spy novel,Books & Literature - Action and Adventure
spy novels bill fairlough beyond enkription the burlington files reviews,Books & Literature - Action and Adventure
spy novels eugene bull the persian gambit reviews,Books & Literature - Action and Adventure
a the norton anthology of english literature vol,Books & Literature - Anthologies
Aesthetics a comprehensive anthology,Books & Literature - Anthologies
akaitori anthology,Books & Literature - Anthologies
an anthology,Books & Literature - Anthologies
an anthology of decorated papers,Books & Literature - Anthologies
an anthology of early keyboard music,Books & Literature - Anthologies
an anthology of moldavian painting,Books & Literature - Anthologies
an anthology of mythical creatures infographic,Books & Literature - Anthologies
An anthology of noise electronic music,Books & Literature - Anthologies
An anthology of philosophy in Persia,Books & Literature - Anthologies
An anthology series is a crapshoot but Sensation Comics had a solid record,Books & Literature - Anthologies
Analytic Philosophy An Anthology,Books & Literature - Anthologies
angelic impact number anthology,Books & Literature - Anthologies
anthology author english literature major norton,Books & Literature - Anthologies
anthology book,Books & Literature - Anthologies
anthology english literature norton,Books & Literature - Anthologies
anthology esther phillips,Books & Literature - Anthologies
anthology for education,Books & Literature - Anthologies
Anthology for Music in Western Civilization,Books & Literature - Anthologies
anthology hebrew essays two volumes cohen bd,Books & Literature - Anthologies
wiki american poetry since poetry anthology,Books & Literature - Anthologies
wiki anthology,Books & Literature - Anthologies
wiki Anthology of Twentieth Century French Poetry. by William Alwyn.,Books & Literature - Anthologies
wiki between thought and expression the lou reed anthology,Books & Literature - Anthologies
wiki talk normal the laurie anderson anthology,Books & Literature - Anthologies
will the second star wars anthology film focus on han solo and boba fett,Books & Literature - Anthologies
win the exorcist anthology blu ray,Books & Literature - Anthologies
Woman defamed and woman defended an anthology of Medieval texts,Books & Literature - Anthologies
young oxford anthologies read,Books & Literature - Anthologies
young writers anthology,Books & Literature - Anthologies
young writers anthology 2015 scam,Books & Literature - Anthologies
young writers anthology electric reads,Books & Literature - Anthologies
young writers collaborate create fifth anthology story detail story,Books & Literature - Anthologies
best quotes from autobiography of yogi in hindi,Books & Literature - Autobiographies
beth tweddles autobiography,Books & Literature - Autobiographies
biography an autobiography grow up keith allen,Books & Literature - Autobiographies
biography and autobiography difference,Books & Literature - Autobiographies
biography autobiography of a brown buffalo oscar zeta acosta,Books & Literature - Autobiographies
biography dickie bird my autobiography dickie bird,Books & Literature - Autobiographies
biography nigel mansell my autobiography nigel mansell,Books & Literature - Autobiographies
biography paula yates the autobiography paula yates,Books & Literature - Autobiographies
biography running the autobiography ronnie o sullivan,Books & Literature - Autobiographies
book autobiography on british army doctor doing a tour with the sas,Books & Literature - Autobiographies
book norah the autobiography of lade docker,Books & Literature - Autobiographies
book review infamous the autobiography of taleon goffney,Books & Literature - Autobiographies
how to write a blurb for an autobiography,Books & Literature - Autobiographies
how to write a book autobiography,Books & Literature - Autobiographies
quotations about life after death,Books & Literature - Biographies & Quotations
quotations about life and love,Books & Literature - Biographies & Quotations
quotations about mother love,Books & Literature - Biographies & Quotations
quotations about the Fens n,Books & Literature - Biographies & Quotations
bunny in childrens literature,Books & Literature - Children's Literature
hildrens literature hero,Books & Literature - Children's Literature
childrens literature in primary schools,Books & Literature - Children's Literature
childrens literature strong mothers,Books & Literature - Children's Literature
childrens literature sure has changed,Books & Literature - Children's Literature
childrens literature the lorax,Books & Literature - Children's Literature
best cookbook ever,Books & Literature - Cookbooks
best cookbook for absolute beginners,Books & Literature - Cookbooks
best cookbooks of all time,Books & Literature - Cookbooks
best cookbooks to cut sugar,Books & Literature - Cookbooks
best cookbooks to have in uk,Books & Literature - Cookbooks
best cookbooks to hide vegetables for children,Books & Literature - Cookbooks
cookbook recipe book ideas,Books & Literature - Cookbooks
cookbooks for cooking with kid,Books & Literature - Cookbooks
cookbooks for dutch oven cooking,Books & Literature - Cookbooks
cookbooks for kids,Books & Literature - Cookbooks
cookbooks for sale on blurb,Books & Literature - Cookbooks
cookbooks for young females n,Books & Literature - Cookbooks
Diary of a black woman,Books & Literature - Diaries
diary of a blonde,Books & Literature - Diaries
diary of a brinsworth kid,Books & Literature - Diaries
diary of a broke nigga,Books & Literature - Diaries
diary book competition,Books & Literature - Diaries
diary book time hours more fitness hour for myself,Books & Literature - Diaries
diary borders no book store chain usa liquidation,Books & Literature - Diaries
diary lets offlineread some book hours a day,Books & Literature - Diaries
diary of anne frank book review,Books & Literature - Diaries
diary of a wimpy kid author opens book store,Books & Literature - Diaries
best book on legal court room drama,Books & Literature - Drama
best courtroom drama books,Books & Literature - Drama
blackwell books product details the theatre of the absurd by a and c black publishers ltd methuen drama,Books & Literature - Drama
book captures drama coastal storms story detail story,Books & Literature - Drama
book pashto drama asweli,Books & Literature - Drama
books about action in drama pdf,Books & Literature - Drama
books about crime drama n,Books & Literature - Drama
books and ebooks,Books & Literature - E-Books
books and more ebooks,Books & Literature - E-Books
books booksblog jul science fiction classics return ebooks,Books & Literature - E-Books
books c ea badfc ebook contents,Books & Literature - E-Books
books c ea badfc ebook unit places,Books & Literature - E-Books
books cf de adf dafee ebook contents,Books & Literature - E-Books
books control financial destiny ebook,Books & Literature - E-Books
can you buy ebooks to offer as free downloads on your own site,Books & Literature - E-Books
can you convert pdfs into ebooks,Books & Literature - E-Books
can you download kindle ebooks onto a blackberry playbook,Books & Literature - E-Books
can you dwnload ebooks to Ipad,Books & Literature - E-Books
can you get an ebook and save as a pdf,Books & Literature - E-Books
can you print off ebooks,Books & Literature - E-Books
can you print pages from kindle ebooks,Books & Literature - E-Books
can you put affiliate url links in ebooks,Books & Literature - E-Books
can you read ebooks stripped from drm on kindle,Books & Literature - E-Books
The Encyclopedia of Ancient History,Books & Literature - Encyclopedias
The Encyclopedia of British Literature 1660-1789,Books & Literature - Encyclopedias
the encyclopedia of calligraphy and illuminated letters mary noble,Books & Literature - Encyclopedias
The Encyclopedia of Childrens Health,Books & Literature - Encyclopedias
The Encyclopedia of Criminology and Criminal Justice,Books & Literature - Encyclopedias
the encyclopedia of diabetes petit,Books & Literature - Encyclopedias
The Encyclopedia of Global Human Migration,Books & Literature - Encyclopedias
the encyclopedia of Greek tragedy,Books & Literature - Encyclopedias
The Encyclopedia of Immaturity,Books & Literature - Encyclopedias
the encyclopedia of lost and rejected scriptures pdf download free,Books & Literature - Encyclopedias
The Encyclopedia of Postcolonial Studies,Books & Literature - Encyclopedias
the encyclopedia of religion,Books & Literature - Encyclopedias
the encyclopedia of schizophrenia and other psychotic disorders,Books & Literature - Encyclopedias
The Encyclopedia of Serial Killers,Books & Literature - Encyclopedias
the encyclopedia of sewing techniques wendy gardiner,Books & Literature - Encyclopedias
The encyclopedia of surfing,Books & Literature - Encyclopedias
The Encyclopedia of the Cat The Definitive Visual Guide,Books & Literature - Encyclopedias
the encyclopedia of volcanoes nd edition,Books & Literature - Encyclopedias
antasy book dream come true grimsby author terri story detail story,Books & Literature - Fantasy
Fantasy book for 12 year old,Books & Literature - Fantasy
fantasy book movie adaptations,Books & Literature - Fantasy
fantasy books for sale,Books & Literature - Fantasy
fantasy books made into tv shows,Books & Literature - Fantasy
fantasy books p a terry pratchett,Books & Literature - Fantasy
fantasy books to tv series,Books & Literature - Fantasy
fantasy book theme idea,Books & Literature - Fantasy
fantasy book the secret fire c j daugherty,Books & Literature - Fantasy
fantasy colouring book,Books & Literature - Fantasy
fantasy fields dinosaur book case,Books & Literature - Fantasy
fantasy fire heart a tale of alterra the world that is book ii by cs marks book review,Books & Literature - Fantasy
fantasy forest tree house straight out of a kids story book,Books & Literature - Fantasy
top 40 fantasy books,Books & Literature - Fantasy
top fiction fantasy books 2015,Books & Literature - Fantasy
top selling fantasy dystopian books,Books & Literature - Fantasy
guide book for zip phone,Books & Literature - Guide
guide book in united state of america,Books & Literature - Guide
guide book of exercises of abs using a wheel,Books & Literature - Guide
guide book on dallas,Books & Literature - Guide
GUIDE BOOKS CHAPTERS,Books & Literature - Guide
Guide books Epirus,Books & Literature - Guide
guide books for helsinki,Books & Literature - Guide
guide books for online behavior,Books & Literature - Guide
guide books france,Books & Literature - Guide
guide books on albania,Books & Literature - Guide
guide books on paris,Books & Literature - Guide
guide book south east asia,Books & Literature - Guide
guide books puglia italy,Books & Literature - Guide
guide books to cuba,Books & Literature - Guide
guide books to texas n,Books & Literature - Guide
guide book stuttgard,Books & Literature - Guide
guide book tab a with s pen,Books & Literature - Guide
guide book to Istanbul,Books & Literature - Guide
guide book to nashville m,Books & Literature - Guide
Guide book to National Motor Museum Beaulieu,Books & Literature - Guide
history book suggestions soviet russia,Books & Literature - History
history book brief book japanese history,Books & Literature - History
history book british empire,Books & Literature - History
history book charles t yerkes v frank cowperwood,Books & Literature - History
history book decline fall roman empire,Books & Literature - History
history book english reformation primary sources a,Books & Literature - History
history book eric williams vs seymour drescher,Books & Literature - History
history book europe history norman davies,Books & Literature - History
history book forgotten topics deserving historians attention,Books & Literature - History
history book french resistance provence wwii,Books & Literature - History
history book genghis khan mongol empire book recommendation,Books & Literature - History
history book germanic barbarian history books,Books & Literature - History
history book gilda s history books,Books & Literature - History
history book good book russian revolution,Books & Literature - History
history book good books broadly cover history,Books & Literature - History
history book good introductory book ancient egypt,Books & Literature - History
history book good revisionist history books recommendations,Books & Literature - History
history book guns germs steel,Books & Literature - History
horror book author name generator,Books & Literature - Horror
horror book authors,Books & Literature - Horror
Horror Book Covers 604,Books & Literature - Horror
Horror books,Books & Literature - Horror
horror books about top secret experiments gone wrong,Books & Literature - Horror
horror books characters,Books & Literature - Horror
horror books for boys 9-12 years old n,Books & Literature - Horror
horror books for sale,Books & Literature - Horror
horror books g a i,Books & Literature - Horror
horror books r l stine ghost beach goosebumps paperback questions,Books & Literature - Horror
horror book titles generator,Books & Literature - Horror
horror book tropes,Books & Literature - Horror
horror coloring book,Books & Literature - Horror
horror comic books,Books & Literature - Horror
horror fiction books,Books & Literature - Horror
horror films and books list n,Books & Literature - Horror
horror game devs publish book scare children,Books & Literature - Horror
horror humour felsted author s book flights fancy story detail story,Books & Literature - Horror
horror movies that contain viruses and has a book also,Books & Literature - Horror
horror news babadook pop book now available pre order,Books & Literature - Horror
horror news the punisher revenge fueled comic book adaptation,Books & Literature - Horror
horror reviews book review clive barkers the scarlet gospels,Books & Literature - Horror
horror reviews book review clive barkers tortured souls,Books & Literature - Horror
classics lord of the flies literary analysis,Books & Literature - Literary Classics
entertainment five reimaginings of literary classics gkdsj,Books & Literature - Literary Classics
literary classics binge books movies,Books & Literature - Literary Classics
news a lovely collection of teas inspired by world famous literary classics,Books & Literature - Literary Classics
news infographic inspirational quotes from literary classics news rss,Books & Literature - Literary Classics
Around Magazine October 2015,Books & Literature - Magazines
around town magazine,Books & Literature - Magazines
around town magazine November 2015,Books & Literature - Magazines
kylie jenner son shooting hot pour love magazine devoile a,Books & Literature - Magazines
ky safecare magazine idusnbwa bsw,Books & Literature - Magazines
lee baxter photography polari magazine interview gallery eyes and skies shirtless hot guys,Books & Literature - Magazines
les looks ok magazine des annees,Books & Literature - Magazines
madonna eq the recording sound magazine recording madonna by shep pettibone,Books & Literature - Magazines
madonna jesus luz w magazine photoshop naked nude full frontal,Books & Literature - Magazines
madonna playboy magazine,Books & Literature - Magazines
magazine books and arts barnes foundation move philadelphia tod williams billie tsien,Books & Literature - Magazines
magazine extra experiences of the indian diaspora in africa,Books & Literature - Magazines
magazine extra heart of darkness,Books & Literature - Magazines
magazine extra indias best cycling routes,Books & Literature - Magazines
magazine extra view from the inside,Books & Literature - Magazines
magazine extra walmarts strategy through the world,Books & Literature - Magazines
magazine extra what sells in india goes down well in africa,Books & Literature - Magazines
magazine hiking on the moon special alpes,Books & Literature - Magazines
magazine offert par mister help,Books & Literature - Magazines
magazines advertising iduslnaytu,Books & Literature - Magazines
maths book for 6 year old netmums n,Books & Literature - Math
maths book ib standard level haesen,Books & Literature - Math
maths books download complex variables pdf,Books & Literature - Math
maths books for 12 year olds AS,Books & Literature - Math
maths books maths books,Books & Literature - Math
maths books store,Books & Literature - Math
maths c1 book answers,Books & Literature - Math
maths edexcel core 1 book,Books & Literature - Math
Maths GCSE Edexcel books,Books & Literature - Math
maths gcse revision book download free,Books & Literature - Math
maths gcse revision books,Books & Literature - Math
maths igcse book 1 answers,Books & Literature - Math
maths links 8c homework book answers,Books & Literature - Math
maths maths college lycee prepa soutien approfondi book step,Books & Literature - Math
maths no problem text book year 2,Books & Literature - Math
maths note book,Books & Literature - Math
maths problem solving books,Books & Literature - Math
maths problem solving books for adults,Books & Literature - Math
mystery adventure island mystery series book paul moxham,Books & Literature - Mystery
mystery book club,Books & Literature - Mystery
mystery books,Books & Literature - Mystery
mystery book secret html,Books & Literature - Mystery
mystery book series children,Books & Literature - Mystery
mystery book tricky twenty two stephanie plum janet evanovich,Books & Literature - Mystery
mystery fiction book private girls school melbourne,Books & Literature - Mystery
mystery shopping books,Books & Literature - Mystery
book mystery island of bones,Books & Literature - Mystery
book mystery thriller books after im gone,Books & Literature - Mystery
book mystery thriller books death of a nightingale,Books & Literature - Mystery
book mystery thriller books the black eyed blonde,Books & Literature - Mystery
book mystery thriller books the weight of blood,Books & Literature - Mystery
book mystery thriller books the winter people,Books & Literature - Mystery
book of ra mystery chance,Books & Literature - Mystery
book review mystery animals of the british isles london,Books & Literature - Mystery
book review the mystery guest by grgoire bouillier,Books & Literature - Mystery
Poetry book competition,Books & Literature - Poetry
poetry book groups maidenhead,Books & Literature - Poetry
poetry books by jessie redmond fauset,Books & Literature - Poetry
poetry books collection addendum no lord alfred tennyson t,Books & Literature - Poetry
poetry books for people with dementia,Books & Literature - Poetry
poetry books for year 1,Books & Literature - Poetry
poetry bookshop,Books & Literature - Poetry
poetry bookshop iklectik,Books & Literature - Poetry
poetry books in urdu,Books & Literature - Poetry
Poetry Book Society Choice,Books & Literature - Poetry
poetry books with poor meatball in,Books & Literature - Poetry
poetry books y1 tes,Books & Literature - Poetry
poetry breaking,Books & Literature - Poetry
poetry breaking free,Books & Literature - Poetry
poetry bridges,Books & Literature - Poetry
poetry brief love,Books & Literature - Poetry
poetry bright flame,Books & Literature - Poetry
poetry bring the light,Books & Literature - Poetry
poetry broken,Books & Literature - Poetry
poetry broken free,Books & Literature - Poetry
poetry brothers death,Books & Literature - Poetry
poetry browning section,Books & Literature - Poetry
poetry bu john hegley,Books & Literature - Poetry
poetry burst with pride,Books & Literature - Poetry
poetry by emma bridgewater pottery,Books & Literature - Poetry
poetry by frances hodgson-burnett,Books & Literature - Poetry
poetry by heart,Books & Literature - Poetry
poetry by homeless people n,Books & Literature - Poetry
Poetry by immigrants,Books & Literature - Poetry
poetry by pushkin,Books & Literature - Poetry
prayer book activity preschool,Books & Literature - Prayer books
prayer book lectionary 1922,Books & Literature - Prayer books
prayer book owned richard iii display leicester story detail story,Books & Literature - Prayer books
prayer book protestant,Books & Literature - Prayer books
prayer book rebellion,Books & Literature - Prayer books
prayer book rebellion in st ives,Books & Literature - Prayer books
Prayer Books,Books & Literature - Prayer books
prayer book saved life grimsby chum attacked story detail story,Books & Literature - Prayer books
prayer books for children,Books & Literature - Prayer books
prayer books for pcc meetings,Books & Literature - Prayer books
prayer book society,Books & Literature - Prayer books
prayer book society readings and collects,Books & Literature - Prayer books
prayer book stolen vehicle parked town centre story detail story,Books & Literature - Prayer books
prayer book using bible verses,Books & Literature - Prayer books
prayer primer igniting a fire within book recommendation,Books & Literature - Prayer books
prayers and promises for my little boy faith mission book shop,Books & Literature - Prayer books
prayers and thanksgiving from the book of common prayer,Books & Literature - Prayer books
prayers for rain to stop the drought face book,Books & Literature - Prayer books
prayers from the comman book of prayer,Books & Literature - Prayer books
religious books bonnie beth fraser f a,Books & Literature - Religious
the most rational and perfect religious book on earth,Books & Literature - Religious
can anyone write a religious book,Books & Literature - Religious
catholic religious books,Books & Literature - Religious
romance 101 digital book free download,Books & Literature - Romance
romance book reviews,Books & Literature - Romance
romance book reviews top summer romance novels,Books & Literature - Romance
Romance books,Books & Literature - Romance
romance books jessica steele s a t t a,Books & Literature - Romance
romance books l a m rachel lindsay,Books & Literature - Romance
romance books like 50 shades,Books & Literature - Romance
romance books t,Books & Literature - Romance
romance books to study 5 major points,Books & Literature - Romance
romance book titles,Books & Literature - Romance
romance book titles generator,Books & Literature - Romance
romance book uk website,Books & Literature - Romance
ron and hermione books romance,Books & Literature - Romance
books reviews randall or the painted grape by jonathan gibbs book review deadpan yba satire that sees the bigger,Books & Literature - Satire
books reviews twilight of the eastern gods by ismail kadare trans david bellos book review soviet satire skilfully,Books & Literature - Satire
horace satires book i,Books & Literature - Satire
books rory bremner interview when satire day comes,Books & Literature - Satire
science book cover,Books & Literature - Science
Science Book Exploring Science working scientifically 7,Books & Literature - Science
science book labels,Books & Literature - Science
science book review ending medical reversal laments flip flopping,Books & Literature - Science
science books all full text access,Books & Literature - Science
science books for kids,Books & Literature - Science
science books for kids states of matter,Books & Literature - Science
science gets graphic in new comic books,Books & Literature - Science
science how it works book of amazing answers to curious questions volume,Books & Literature - Science
science how it works book of amazing electricity st edition,Books & Literature - Science
science how it works book of amazing facts you need to know,Books & Literature - Science
science how it works book of amazing technology vol,Books & Literature - Science
science how it works book of amazing vehicles volume revised edition,Books & Literature - Science
science how it works book of did you know,Books & Literature - Science
best science fiction books 2015,Books & Literature - Science fiction
best science fiction books of all time,Books & Literature - Science fiction
best science fiction on netflix streaming,Books & Literature - Science fiction
best science fiction tv shows,Books & Literature - Science fiction
best space stations science fiction countdown,Books & Literature - Science fiction
best time machines science fiction,Books & Literature - Science fiction
beyond science fiction short film,Books & Literature - Science fiction
bildergalerie die besten science fiction free to play spiele galerie,Books & Literature - Science fiction
black women science fiction writers,Books & Literature - Science fiction
blog category science fiction,Books & Literature - Science fiction
Self-Help Books and the Quest for Self-Control in the United States 1950-2000,Books & Literature - Self help
self help books available stafford prescription story detail story,Books & Literature - Self help
self help books children on prescription lincolnshire,Books & Literature - Self help
self help books everyone should read,Books & Literature - Self help
self help books for coming off cocaine,Books & Literature - Self help
self help books for ibs and depression,Books & Literature - Self help
self help books for men free pdf,Books & Literature - Self help
self help books for mind health,Books & Literature - Self help
self help books for women,Books & Literature - Self help
resources for writers character traits list,Books & Literature - Writers Resources
resources for writers kick writers block to the curb,Books & Literature - Writers Resources
resources for writers streamline your writing know what happens next,Books & Literature - Writers Resources
resources for writers streamline yout happens next,Books & Literature - Writers Resources
resources for writers ways to rock a critique group,Books & Literature - Writers Resources
top lists best resources for aspiring writers in atlanta,Books & Literature - Writers Resources
writers resources,Books & Literature - Writers Resources
childrens book retailers london,Books & Literature - Book Retailers
comic book comeback why retailers saw sales growth,Books & Literature - Book Retailers
discounted book retailers,Books & Literature - Book Retailers
do comic book tv shows sell comic books retailers weigh in,Books & Literature - Book Retailers
general qvg top book retailers united states,Books & Literature - Book Retailers
lonely planet book retailers uk,Books & Literature - Book Retailers
news local news book retailer waterstones has re opened in wakefield,Books & Literature - Book Retailers
news national news book retailer donates green bag tax to support literature for children,Books & Literature - Book Retailers
online book retailer bought amazon story detail story,Books & Literature - Book Retailers
waterstones decentralisation within a book retailer organisational structure,Books & Literature - Book Retailers
waterstones decentralisation within a book retailer the supply chain,Books & Literature - Book Retailers
biography of Dan Ali,Books & Literature - Biographies
biography of danny denzongpa,Books & Literature - Biographies
biography of David A Fennell,Books & Literature - Biographies
biography of david ben gurion 1969. by david perlov,Books & Literature - Biographies
biography of david tlale,Books & Literature - Biographies
biography of david zaslav,Books & Literature - Biographies
biography of deepa shree niraula,Books & Literature - Biographies
biography of delilah,Books & Literature - Biographies
biography of dilip rayamajhi,Books & Literature - Biographies
biography of dilip suryvanshi,Books & Literature - Biographies
biography of DJ freshSA,Books & Literature - Biographies
biography of dj neptume,Books & Literature - Biographies
biography of doctor mrs idiodi thomas,Books & Literature - Biographies
biography. of dog,Books & Literature - Biographies
darkfall the journal,Books & Literature - Journals
customised journals uk,Books & Literature - Journals
custom journal printing,Books & Literature - Journals
Culture and psychology journal,Books & Literature - Journals
britsals journal busy day,Books & Literature - Journals
britsals journal sunday sunshine,Books & Literature - Journals
British Journal of Guidance,Books & Literature - Journals
british journal of guidance and counselling,Books & Literature - Journals
british journal of haematology,Books & Literature - Journals
british journal of hand therapy,Books & Literature - Journals
british journal of hca,Books & Literature - Journals
british journal for the history of philosophy,Books & Literature - Journals
British Journal for the History of Science,Books & Literature - Journals
britiah journal for social workers,Books & Literature - Journals
childrens dictionary,Books & Literature - Dictionaries
childrens illustrated dictionary,Books & Literature - Dictionaries
childrens illustrated dictionary south africa,Books & Literature - Dictionaries
where to buy mackem dictionary,Books & Literature - Dictionaries
what is a crime legal dictionary n,Books & Literature - Dictionaries
what is a CV business dictionary n,Books & Literature - Dictionaries
what is a laissez faire leaderships tyle business dictionary n,Books & Literature - Dictionaries
what is a mental map cime dictionary n,Books & Literature - Dictionaries
chinese dictionary stroke,Books & Literature - Dictionaries
chinese english business dictionary,Books & Literature - Dictionaries
chinese french dictionary free,Books & Literature - Dictionaries
Arabic Dictionary,Books & Literature - Dictionaries
about new caledonia travel guide books,Books & Literature - Travel
best travel books about spain,Books & Literature - Travel
travel vacation ideas books about australia,Books & Literature - Travel
gay travel blog author publishes book about gay life in the middle east,Books & Literature - Travel
the hostile terrain of iceland wouldn t be everyone s first choice for a summer cycling holiday but one yorkshireman fulfilled a lifelong ambition when he cycled round the country s shores and wrote a book about his travels lizzie murphy spok,Books & Literature - Travel
best travel books page books about african game parks,Books & Literature - Travel
best travel books page books about birdwatching,Books & Literature - Travel
best travel books page books about spain and its food,Books & Literature - Travel
what are your favorite books about travel and food good questions,Books & Literature - Travel
travel book make the most of your time on earth rough guides,Books & Literature - Travel
travel book marie potter the campervan of doom brian burke,Books & Literature - Travel
publishers of travel books,Books & Literature - Travel
recommended culture best travel books page a philosophy of walking,Books & Literature - Travel
