a book on affirmative action south africa,Books & Literature
action advernture books,Books & Literature
action books d,Books & Literature
action books for free,Books & Literature
action conserve books future story detail story,Books & Literature
action man book,Books & Literature
action the book of eli,Books & Literature
best action adventure books,Books & Literature
best action books 2015,Books & Literature
best action in a novel,Books & Literature
best action novels 2015,Books & Literature
spy novel,Books & Literature
spy novels bill fairlough beyond enkription the burlington files reviews,Books & Literature
spy novels eugene bull the persian gambit reviews,Books & Literature
a the norton anthology of english literature vol,Books & Literature
Aesthetics a comprehensive anthology,Books & Literature
akaitori anthology,Books & Literature
an anthology,Books & Literature
an anthology of decorated papers,Books & Literature
an anthology of early keyboard music,Books & Literature
an anthology of moldavian painting,Books & Literature
an anthology of mythical creatures infographic,Books & Literature
An anthology of noise electronic music,Books & Literature
An anthology of philosophy in Persia,Books & Literature
An anthology series is a crapshoot but Sensation Comics had a solid record,Books & Literature
Analytic Philosophy An Anthology,Books & Literature
angelic impact number anthology,Books & Literature
anthology author english literature major norton,Books & Literature
anthology book,Books & Literature
anthology english literature norton,Books & Literature
anthology esther phillips,Books & Literature
anthology for education,Books & Literature
Anthology for Music in Western Civilization,Books & Literature
anthology hebrew essays two volumes cohen bd,Books & Literature
wiki american poetry since poetry anthology,Books & Literature
wiki anthology,Books & Literature
wiki Anthology of Twentieth Century French Poetry. by William Alwyn.,Books & Literature
wiki between thought and expression the lou reed anthology,Books & Literature
wiki talk normal the laurie anderson anthology,Books & Literature
will the second star wars anthology film focus on han solo and boba fett,Books & Literature
win the exorcist anthology blu ray,Books & Literature
Woman defamed and woman defended an anthology of Medieval texts,Books & Literature
young oxford anthologies read,Books & Literature
young writers anthology,Books & Literature
young writers anthology 2015 scam,Books & Literature
young writers anthology electric reads,Books & Literature
young writers collaborate create fifth anthology story detail story,Books & Literature
best quotes from autobiography of yogi in hindi,Books & Literature
beth tweddles autobiography,Books & Literature
biography an autobiography grow up keith allen,Books & Literature
biography and autobiography difference,Books & Literature
biography autobiography of a brown buffalo oscar zeta acosta,Books & Literature
biography dickie bird my autobiography dickie bird,Books & Literature
biography nigel mansell my autobiography nigel mansell,Books & Literature
biography paula yates the autobiography paula yates,Books & Literature
biography running the autobiography ronnie o sullivan,Books & Literature
book autobiography on british army doctor doing a tour with the sas,Books & Literature
book norah the autobiography of lade docker,Books & Literature
book review infamous the autobiography of taleon goffney,Books & Literature
how to write a blurb for an autobiography,Books & Literature
how to write a book autobiography,Books & Literature
quotations about life after death,Books & Literature
quotations about life and love,Books & Literature
quotations about mother love,Books & Literature
quotations about the Fens n,Books & Literature
bunny in childrens literature,Books & Literature
hildrens literature hero,Books & Literature
childrens literature in primary schools,Books & Literature
childrens literature strong mothers,Books & Literature
childrens literature sure has changed,Books & Literature
childrens literature the lorax,Books & Literature
best cookbook ever,Books & Literature
best cookbook for absolute beginners,Books & Literature
best cookbooks of all time,Books & Literature
best cookbooks to cut sugar,Books & Literature
best cookbooks to have in uk,Books & Literature
best cookbooks to hide vegetables for children,Books & Literature
cookbook recipe book ideas,Books & Literature
cookbooks for cooking with kid,Books & Literature
cookbooks for dutch oven cooking,Books & Literature
cookbooks for kids,Books & Literature
cookbooks for sale on blurb,Books & Literature
cookbooks for young females n,Books & Literature
Diary of a black woman,Books & Literature
diary of a blonde,Books & Literature
diary of a brinsworth kid,Books & Literature
diary of a broke nigga,Books & Literature
diary book competition,Books & Literature
diary book time hours more fitness hour for myself,Books & Literature
diary borders no book store chain usa liquidation,Books & Literature
diary lets offlineread some book hours a day,Books & Literature
diary of anne frank book review,Books & Literature
diary of a wimpy kid author opens book store,Books & Literature
best book on legal court room drama,Books & Literature
best courtroom drama books,Books & Literature
blackwell books product details the theatre of the absurd by a and c black publishers ltd methuen drama,Books & Literature
book captures drama coastal storms story detail story,Books & Literature
book pashto drama asweli,Books & Literature
books about action in drama pdf,Books & Literature
books about crime drama n,Books & Literature
books and ebooks,Books & Literature
books and more ebooks,Books & Literature
books booksblog jul science fiction classics return ebooks,Books & Literature
books c ea badfc ebook contents,Books & Literature
books c ea badfc ebook unit places,Books & Literature
books cf de adf dafee ebook contents,Books & Literature
books control financial destiny ebook,Books & Literature
can you buy ebooks to offer as free downloads on your own site,Books & Literature
can you convert pdfs into ebooks,Books & Literature
can you download kindle ebooks onto a blackberry playbook,Books & Literature
can you dwnload ebooks to Ipad,Books & Literature
can you get an ebook and save as a pdf,Books & Literature
can you print off ebooks,Books & Literature
can you print pages from kindle ebooks,Books & Literature
can you put affiliate url links in ebooks,Books & Literature
can you read ebooks stripped from drm on kindle,Books & Literature
The Encyclopedia of Ancient History,Books & Literature
The Encyclopedia of British Literature 1660-1789,Books & Literature
the encyclopedia of calligraphy and illuminated letters mary noble,Books & Literature
The Encyclopedia of Childrens Health,Books & Literature
The Encyclopedia of Criminology and Criminal Justice,Books & Literature
the encyclopedia of diabetes petit,Books & Literature
The Encyclopedia of Global Human Migration,Books & Literature
the encyclopedia of Greek tragedy,Books & Literature
The Encyclopedia of Immaturity,Books & Literature
the encyclopedia of lost and rejected scriptures pdf download free,Books & Literature
The Encyclopedia of Postcolonial Studies,Books & Literature
the encyclopedia of religion,Books & Literature
the encyclopedia of schizophrenia and other psychotic disorders,Books & Literature
The Encyclopedia of Serial Killers,Books & Literature
the encyclopedia of sewing techniques wendy gardiner,Books & Literature
The encyclopedia of surfing,Books & Literature
The Encyclopedia of the Cat The Definitive Visual Guide,Books & Literature
the encyclopedia of volcanoes nd edition,Books & Literature
antasy book dream come true grimsby author terri story detail story,Books & Literature
Fantasy book for 12 year old,Books & Literature
fantasy book movie adaptations,Books & Literature
fantasy books for sale,Books & Literature
fantasy books made into tv shows,Books & Literature
fantasy books p a terry pratchett,Books & Literature
fantasy books to tv series,Books & Literature
fantasy book theme idea,Books & Literature
fantasy book the secret fire c j daugherty,Books & Literature
fantasy colouring book,Books & Literature
fantasy fields dinosaur book case,Books & Literature
fantasy fire heart a tale of alterra the world that is book ii by cs marks book review,Books & Literature
fantasy forest tree house straight out of a kids story book,Books & Literature
top 40 fantasy books,Books & Literature
top fiction fantasy books 2015,Books & Literature
top selling fantasy dystopian books,Books & Literature
guide book for zip phone,Books & Literature
guide book in united state of america,Books & Literature
guide book of exercises of abs using a wheel,Books & Literature
guide book on dallas,Books & Literature
GUIDE BOOKS CHAPTERS,Books & Literature
Guide books Epirus,Books & Literature
guide books for helsinki,Books & Literature
guide books for online behavior,Books & Literature
guide books france,Books & Literature
guide books on albania,Books & Literature
guide books on paris,Books & Literature
guide book south east asia,Books & Literature
guide books puglia italy,Books & Literature
guide books to cuba,Books & Literature
guide books to texas n,Books & Literature
guide book stuttgard,Books & Literature
guide book tab a with s pen,Books & Literature
guide book to Istanbul,Books & Literature
guide book to nashville m,Books & Literature
Guide book to National Motor Museum Beaulieu,Books & Literature
history book suggestions soviet russia,Books & Literature
history book brief book japanese history,Books & Literature
history book british empire,Books & Literature
history book charles t yerkes v frank cowperwood,Books & Literature
history book decline fall roman empire,Books & Literature
history book english reformation primary sources a,Books & Literature
history book eric williams vs seymour drescher,Books & Literature
history book europe history norman davies,Books & Literature
history book forgotten topics deserving historians attention,Books & Literature
history book french resistance provence wwii,Books & Literature
history book genghis khan mongol empire book recommendation,Books & Literature
history book germanic barbarian history books,Books & Literature
history book gilda s history books,Books & Literature
history book good book russian revolution,Books & Literature
history book good books broadly cover history,Books & Literature
history book good introductory book ancient egypt,Books & Literature
history book good revisionist history books recommendations,Books & Literature
history book guns germs steel,Books & Literature
horror book author name generator,Books & Literature
horror book authors,Books & Literature
Horror Book Covers 604,Books & Literature
Horror books,Books & Literature
horror books about top secret experiments gone wrong,Books & Literature
horror books characters,Books & Literature
horror books for boys 9-12 years old n,Books & Literature
horror books for sale,Books & Literature
horror books g a i,Books & Literature
horror books r l stine ghost beach goosebumps paperback questions,Books & Literature
horror book titles generator,Books & Literature
horror book tropes,Books & Literature
horror coloring book,Books & Literature
horror comic books,Books & Literature
horror fiction books,Books & Literature
horror films and books list n,Books & Literature
horror game devs publish book scare children,Books & Literature
horror humour felsted author s book flights fancy story detail story,Books & Literature
horror movies that contain viruses and has a book also,Books & Literature
horror news babadook pop book now available pre order,Books & Literature
horror news the punisher revenge fueled comic book adaptation,Books & Literature
horror reviews book review clive barkers the scarlet gospels,Books & Literature
horror reviews book review clive barkers tortured souls,Books & Literature
classics lord of the flies literary analysis,Books & Literature
entertainment five reimaginings of literary classics gkdsj,Books & Literature
literary classics binge books movies,Books & Literature
news a lovely collection of teas inspired by world famous literary classics,Books & Literature
news infographic inspirational quotes from literary classics news rss,Books & Literature
Around Magazine October 2015,Books & Literature
around town magazine,Books & Literature
around town magazine November 2015,Books & Literature
kylie jenner son shooting hot pour love magazine devoile a,Books & Literature
ky safecare magazine idusnbwa bsw,Books & Literature
lee baxter photography polari magazine interview gallery eyes and skies shirtless hot guys,Books & Literature
les looks ok magazine des annees,Books & Literature
madonna eq the recording sound magazine recording madonna by shep pettibone,Books & Literature
madonna jesus luz w magazine photoshop naked nude full frontal,Books & Literature
madonna playboy magazine,Books & Literature
magazine books and arts barnes foundation move philadelphia tod williams billie tsien,Books & Literature
magazine extra experiences of the indian diaspora in africa,Books & Literature
magazine extra heart of darkness,Books & Literature
magazine extra indias best cycling routes,Books & Literature
magazine extra view from the inside,Books & Literature
magazine extra walmarts strategy through the world,Books & Literature
magazine extra what sells in india goes down well in africa,Books & Literature
magazine hiking on the moon special alpes,Books & Literature
magazine offert par mister help,Books & Literature
magazines advertising iduslnaytu,Books & Literature
maths book for 6 year old netmums n,Books & Literature
maths book ib standard level haesen,Books & Literature
maths books download complex variables pdf,Books & Literature
maths books for 12 year olds AS,Books & Literature
maths books maths books,Books & Literature
maths books store,Books & Literature
maths c1 book answers,Books & Literature
maths edexcel core 1 book,Books & Literature
Maths GCSE Edexcel books,Books & Literature
maths gcse revision book download free,Books & Literature
maths gcse revision books,Books & Literature
maths igcse book 1 answers,Books & Literature
maths links 8c homework book answers,Books & Literature
maths maths college lycee prepa soutien approfondi book step,Books & Literature
maths no problem text book year 2,Books & Literature
maths note book,Books & Literature
maths problem solving books,Books & Literature
maths problem solving books for adults,Books & Literature
mystery adventure island mystery series book paul moxham,Books & Literature
mystery book club,Books & Literature
mystery books,Books & Literature
mystery book secret html,Books & Literature
mystery book series children,Books & Literature
mystery book tricky twenty two stephanie plum janet evanovich,Books & Literature
mystery fiction book private girls school melbourne,Books & Literature
mystery shopping books,Books & Literature
book mystery island of bones,Books & Literature
book mystery thriller books after im gone,Books & Literature
book mystery thriller books death of a nightingale,Books & Literature
book mystery thriller books the black eyed blonde,Books & Literature
book mystery thriller books the weight of blood,Books & Literature
book mystery thriller books the winter people,Books & Literature
book of ra mystery chance,Books & Literature
book review mystery animals of the british isles london,Books & Literature
book review the mystery guest by grgoire bouillier,Books & Literature
Poetry book competition,Books & Literature
poetry book groups maidenhead,Books & Literature
poetry books by jessie redmond fauset,Books & Literature
poetry books collection addendum no lord alfred tennyson t,Books & Literature
poetry books for people with dementia,Books & Literature
poetry books for year 1,Books & Literature
poetry bookshop,Books & Literature
poetry bookshop iklectik,Books & Literature
poetry books in urdu,Books & Literature
Poetry Book Society Choice,Books & Literature
poetry books with poor meatball in,Books & Literature
poetry books y1 tes,Books & Literature
poetry breaking,Books & Literature
poetry breaking free,Books & Literature
poetry bridges,Books & Literature
poetry brief love,Books & Literature
poetry bright flame,Books & Literature
poetry bring the light,Books & Literature
poetry broken,Books & Literature
poetry broken free,Books & Literature
poetry brothers death,Books & Literature
poetry browning section,Books & Literature
poetry bu john hegley,Books & Literature
poetry burst with pride,Books & Literature
poetry by emma bridgewater pottery,Books & Literature
poetry by frances hodgson-burnett,Books & Literature
poetry by heart,Books & Literature
poetry by homeless people n,Books & Literature
Poetry by immigrants,Books & Literature
poetry by pushkin,Books & Literature
prayer book activity preschool,Books & Literature
prayer book lectionary 1922,Books & Literature
prayer book owned richard iii display leicester story detail story,Books & Literature
prayer book protestant,Books & Literature
prayer book rebellion,Books & Literature
prayer book rebellion in st ives,Books & Literature
Prayer Books,Books & Literature
prayer book saved life grimsby chum attacked story detail story,Books & Literature
prayer books for children,Books & Literature
prayer books for pcc meetings,Books & Literature
prayer book society,Books & Literature
prayer book society readings and collects,Books & Literature
prayer book stolen vehicle parked town centre story detail story,Books & Literature
prayer book using bible verses,Books & Literature
prayer primer igniting a fire within book recommendation,Books & Literature
prayers and promises for my little boy faith mission book shop,Books & Literature
prayers and thanksgiving from the book of common prayer,Books & Literature
prayers for rain to stop the drought face book,Books & Literature
prayers from the comman book of prayer,Books & Literature
religious books bonnie beth fraser f a,Books & Literature
the most rational and perfect religious book on earth,Books & Literature
can anyone write a religious book,Books & Literature
catholic religious books,Books & Literature
romance 101 digital book free download,Books & Literature
romance book reviews,Books & Literature
romance book reviews top summer romance novels,Books & Literature
Romance books,Books & Literature
romance books jessica steele s a t t a,Books & Literature
romance books l a m rachel lindsay,Books & Literature
romance books like 50 shades,Books & Literature
romance books t,Books & Literature
romance books to study 5 major points,Books & Literature
romance book titles,Books & Literature
romance book titles generator,Books & Literature
romance book uk website,Books & Literature
ron and hermione books romance,Books & Literature
books reviews randall or the painted grape by jonathan gibbs book review deadpan yba satire that sees the bigger,Books & Literature
books reviews twilight of the eastern gods by ismail kadare trans david bellos book review soviet satire skilfully,Books & Literature
horace satires book i,Books & Literature
books rory bremner interview when satire day comes,Books & Literature
science book cover,Books & Literature
Science Book Exploring Science working scientifically 7,Books & Literature
science book labels,Books & Literature
science book review ending medical reversal laments flip flopping,Books & Literature
science books all full text access,Books & Literature
science books for kids,Books & Literature
science books for kids states of matter,Books & Literature
science gets graphic in new comic books,Books & Literature
science how it works book of amazing answers to curious questions volume,Books & Literature
science how it works book of amazing electricity st edition,Books & Literature
science how it works book of amazing facts you need to know,Books & Literature
science how it works book of amazing technology vol,Books & Literature
science how it works book of amazing vehicles volume revised edition,Books & Literature
science how it works book of did you know,Books & Literature
best science fiction books 2015,Books & Literature
best science fiction books of all time,Books & Literature
best science fiction on netflix streaming,Books & Literature
best science fiction tv shows,Books & Literature
best space stations science fiction countdown,Books & Literature
best time machines science fiction,Books & Literature
beyond science fiction short film,Books & Literature
bildergalerie die besten science fiction free to play spiele galerie,Books & Literature
black women science fiction writers,Books & Literature
blog category science fiction,Books & Literature
Self-Help Books and the Quest for Self-Control in the United States 1950-2000,Books & Literature
self help books available stafford prescription story detail story,Books & Literature
self help books children on prescription lincolnshire,Books & Literature
self help books everyone should read,Books & Literature
self help books for coming off cocaine,Books & Literature
self help books for ibs and depression,Books & Literature
self help books for men free pdf,Books & Literature
self help books for mind health,Books & Literature
self help books for women,Books & Literature
resources for writers character traits list,Books & Literature
resources for writers kick writers block to the curb,Books & Literature
resources for writers streamline your writing know what happens next,Books & Literature
resources for writers streamline yout happens next,Books & Literature
resources for writers ways to rock a critique group,Books & Literature
top lists best resources for aspiring writers in atlanta,Books & Literature
writers resources,Books & Literature
childrens book retailers london,Books & Literature
comic book comeback why retailers saw sales growth,Books & Literature
discounted book retailers,Books & Literature
do comic book tv shows sell comic books retailers weigh in,Books & Literature
general qvg top book retailers united states,Books & Literature
lonely planet book retailers uk,Books & Literature
news local news book retailer waterstones has re opened in wakefield,Books & Literature
news national news book retailer donates green bag tax to support literature for children,Books & Literature
online book retailer bought amazon story detail story,Books & Literature
waterstones decentralisation within a book retailer organisational structure,Books & Literature
waterstones decentralisation within a book retailer the supply chain,Books & Literature
biography of Dan Ali,Books & Literature
biography of danny denzongpa,Books & Literature
biography of David A Fennell,Books & Literature
biography of david ben gurion 1969. by david perlov,Books & Literature
biography of david tlale,Books & Literature
biography of david zaslav,Books & Literature
biography of deepa shree niraula,Books & Literature
biography of delilah,Books & Literature
biography of dilip rayamajhi,Books & Literature
biography of dilip suryvanshi,Books & Literature
biography of DJ freshSA,Books & Literature
biography of dj neptume,Books & Literature
biography of doctor mrs idiodi thomas,Books & Literature
biography. of dog,Books & Literature
darkfall the journal,Books & Literature
customised journals uk,Books & Literature
custom journal printing,Books & Literature
Culture and psychology journal,Books & Literature
britsals journal busy day,Books & Literature
britsals journal sunday sunshine,Books & Literature
British Journal of Guidance,Books & Literature
british journal of guidance and counselling,Books & Literature
british journal of haematology,Books & Literature
british journal of hand therapy,Books & Literature
british journal of hca,Books & Literature
british journal for the history of philosophy,Books & Literature
British Journal for the History of Science,Books & Literature
britiah journal for social workers,Books & Literature
childrens dictionary,Books & Literature
childrens illustrated dictionary,Books & Literature
childrens illustrated dictionary south africa,Books & Literature
where to buy mackem dictionary,Books & Literature
what is a crime legal dictionary n,Books & Literature
what is a CV business dictionary n,Books & Literature
what is a laissez faire leaderships tyle business dictionary n,Books & Literature
what is a mental map cime dictionary n,Books & Literature
chinese dictionary stroke,Books & Literature
chinese english business dictionary,Books & Literature
chinese french dictionary free,Books & Literature
Arabic Dictionary,Books & Literature
about new caledonia travel guide books,Books & Literature
best travel books about spain,Books & Literature
travel vacation ideas books about australia,Books & Literature
gay travel blog author publishes book about gay life in the middle east,Books & Literature
the hostile terrain of iceland wouldn t be everyone s first choice for a summer cycling holiday but one yorkshireman fulfilled a lifelong ambition when he cycled round the country s shores and wrote a book about his travels lizzie murphy spok,Books & Literature
best travel books page books about african game parks,Books & Literature
best travel books page books about birdwatching,Books & Literature
best travel books page books about spain and its food,Books & Literature
what are your favorite books about travel and food good questions,Books & Literature
travel book make the most of your time on earth rough guides,Books & Literature
travel book marie potter the campervan of doom brian burke,Books & Literature
publishers of travel books,Books & Literature
recommended culture best travel books page a philosophy of walking,Books & Literature
