about copyright,Illegal - Copyright Infringement
about copyright affects business,Illegal - Copyright Infringement
about copyright co uk,Illegal - Copyright Infringement
About copyright law m,Illegal - Copyright Infringement
about copyright policy,Illegal - Copyright Infringement
about copyright shtml,Illegal - Copyright Infringement
about definition copyright legislation,Illegal - Copyright Infringement
about happens someone breaks copyright law,Illegal - Copyright Infringement
about me privacy policy disclaimer copyrights,Illegal - Copyright Infringement
about music cd copyright law,Illegal - Copyright Infringement
about music download copyright laws,Illegal - Copyright Infringement
about photography permissions and copyright,Illegal - Copyright Infringement
akon sues former booking agent over non payment copyright infringement,Illegal - Copyright Infringement
alternatives copyright,Illegal - Copyright Infringement
apply for copyright in uk,Illegal - Copyright Infringement
Applying for a Copyright ,Illegal - Copyright Infringement
can copyright word,Illegal - Copyright Infringement
can developer copyright his app,Illegal - Copyright Infringement
can i copyright a phrase,Illegal - Copyright Infringement
can i copyright lyrics without music m,Illegal - Copyright Infringement
can i copyright my name,Illegal - Copyright Infringement
can you copyright a chord progression n,Illegal - Copyright Infringement
can you copyright a hashtag,Illegal - Copyright Infringement
can you copyright a name,Illegal - Copyright Infringement
can you copyright altered art,Illegal - Copyright Infringement
CAN YOU COPYRIGHT BOOK IDEAS,Illegal - Copyright Infringement
check a copyright,Illegal - Copyright Infringement
Check a Copyright Name m,Illegal - Copyright Infringement
check a uk copyright n,Illegal - Copyright Infringement
check essay for plagiarism,Illegal - Copyright Infringement
check essay for plagiarism online free uk n,Illegal - Copyright Infringement
check for plagiarism uk,Illegal - Copyright Infringement
Check My Paper for Plagiarism,Illegal - Copyright Infringement
Check Plagiarism Free Online,Illegal - Copyright Infringement
check the plagiarism,Illegal - Copyright Infringement
check your text for plagiarism for free,Illegal - Copyright Infringement
checking copyright n,Illegal - Copyright Infringement
checking for plagiarism,Illegal - Copyright Infringement
checking for plagiarism in personal statements,Illegal - Copyright Infringement
contact copyright,Illegal - Copyright Infringement
copyright a brand logo,Illegal - Copyright Infringement
copyright a logo and name,Illegal - Copyright Infringement
copyright a logo uk,Illegal - Copyright Infringement
copyright acces client copyright,Illegal - Copyright Infringement
copyright act in business,Illegal - Copyright Infringement
Copyright Administration,Illegal - Copyright Infringement
copyright advice free,Illegal - Copyright Infringement
Copyright Advisory Office Home m,Illegal - Copyright Infringement
Copyright affecting Document Production,Illegal - Copyright Infringement
Copyright Agreement form inderscience,Illegal - Copyright Infringement
copyright alert system piracy expendables,Illegal - Copyright Infringement
copyright alert system YouTube,Illegal - Copyright Infringement
copyright alliance new ceo keith kupferschmid,Illegal - Copyright Infringement
copyright and disclaimer clause,Illegal - Copyright Infringement
copyright and fine print,Illegal - Copyright Infringement
copyright and freedom of expression in europe,Illegal - Copyright Infringement
copyright and historical newspaper articles,Illegal - Copyright Infringement
copyright and information and professionals,Illegal - Copyright Infringement
copyright AND infringement,Illegal - Copyright Infringement
copyright and intellectual legislation may affect the production of business documents,Illegal - Copyright Infringement
copyright and licensing,Illegal - Copyright Infringement
Copyright and Mechanical Royalties,Illegal - Copyright Infringement
copyright and patent m,Illegal - Copyright Infringement
copyright and plagiarism guidelines for students,Illegal - Copyright Infringement
copyright and reprint information,Illegal - Copyright Infringement
copyright and rights the law,Illegal - Copyright Infringement
Copyright and the private copying exception,Illegal - Copyright Infringement
copyright and the web,Illegal - Copyright Infringement
copyright and use of images,Illegal - Copyright Infringement
Copyright Andre Espeut Be Together,Illegal - Copyright Infringement
copyright copyright uk customer private access,Illegal - Copyright Infringement
copyright Counsel,Illegal - Copyright Infringement
copyright courses uk,Illegal - Copyright Infringement
copyright cover,Illegal - Copyright Infringement
copyright crafts,Illegal - Copyright Infringement
copyright credit,Illegal - Copyright Infringement
copyright infringement and filming tattoos for production,Illegal - Copyright Infringement
copyright infringement cases uk news,Illegal - Copyright Infringement
copyright infringement claim how to guide,Illegal - Copyright Infringement
copyright infringement Cold Transport,Illegal - Copyright Infringement
copyright infringement Cutting Down Trees,Illegal - Copyright Infringement
Copyright Infringement Facebook Photos,Illegal - Copyright Infringement
copyright infringement frostwire,Illegal - Copyright Infringement
copyright infringement in photography,Illegal - Copyright Infringement
copyright infringement lawsuit filed against palm,Illegal - Copyright Infringement
copyright infringement notification dmca,Illegal - Copyright Infringement
copyright infringement Payment via Internet,Illegal - Copyright Infringement
Copyright Infringement Penalties UK,Illegal - Copyright Infringement
copyright infringement uk getty,Illegal - Copyright Infringement
copyright infringement used truck sales,Illegal - Copyright Infringement
copyright ingringement on recycled material,Illegal - Copyright Infringement
copyright office has granted dmca exemptions jailbreaking devices,Illegal - Copyright Infringement
copyright pros and cons,Illegal - Copyright Infringement
copyright protected dawn brancheau,Illegal - Copyright Infringement
copyright protection m,Illegal - Copyright Infringement
copyright protection VHS tapes,Illegal - Copyright Infringement
copyright protection why we need it,Illegal - Copyright Infringement
copyright pseudonyme m,Illegal - Copyright Infringement
copyright punishments in uk n,Illegal - Copyright Infringement
copyright quelltext darstellung n,Illegal - Copyright Infringement
copyright quotes,Illegal - Copyright Infringement
copyright raccourci mac,Illegal - Copyright Infringement
copyright recherche dpma,Illegal - Copyright Infringement
copyright register,Illegal - Copyright Infringement
copyright register in jamaica,Illegal - Copyright Infringement
copyright registration advantages disadvantages,Illegal - Copyright Infringement
copyright registration and filing,Illegal - Copyright Infringement
Copyright Registration of Poetry m,Illegal - Copyright Infringement
Copyright Registration Service Terms and Conditions m,Illegal - Copyright Infringement
copyright registration uk,Illegal - Copyright Infringement
copyright registreren nederland,Illegal - Copyright Infringement
copyright violation bluray player dmp75 n,Illegal - Copyright Infringement
Copyright violation examples n,Illegal - Copyright Infringement
copyright violation MESSAGE ON DVD n,Illegal - Copyright Infringement
court keeps candles lit on dispute over happy birthday copyright,Illegal - Copyright Infringement
dallas buyers club pirates pursued in copyright infringement suit,Illegal - Copyright Infringement
day accused of copyright infringement,Illegal - Copyright Infringement
example of plagiarism,Illegal - Copyright Infringement
Examples of Policies and Procedures on plagiarism and cheating for a training company,Illegal - Copyright Infringement
explain strategies to avoid plagiarism during study,Illegal - Copyright Infringement
famous cases of plagiarism in the arts,Illegal - Copyright Infringement
france mpc mpc france website fr home mpc copyright ngrb,Illegal - Copyright Infringement
google and viacom settle copyright infringement lawsuit over youtube,Illegal - Copyright Infringement
happy birthday song copyright case in interesting stage,Illegal - Copyright Infringement
happy birthday song public domain copyright,Illegal - Copyright Infringement
happy birthday to you copyright challenged,Illegal - Copyright Infringement
hat happen if i break the law of copyright n,Illegal - Copyright Infringement
hollywood reporter parent company settles with pmc in copyright suit,Illegal - Copyright Infringement
house judiciary committee copyright review hollywood,Illegal - Copyright Infringement
how do plagiarism programmes work,Illegal - Copyright Infringement
how do you avoid plagiarism m,Illegal - Copyright Infringement
how explain did not commit plagiarism,Illegal - Copyright Infringement
how plagiarism may occur,Illegal - Copyright Infringement
how to avoid plagiarism,Illegal - Copyright Infringement
how to avoid plagiarism and c,Illegal - Copyright Infringement
how to check an essay for plagiarism free,Illegal - Copyright Infringement
how to check for plagiarism,Illegal - Copyright Infringement
how to remove copy paste word plagiarism,Illegal - Copyright Infringement
intellectual property law bst copyright fair use unofficial walkthrough,Illegal - Copyright Infringement
intellectual property law cht does revised edition require new copyright date when,Illegal - Copyright Infringement
intellectual property law d received charter notice copyright infringement,Illegal - Copyright Infringement
intellectual property law fkus notes music used song equal copyright violation,Illegal - Copyright Infringement
intellectual property law gy illegal use copyright symbol without register,Illegal - Copyright Infringement
intellectual property law h copyright image company demands money,Illegal - Copyright Infringement
intellectual property law jssb want copyright acronym copyright,Illegal - Copyright Infringement
intellectual property law kb received notice copyright infringement fan site,Illegal - Copyright Infringement
intellectual property law kiz sued copyright infringement husband admits,Illegal - Copyright Infringement
intellectual property law lgm copyright facebook ascii art legal,Illegal - Copyright Infringement
intellectual property law qy copyright vitsoe universal shelving,Illegal - Copyright Infringement
intellectual property law rlq include drawings copyright video game characters,Illegal - Copyright Infringement
intellectual property law tpzw good afternoon company sent letters image copyright,Illegal - Copyright Infringement
intellectual property law vn awareness ribbon copyright photo,Illegal - Copyright Infringement
intellectual property law wabm copyright laws artist repurposing,Illegal - Copyright Infringement
intellectual property law wme go copyright series greeting cards,Illegal - Copyright Infringement
intellectual property law xf check product copyright,Illegal - Copyright Infringement
intellectual property law xqgh public school teacher copyright highly unique curriculum,Illegal - Copyright Infringement
intellectual property law xus name fictional character location copyright trademark,Illegal - Copyright Infringement
intellectual property law yeir received letter copyright infringement need,Illegal - Copyright Infringement
intellectual property law zdp find owns song copyright whether,Illegal - Copyright Infringement
jay z timbaland begin big pimpin copyright infrigement court case,Illegal - Copyright Infringement
marketing your music publicity can cover band sell cd their playing gigs without copyright issues,Illegal - Copyright Infringement
marketing your music publicity copyright performing arts sound recording,Illegal - Copyright Infringement
marketing your music publicity how do you copyright record label name,Illegal - Copyright Infringement
marketing your music publicity my song title book title copyright infringement,Illegal - Copyright Infringement
music licensing firm sues maker studios awesomenesstv and broadbandtv for copyright infringement,Illegal - Copyright Infringement
newbies where can i copyright my rap name,Illegal - Copyright Infringement
opyright infrigment sample,Illegal - Copyright Infringement
orgs take copyrights to work,Illegal - Copyright Infringement
orwell estate sends copyright takedown over number,Illegal - Copyright Infringement
patrick leahy reintroduces bill to give copyright parity to same sex spouses,Illegal - Copyright Infringement
recording techniques copyright laws karaoke,Illegal - Copyright Infringement
recording techniques where does copyright fit into your process,Illegal - Copyright Infringement
robin thicke calls paula album embarrassing reflects on blurred lines copyright verdict,Illegal - Copyright Infringement
sample internet copyright notice guidelines,Illegal - Copyright Infringement
seth macfarlanes ted copyright lawsuit dropped,Illegal - Copyright Infringement
singing and vocals back roots leadbelly take hammer copyright,Illegal - Copyright Infringement
singing and vocals copyright chord progression,Illegal - Copyright Infringement
singing and vocals how copyright instrumentals,Illegal - Copyright Infringement
singing and vocals how get proof copyright ownership,Illegal - Copyright Infringement
singing and vocals quick copyright question,Illegal - Copyright Infringement
song writing and composition anyone ever heard sending songs yourself copyright,Illegal - Copyright Infringement
song writing and composition unusual question about copyrights,Illegal - Copyright Infringement
trans pacific partnership hollywood mpaa copyright,Illegal - Copyright Infringement
UK Copyright Law 2014,Illegal - Copyright Infringement
UK Copyright Law fact sheet m,Illegal - Copyright Infringement
UK Copyright Law Penalties,Illegal - Copyright Infringement
uk copyright laws how pages can I photocopy lecture academic,Illegal - Copyright Infringement
UK Copyright Laws m,Illegal - Copyright Infringement
uk copyright lookup,Illegal - Copyright Infringement
UK copyright registration,Illegal - Copyright Infringement
uk copyright service,Illegal - Copyright Infringement
UK copyright service review n,Illegal - Copyright Infringement
victoria espinel resigns as white house copyright czar,Illegal - Copyright Infringement
vimeo starts scanning videos for copyright violations,Illegal - Copyright Infringement
way people break copyright,Illegal - Copyright Infringement
ways in which the copyright of the design might be breached,Illegal - Copyright Infringement
what happens if copyright is broken,Illegal - Copyright Infringement
What happens if people break the copyright regulations,Illegal - Copyright Infringement
what happens if you break the copyright law AS,Illegal - Copyright Infringement
what happens if you break the copyright law in the uk n,Illegal - Copyright Infringement
what happens if you go against the copyright and patents act n,Illegal - Copyright Infringement
what happens when the copyright law is brocken,Illegal - Copyright Infringement
what happens when u get 3 copyright infringments,Illegal - Copyright Infringement
what happens when you break copyright n,Illegal - Copyright Infringement
why cheat plagiarism in moocs,Illegal - Copyright Infringement
why does plagiarism occur,Illegal - Copyright Infringement
why has plagiarism become more important since the internet,Illegal - Copyright Infringement
why is plagiarism is an offence,Illegal - Copyright Infringement
youtube copyright crackdown hits multichannel network affiliates,Illegal - Copyright Infringement
youtube fair use copyright lawsuit equals three jukin,Illegal - Copyright Infringement
youtube super flagger program of users and groups not aimed at copyright infringement,Illegal - Copyright Infringement
algerian man arrested over murder of irish holiday maker,Illegal - Crime
asylum seeker charged with limerick hostel murder,Illegal - Crime
barry found guilty of galway murder,Illegal - Crime
breen murder trial hears of text message to third party,Illegal - Crime
british couple murder in tobago 2015,Illegal - Crime
british girls commit shocking murder,Illegal - Crime
british girls parents let men abuse her for money before her murder,Illegal - Crime
british labour party spokesman islamist killer was quite within his rights to murder lee rigby,Illegal - Crime
british mock murder trial case,Illegal - Crime
british mother found guilty of vile murder of her children in spain,Illegal - Crime
british murder fugitive arrested in spain,Illegal - Crime
brooklyn man arrested in double murder case,Illegal - Crime
brother arrested in sisters murder years ago,Illegal - Crime
brother charged murder freeman street grimsby story detail story,Illegal - Crime
brother faced murder trial killing mum story detail story,Illegal - Crime
brother faces murder charge story detail story,Illegal - Crime
brother murders brothwr in pakistan,Illegal - Crime
brotherhood of murder linea di sangue,Illegal - Crime
brutal murder of 14 year old uk,Illegal - Crime
brutal murder of a man in a parking lot,Illegal - Crime
brutal murder of nalgonda student in,Illegal - Crime
brutal murder of young canadian girl,Illegal - Crime
brutal murder redruth man cleared story detail story,Illegal - Crime
brutal murder ruined lives story detail story,Illegal - Crime
brutal murders caught on video,Illegal - Crime
burglary rates in ringmer,Illegal - Crime
burglary rates in Tiverton,Illegal - Crime
burglary rates slashed cent cheltenham thanks story detail story,Illegal - Crime
burglary reduction scunthorpe,Illegal - Crime
burglary reported gloucestershire am thursday story detail story,Illegal - Crime
burglary reporting exaggeration,Illegal - Crime
burglary ring busted after suspects came back for more,Illegal - Crime
burglary road motorcycling discussed seven story detail story,Illegal - Crime
burglary robbery figures overall crime derbyshire story detail story,Illegal - Crime
burglary rothersthorpe avenue northampton gym,Illegal - Crime
burglary row leads car clamping story detail story,Illegal - Crime
cavan man found guilty of amy farrell murder,Illegal - Crime
charged attempted murder following mountain ash,Illegal - Crime
charged attempted murder mass brawl swindon,Illegal - Crime
charged attempted murder probe burton,Illegal - Crime
charged camborne murder,Illegal - Crime
charged in kidnapping murder plot that left week old baby dead,Illegal - Crime
charged in murder of waterford man during attempted robbery,Illegal - Crime
charged murder arson house death northampton,Illegal - Crime
charged murder bodies barking,Illegal - Crime
charged murder body paul retallick langport,Illegal - Crime
charged murder death nicholas tame pyle,Illegal - Crime
charged murder discovery body case missing,Illegal - Crime
charged murder dorset man philip nicholson,Illegal - Crime
charged murder frank empson,Illegal - Crime
charged murder melanie dolby radford collision,Illegal - Crime
charged murder normanton stab victim,Illegal - Crime
charged murder silverdale man anthony hughes,Illegal - Crime
charged murder stab death,Illegal - Crime
charged murder yate man jason betts make court,Illegal - Crime
charged murder young couple upper norwood,Illegal - Crime
charged spiritual healer murder case,Illegal - Crime
charged with first degree murder in chicago heights shooting,Illegal - Crime
charged with murder dian fossey,Illegal - Crime
charged with murder in scotland,Illegal - Crime
chef loses appeal against conviction for friends murder,Illegal - Crime
conspiracy to murder trial told of alleged scam to inherit estate,Illegal - Crime
drug abuse risk n,Illegal - Crime
drug abuse screening test,Illegal - Crime
drug abuse solutions for country who,Illegal - Crime
drug abuse statistics houston,Illegal - Crime
drug abuse statistics in scotland,Illegal - Crime
drug addict admits theft burglary story detail story,Illegal - Crime
drug addict jailed burglary ends tragedy story detail story,Illegal - Crime
drug addict jailed using ladder burglary attempt story detail story,Illegal - Crime
drug addict swung knife policeman burglary story detail story,Illegal - Crime
drug dealing burglary criminality in Brierley Hill and Hawbush ush areas,Illegal - Crime
drug rehab lookout burglary story detail story,Illegal - Crime
drugs and alcohol alcohol abuse teens and alcohol what dont you know,Illegal - Crime
drugs and drug abuse,Illegal - Crime
Drugs and jewellery stolen in house burglary,Illegal - Crime
evidence continues in meg walsh murder trial,Illegal - Crime
guns found in taxi after murders,Illegal - Crime
how can you prevent drug abuse,Illegal - Crime
how common is drug and alcohol abuse,Illegal - Crime
how do i counsell a drug abuse,Illegal - Crime
how do i describe drug abuse,Illegal - Crime
how do you explain drug abuse,Illegal - Crime
how does drug abuse affect families friends,Illegal - Crime
how does drug abuse affect friendships,Illegal - Crime
how does drug abuse cause heart disease,Illegal - Crime
how does your brain repair itself after severe drug abuse,Illegal - Crime
How long before arrest is made after sexual assault,Illegal - Crime
How long can u get for aggravated street robbery,Illegal - Crime
how long can you go to prison for a bank robbery,Illegal - Crime
how long does sexual assault compensation take,Illegal - Crime
how long would someone get for robbery,Illegal - Crime
How many robberys take olace in the Eiffel tower,Illegal - Crime
how many were killed in festac robbery attack,Illegal - Crime
how many years do you get for burglary and sexual assault,Illegal - Crime
how secure is ibadan on robbery,Illegal - Crime
how sexual assault affects relationships,Illegal - Crime
how to calm down after robbery,Illegal - Crime
how to council female after house robbery trauma,Illegal - Crime
how to define sexual assault to an assaulter,Illegal - Crime
how to do a robbery in gta san andreas,Illegal - Crime
how to eradicate armed robbery effectively,Illegal - Crime
how to get away with bank robbery,Illegal - Crime
how to get off a sexual assault charge,Illegal - Crime
how to plan a bank robbery heist instruction manual,Illegal - Crime
how to plan a robbery uk,Illegal - Crime
how to prevent apartment robbery,Illegal - Crime
how to recover after seeing a house robbery,Illegal - Crime
How to reduce the risk of robbery at your shop,Illegal - Crime
how to respond to a sexual assault,Illegal - Crime
how to respond to an armed robbery,Illegal - Crime
hung jury discharged in mccabe murder trial,Illegal - Crime
husband back in court on howth murder charge,Illegal - Crime
jury being sworn in today for fermoy mans murder trial,Illegal - Crime
limerick men lose appeal against murder convictions,Illegal - Crime
linda mulhall to be sentenced for murder of mothers boyfriend,Illegal - Crime
man arrested following sexual assault lampeter story,Illegal - Crime
man arrested following string of sexual assaults in south london,Illegal - Crime
man arrested for sexual assaults in brixton hill,Illegal - Crime
man arrested hull graveyard sexual assault story,Illegal - Crime
man arrested over sexual assault of six year old girl in bergen,Illegal - Crime
man arrested sexual assault exeter taunton train story,Illegal - Crime
man arrested sexual assault near grimsby s story,Illegal - Crime
man arrested sexual assault nottingham alleyway story,Illegal - Crime
man bailed after sexual assault arrest in prudhoe,Illegal - Crime
man bailed alleged sexual assault hitchin osinsky story,Illegal - Crime
man bideford arested sexual assault exeter story,Illegal - Crime
man charged cemetery sexual assault robbery story,Illegal - Crime
man charged following stroud sexual assault story,Illegal - Crime
man charged over string of sexual assaults in south london,Illegal - Crime
man charged rape girls sexual assault sutton story,Illegal - Crime
man charged sexual assault following incident story,Illegal - Crime
man charged sexual assault romford s liberty story,Illegal - Crime
man charged sexual assault stortfordbound train story,Illegal - Crime
man charged sexual assaults whitstable story,Illegal - Crime
man charged with murder of aidan myers in dundalk,Illegal - Crime
man jailed for weapon dog murder,Illegal - Crime
murder accused claims victims girlfriend started fight,Illegal - Crime
murder accused was dropped off exgirlfriends estate,Illegal - Crime
murder suspect wanted by interpol,Illegal - Crime
ow long after robbery does it take police to release cctv,Illegal - Crime
pair go on trial accused of taxi drivers murder,Illegal - Crime
rutal murder near cheltenham twin town story detail story,Illegal - Crime
sexual assault stalking,Illegal - Crime
sexual assault support charity expands new story,Illegal - Crime
sexual assault support for children in london,Illegal - Crime
sexual assault suspect leaves behind key clue after fleeing from plaza area apartment,Illegal - Crime
sexual assault teenage boy crimewatch uk,Illegal - Crime
Sexual Assault touch bum n,Illegal - Crime
sexual assault tow path gloucester,Illegal - Crime
sexual assault transgenders and the bathroom issue,Illegal - Crime
sexual assault victim grabs attackers gun shoots him twice in the face video,Illegal - Crime
sexual assault victim s relief abuser locked story,Illegal - Crime
sexual assault victim tells her story in new video series for abuse survivors,Illegal - Crime
sexual assault victim used martial arts fight story,Illegal - Crime
sexual assault victims groups warn against safe campus act,Illegal - Crime
sexual assault victims urged seek help story,Illegal - Crime
sexual assaults in 2014,Illegal - Crime
sexual assaults in glasgow october 2015,Illegal - Crime
sexual assaults in South london,Illegal - Crime
sexual assaults in swindon this year,Illegal - Crime
sexual assaults on boys,Illegal - Crime
sexual assaults south london daily mail,Illegal - Crime
sexual assaults women children story,Illegal - Crime
shannon woman faces trial for attempted murder over fire deaths,Illegal - Crime
six arrested in connection with murder of james cronin,Illegal - Crime
tipperary man once questioned for murder falls to death in germany,Illegal - Crime
trio accused of burglary,Illegal - Crime
trio face trial after denying burglary,Illegal - Crime
turkish man charged with murder of clonakilty woman,Illegal - Crime
two appear before carlisle court on burglary charge,Illegal - Crime
two arrested over oswestry cambrian railway burglary,Illegal - Crime
two charged with murder of teenager in limerick,Illegal - Crime
two held over murder of darren mckeown in drogheda,Illegal - Crime
two men jailed after house burglary a cf d cbdaf ds,Illegal - Crime
two men jailed for attempted burglary,Illegal - Crime
two men up in court after burglary in flintshire aspx,Illegal - Crime
two nigerians jailed for life in qatar for burglary and attempted murder,Illegal - Crime
tyrone man faces trial on coalisland burglary charges,Illegal - Crime
uk academic speaks for first time after brutal burglary,Illegal - Crime
uk arsenal david ospina car stolen burglary london football,Illegal - Crime
uk burglary attack second man charged,Illegal - Crime
uk burglary suspect climbs tree in charlton,Illegal - Crime
uk burglary uk crime victims valuables police investigation,Illegal - Crime
uk burglary victim reunited with watch,Illegal - Crime
uk burglary victims may not get visit from police says npcc chief,Illegal - Crime
uk crime hatton garden jewellery burglary chances of recovering items nearly impossible says expert,Illegal - Crime
uk criminal burglary john hogan,Illegal - Crime
west yorkshire police burglary,Illegal - Crime
what are the causes of drugs and alcohol abuse,Illegal - Crime
what are the disadvantage of drug abuse during pregnancy,Illegal - Crime
what are the effects of drug and alcohol abuse in workplace,Illegal - Crime
what are we doing to stop drug abuse,Illegal - Crime
what causes teen drug and alcohol abuse in uk,Illegal - Crime
what comes first schzoprenia or drug abuse,Illegal - Crime
what does burglary dwelling mean,Illegal - Crime
What does it mean when you dream about someone being burglary,Illegal - Crime
what happens after burglary,Illegal - Crime
what is a drug abuse,Illegal - Crime
what is a non dwelling burglary,Illegal - Crime
what is aggravated burglary,Illegal - Crime
what is drug abuse definition,Illegal - Crime
what is drug abuse explain,Illegal - Crime
what is drug abuse misuse and dependence,Illegal - Crime
what is drug and substance abuse,Illegal - Crime
what is the achievement of impact on drug and alcohol abuse,Illegal - Crime
what is the difference between robbery and burglary,Illegal - Crime
what is the meaning of drug abuse,Illegal - Crime
what is the social cultural and historical background of drug abuse in the uk,Illegal - Crime
what proof do police need to arrest someone for burglary,Illegal - Crime
what sentence have hanley crown court give people for aggravated burglary,Illegal - Crime
woman s left shaken burglary story,Illegal - Crime
woman s unforgivable sneak burglary home story,Illegal - Crime
woman sentenced burglary,Illegal - Crime
woman shoots burglary suspect in garage,Illegal - Crime
woman sprayed face burglary gloucester story,Illegal - Crime
woman threatened knife ongar burglary story,Illegal - Crime
woman tied burglary godalming home story,Illegal - Crime
womans cat helps foil burglary,Illegal - Crime
a warning popped up about viewing illegal content. is this real,Illegal - Illegal Content
about basics how to keep your account secure phishing,Illegal - Illegal Content
account review paypal phishing,Illegal - Illegal Content
alert compromised user phishing,Illegal - Illegal Content
alerte phishing edf,Illegal - Illegal Content
alertes phishing,Illegal - Illegal Content
all about phishing for kids,Illegal - Illegal Content
all wapka phishing codes,Illegal - Illegal Content
android apps nophish app phishing vorbeugen,Illegal - Illegal Content
apple hackers launch apple id phishing campaign playing on icloud security worries,Illegal - Illegal Content
apple id phishing e mails verstaerkt gesichtet,Illegal - Illegal Content
apple phishing scam macs attacked by malware hackers,Illegal - Illegal Content
apple websites compromised apple id phishing emails attempt steal credit card details,Illegal - Illegal Content
archive gmail iran phishing,Illegal - Illegal Content
archive netflix phishing scam,Illegal - Illegal Content
article spending t c s robert shiller book phishing free markets,Illegal - Illegal Content
artikel kobik warnt vor ubs phishing mails,Illegal - Illegal Content
artikel whale phishing behalten sie ihren ceo im auge,Illegal - Illegal Content
ask answers phishing scam,Illegal - Illegal Content
ask question f could email i received blackberry limited legitimate phishing scam,Illegal - Illegal Content
ask question phishing popups,Illegal - Illegal Content
bank of america corp news bank of america patent application titled automated phishing email training published online us,Illegal - Illegal Content
bank security is so bad that a simple phishing scam can cost million,Illegal - Illegal Content
bericht iphone anfaellig fuer phishing angriffe per sms,Illegal - Illegal Content
best way to block phishing emails,Illegal - Illegal Content
beware halifax classic phishing mail doing rounds,Illegal - Illegal Content
beware paypal phishing scam story detail story,Illegal - Illegal Content
beware phishing email scam asks update apple id billing information,Illegal - Illegal Content
beware phishing emails target apple users,Illegal - Illegal Content
bigpond email phishing,Illegal - Illegal Content
blogs how paypal is perpetuating the phishing problem,Illegal - Illegal Content
blogs phishing emails how i nearly got caught out,Illegal - Illegal Content
blogs the worlds worst phishing attack,Illegal - Illegal Content
can you spot phishing website,Illegal - Illegal Content
cities bangalore bangalore businessman cheated of rs lakh by nigerian phishing racket,Illegal - Illegal Content
does facebook make you a target for phishing ,Illegal - Illegal Content
download gmail phishing page,Illegal - Illegal Content
e mail spam vorsicht dhl spam phishing,Illegal - Illegal Content
e-mails duo phishing,Illegal - Illegal Content
ebay javascript cross scripting phishing hacker,Illegal - Illegal Content
email phishing how to avoid being scammed,Illegal - Illegal Content
email phishing quiz intel security test mcafee actualite,Illegal - Illegal Content
email phishing scams still fooling postal service workers,Illegal - Illegal Content
email rz accidentally marked husband s email phishing scam,Illegal - Illegal Content
emilio herrera chicago fbi raid fappening suspect celebrity nude naked photos leaked phishing icloud suspect name leaker hacker,Illegal - Illegal Content
examples of real phishing emails,Illegal - Illegal Content
facebook spam support e mails malware phishing attacken,Illegal - Illegal Content
fake eff domain spear phishing,Illegal - Illegal Content
gone phishing why ebay emails can be hard to trust,Illegal - Illegal Content
google circle phishing n,Illegal - Illegal Content
google docs phishing,Illegal - Illegal Content
google play phishing,Illegal - Illegal Content
google play phishing mail,Illegal - Illegal Content
google play phishing will 99 99 euro,Illegal - Illegal Content
google s new password alert chrome extension keeps you safe from phishing scams,Illegal - Illegal Content
growing issues with phishing scams information technology essay,Illegal - Illegal Content
hack facebook account password phishing,Illegal - Illegal Content
hack facebook menggunakan phishing,Illegal - Illegal Content
hack facebook password using phishing,Illegal - Illegal Content
hack using phishing,Illegal - Illegal Content
hacker whale phishing jagd fuehrungskraeften,Illegal - Illegal Content
hackers email scams phishing,Illegal - Illegal Content
hackers increasingly target shared web hosting servers for use in mass phishing attacks,Illegal - Illegal Content
hackers viruses phishing why all smartphone tablet users need know about mobile security,Illegal - Illegal Content
hacking phishing,Illegal - Illegal Content
hacking using wapka phishing getting the login details on forum,Illegal - Illegal Content
hameconnage ou phishing,Illegal - Illegal Content
headlines costco customers targeted in phishing scam,Illegal - Illegal Content
heftige spam welle mit phishing mails,Illegal - Illegal Content
help me phishing web page help needed,Illegal - Illegal Content
helproom facebook phishing or it,Illegal - Illegal Content
helproom new phishing scam,Illegal - Illegal Content
home salesforcecom admits phishing hit,Illegal - Illegal Content
hotel website booking com targeted by phishing scammers,Illegal - Illegal Content
hotmail hacking due to phishing,Illegal - Illegal Content
hotmail password thefts blamed on phishing,Illegal - Illegal Content
hotmail phishing scam,Illegal - Illegal Content
how do i stop phishing emails,Illegal - Illegal Content
How does Phishing occur,Illegal - Illegal Content
How good is Norton 365 at protecting from phishing,Illegal - Illegal Content
how report phishing paypal,Illegal - Illegal Content
how to avoid being scammed by phishing schemes,Illegal - Illegal Content
how to avoid job phishing scams,Illegal - Illegal Content
how to carry out a email phishing attack,Illegal - Illegal Content
how to create a fake phishing page,Illegal - Illegal Content
How to find malware or phishing on PC,Illegal - Illegal Content
how to hack facebook account using phishing method,Illegal - Illegal Content
how to hack facebook using phishing,Illegal - Illegal Content
how to hack facebook with phishing page,Illegal - Illegal Content
how to identify fake icloud prompts from phishing attacks in mail app,Illegal - Illegal Content
how to launch a phishing attack,Illegal - Illegal Content
how to limit damage from phishing scams,Illegal - Illegal Content
how to make a phishing page undetected by website servers,Illegal - Illegal Content
how to make a phishing website,Illegal - Illegal Content
how to make phishing google acount page,Illegal - Illegal Content
how to make phishing mail,Illegal - Illegal Content
how to make phishing pages for,Illegal - Illegal Content
how to prevent detect phishing scam,Illegal - Illegal Content
how to recgonise phishing,Illegal - Illegal Content
how to reduce spam and phishing,Illegal - Illegal Content
How to Report Phishing Emails to Microsoft,Illegal - Illegal Content
how to report phishing to bt,Illegal - Illegal Content
how to stop phishing email on android,Illegal - Illegal Content
how to stop phishing emails on my samsung phone,Illegal - Illegal Content
hsbc phishing emails,Illegal - Illegal Content
icloud phishing,Illegal - Illegal Content
icloud phishing attack,Illegal - Illegal Content
ICS card phishing,Illegal - Illegal Content
id anti virus spam phishing windows,Illegal - Illegal Content
id mail etrange paypal phishing resolu,Illegal - Illegal Content
id phishing message bizarre,Illegal - Illegal Content
id phishing probable mails facturation indesirable,Illegal - Illegal Content
id resolu phishing nettoyage,Illegal - Illegal Content
id spam phishing,Illegal - Illegal Content
ie internet explorer smartscreen phishing malware actualite,Illegal - Illegal Content
ikea phishing,Illegal - Illegal Content
Ikea phishing emails,Illegal - Illegal Content
ikea phishing scam,Illegal - Illegal Content
ikea rechnung phishing malware trojaner warnung,Illegal - Illegal Content
Imac and phishing,Illegal - Illegal Content
internet a scary number of you are still falling for phishing scams says google,Illegal - Illegal Content
internet phishing just got personal avoiding the social media trap,Illegal - Illegal Content
internet policies protocols security measures successfully reducing online spam and phishing,Illegal - Illegal Content
internet web hackers using advanced phishing attack to steal google passwords,Illegal - Illegal Content
internet web one third of phishing attacks target money,Illegal - Illegal Content
investigating the phishing in banking sectors information technology essay,Illegal - Illegal Content
ios sicherheitsluecke mail app inject kit spam phishing iphone ipad,Illegal - Illegal Content
iphone phishing icloud ipad gestohlen diebe,Illegal - Illegal Content
it pro security it phishing your employees to improve security dya,Illegal - Illegal Content
itunes phishing,Illegal - Illegal Content
itunes phishing emails,Illegal - Illegal Content
itunes phishing receipt,Illegal - Illegal Content
joomla sites hacked to do phishing the solution,Illegal - Illegal Content
jp morgan phishing,Illegal - Illegal Content
kaspersky phishing software,Illegal - Illegal Content
Latest Apple ID Phishing Scam is not Simply a Junk Mail,Illegal - Illegal Content
latest email phishing scam september 2015,Illegal - Illegal Content
latest facebook phishing page and,Illegal - Illegal Content
latest phishing and new design,Illegal - Illegal Content
latest phishing scam text from bank telling you to reactivate your debit card,Illegal - Illegal Content
Latest Phishing Scams 2015,Illegal - Illegal Content
legal more resources phishing,Illegal - Illegal Content
mac software apple id phishing scam warning,Illegal - Illegal Content
mac software new phishing scheme offers loyal apple store fans,Illegal - Illegal Content
mail de phishing,Illegal - Illegal Content
masque attack ios sicherheitsluecke malware virus phishing,Illegal - Illegal Content
microsoft phishing filter blocks legitimate aussie sites,Illegal - Illegal Content
money phishing scams beware of bogus tax refunds,Illegal - Illegal Content
nach angeblichem icloud hack phishing mail welle,Illegal - Illegal Content
net phishing gang jailed for million banking con,Illegal - Illegal Content
network security application control antivirus phishing,Illegal - Illegal Content
news mcafee security report phishing attacks up ransomware soars adobe flash targeted,Illegal - Illegal Content
news microsoft phishing protection blocks billion spam messages per day,Illegal - Illegal Content
nina tassler defends criminal minds against criticisms of excessive violence,Illegal - Illegal Content
norton blockiert facebook als phishing seite,Illegal - Illegal Content
online air ticket scams,Illegal - Illegal Content
online banking frauds and scams,Illegal - Illegal Content
online banking scams,Illegal - Illegal Content
online bathroom scam,Illegal - Illegal Content
online bingo is scam,Illegal - Illegal Content
online bribery scams,Illegal - Illegal Content
online cash source scam,Illegal - Illegal Content
online dating format scam at us,Illegal - Illegal Content
online dating scam,Illegal - Illegal Content
online dating scams christian mingle,Illegal - Illegal Content
online dating scams fraud,Illegal - Illegal Content
online dating scams pictures,Illegal - Illegal Content
online fraud and the financial phishing scams brand abuse,Illegal - Illegal Content
online gambling site scams,Illegal - Illegal Content
online homework scams,Illegal - Illegal Content
online interview scams,Illegal - Illegal Content
online jobs no scam survey hat pay cash,Illegal - Illegal Content
online jobs that are not scams,Illegal - Illegal Content
online money making scams real,Illegal - Illegal Content
online money scam by vidhaze com,Illegal - Illegal Content
online rage after shrimp scam in qingdao restaurant,Illegal - Illegal Content
Online scam involving Gumtree,Illegal - Illegal Content
online scam popups with google chrome n,Illegal - Illegal Content
online scam warning tamworth shoppers ahead black story detail story,Illegal - Illegal Content
online scams target direct to bill mobile services,Illegal - Illegal Content
online sex scam,Illegal - Illegal Content
online steriods real or scam,Illegal - Illegal Content
online survey scams,Illegal - Illegal Content
online survey sites scam free for students,Illegal - Illegal Content
online tech guys scam,Illegal - Illegal Content
online trading academy scam,Illegal - Illegal Content
online uk dating money scams,Illegal - Illegal Content
online vehicle fraud scams,Illegal - Illegal Content
online weed dealer scam,Illegal - Illegal Content
pair running apple themed phishing scams conducted other criminal acts index,Illegal - Illegal Content
paypal sicherung phishing warnung website,Illegal - Illegal Content
phishing,Illegal - Illegal Content
phishing aktuelle e mail attacken auf postbank paypal,Illegal - Illegal Content
phishing and flash flaw bagged rsa,Illegal - Illegal Content
phishing and pharming,Illegal - Illegal Content
phishing and pharming what is happening information technology essay,Illegal - Illegal Content
phishing attacks,Illegal - Illegal Content
phishing connexion hameconnage actualite,Illegal - Illegal Content
phishing credit card,Illegal - Illegal Content
phishing easy way hackers victimize users cyberattacks index,Illegal - Illegal Content
phishing exploit in ie firefox safari and others,Illegal - Illegal Content
phishing per joomla websites,Illegal - Illegal Content
phishing public wifi connections plagued china major cities,Illegal - Illegal Content
phishing reports prevention,Illegal - Illegal Content
phishing script,Illegal - Illegal Content
phishing script for wapka,Illegal - Illegal Content
phishing site t style,Illegal - Illegal Content
phishing with wapka 2015,Illegal - Illegal Content
phishme continues to dominate phishing threat management and intelligence market with malcovery ac,Illegal - Illegal Content
pop up on adult website from wolverhampton police saying looking at illegal content,Illegal - Illegal Content
rap and hip hop music should be banned do to its strong sexual and violent content,Illegal - Illegal Content
recovery message scam phishing warning,Illegal - Illegal Content
security apple id phishing scam warning,Illegal - Illegal Content
security artikel facebook phishing leicht gemacht,Illegal - Illegal Content
security artikel phishing versuch im kanton freiburg,Illegal - Illegal Content
security phishing websites look more legit with ssl certs from major companies,Illegal - Illegal Content
security sony warns of phishing attacks after latest hack,Illegal - Illegal Content
servers paypal launches anti phishing security device,Illegal - Illegal Content
servers uk phishing attacks on the rise,Illegal - Illegal Content
sherdog rules about violent content re home invasion video,Illegal - Illegal Content
social engineering attacks detection and prevention phishing information technology essay,Illegal - Illegal Content
studies of computer games also provides evidence that computer games with violent content affect both the cognition and behaviour,Illegal - Illegal Content
things tips for spotting a phishing email,Illegal - Illegal Content
watch out spear phishing,Illegal - Illegal Content
what do I do if i opened a phishing email,Illegal - Illegal Content
what does phishing mean,Illegal - Illegal Content
What if I get a letter charging illegal use of copyrighted content,Illegal - Illegal Content
what is a phishing email,Illegal - Illegal Content
What is a phishing on your computer,Illegal - Illegal Content
what is meant by phishing,Illegal - Illegal Content
what is phishing,Illegal - Illegal Content
what is phishing for kids,Illegal - Illegal Content
what is phishing in computer terms,Illegal - Illegal Content
what is phishing introduction to,Illegal - Illegal Content
what is phishing know basics,Illegal - Illegal Content
youtube criticized for profiting from illegal content,Illegal - Illegal Content
are fly agaris magic mushrooms,Illegal - Illegal Drugs
are magic mushrooms dangerous,Illegal - Illegal Drugs
are pro plus ok ok to take with magic mushrooms,Illegal - Illegal Drugs
are there any neurological benefits from magic mushrooms n,Illegal - Illegal Drugs
benefits of magic mushrooms,Illegal - Illegal Drugs
best place to pick magic mushrooms in liverpool,Illegal - Illegal Drugs
best time to pick magic mushrooms in the uk -magic,Illegal - Illegal Drugs
best way to take magic mushrooms,Illegal - Illegal Drugs
bookmark police marietta man was growing magic mushrooms,Illegal - Illegal Drugs
bournemouth magic mushrooms,Illegal - Illegal Drugs
Brian lumley magic mushrooms,Illegal - Illegal Drugs
british magic mushrooms,Illegal - Illegal Drugs
can magic mushrooms connect you to the spirit world,Illegal - Illegal Drugs
can magic mushrooms grow in your yard,Illegal - Illegal Drugs
can magic mushrooms kill you,Illegal - Illegal Drugs
can magic mushrooms make you piss blood,Illegal - Illegal Drugs
can you die from magic mushrooms,Illegal - Illegal Drugs
can you eat magic mushrooms raw,Illegal - Illegal Drugs
caught picking magic mushrooms,Illegal - Illegal Drugs
do magic mushrooms grow under trees or in fields,Illegal - Illegal Drugs
do magic mushrooms grow wild in scotland if so can they be cultivated at home,Illegal - Illegal Drugs
do sheep eat magic mushrooms,Illegal - Illegal Drugs
do sheep eat magic mushrooms if so do they trip,Illegal - Illegal Drugs
Does psosilin live magic mushrooms,Illegal - Illegal Drugs
dogs eating magic mushrooms,Illegal - Illegal Drugs
drug dad magic mushrooms story detail story,Illegal - Illegal Drugs
drying magic mushrooms,Illegal - Illegal Drugs
Eating Magic Mushrooms,Illegal - Illegal Drugs
heroin abuse and opioids,Illegal - Illegal Drugs
heroin abuse pictures,Illegal - Illegal Drugs
heroin addict admits breaking exeter student s story,Illegal - Illegal Drugs
heroin addict admits burglary story,Illegal - Illegal Drugs
heroin addict applauded public meeting story,Illegal - Illegal Drugs
heroin addict assaulted shop worker story,Illegal - Illegal Drugs
heroin addict begs croydon council pull rehabilitation course story,Illegal - Illegal Drugs
heroin addict boyfriend no emotions,Illegal - Illegal Drugs
heroin addict burglar sent prison years story,Illegal - Illegal Drugs
heroin addict burgled flat jailed probation story,Illegal - Illegal Drugs
heroin addict burgled string plymouth businesses story,Illegal - Illegal Drugs
heroin addict can i still grt mu girlfriend pregnant,Illegal - Illegal Drugs
heroin addict caught cutting break near story,Illegal - Illegal Drugs
heroin addict caught drugs home story,Illegal - Illegal Drugs
heroin addict caught red handed dealing drugs story,Illegal - Illegal Drugs
heroin addict celebrities,Illegal - Illegal Drugs
heroin addict convicted theft story,Illegal - Illegal Drugs
heroin addict david fisher cambridge jailed story,Illegal - Illegal Drugs
heroin addict dead housemate story,Illegal - Illegal Drugs
heroin addict dealer avoids going jail story,Illegal - Illegal Drugs
heroin addict deaths conscience buying drugs story,Illegal - Illegal Drugs
heroin addict died overdose months leaving story,Illegal - Illegal Drugs
heroin addict fails appear court charged stealing story,Illegal - Illegal Drugs
HEROIN ADDICT FAKES DEATH BEFORE LOSING HIS LIFE,Illegal - Illegal Drugs
heroin addict found dead in there bath berkshire,Illegal - Illegal Drugs
heroin addict from orange is the new black,Illegal - Illegal Drugs
heroin addict fucks for money,Illegal - Illegal Drugs
heroin addict glyn jones coventry,Illegal - Illegal Drugs
heroin addict handed leicester tsb cashier note story,Illegal - Illegal Drugs
heroin addict jailed years story,Illegal - Illegal Drugs
heroin addict jailed years supplying drug friends story,Illegal - Illegal Drugs
heroin addict jason vickers birthday night ends story,Illegal - Illegal Drugs
heroin addict knifeman jailed for seven robberies in days,Illegal - Illegal Drugs
heroin addict lisa ryan caught fiddle stealing story,Illegal - Illegal Drugs
heroin addict lived benefits week harassed story,Illegal - Illegal Drugs
heroin addict locked shoplifting suspended story,Illegal - Illegal Drugs
heroin addict locked street robbery story,Illegal - Illegal Drugs
heroin addict mum jailed story,Illegal - Illegal Drugs
heroin addict paul colley burgled gran s house story,Illegal - Illegal Drugs
heroin addict paul willmore stole meat bideford story,Illegal - Illegal Drugs
heroin addict pleads guilty stealing order shops story,Illegal - Illegal Drugs
heroin addict punched citreon xsara told needed story,Illegal - Illegal Drugs
heroin addict punched door hinges bideford home story,Illegal - Illegal Drugs
heroin addict roars cells threatens punch story,Illegal - Illegal Drugs
heroin addict stole oap s pension cash story,Illegal - Illegal Drugs
heroin addict stole tamworth charity shop jailed story,Illegal - Illegal Drugs
heroin addict stole vehicle caravan feed habit story,Illegal - Illegal Drugs
heroin addict takes lastt breath before dying,Illegal - Illegal Drugs
heroin addict teenager sent jail robbery story,Illegal - Illegal Drugs
heroin addict tells court body story,Illegal - Illegal Drugs
heroin addict thought rich pickings bed newcastle story,Illegal - Illegal Drugs
heroin addict threatened poundworld store manager story,Illegal - Illegal Drugs
heroin addict threatened woman aids syringe story,Illegal - Illegal Drugs
heroin addict thrown drug den flat story,Illegal - Illegal Drugs
heroin addict took fatal dose story,Illegal - Illegal Drugs
Heroin Addicted Babies Long Term Effects,Illegal - Illegal Drugs
heroin addicted handbag thief avoids jail term story,Illegal - Illegal Drugs
heroin addicted mother josie dawson jailed story,Illegal - Illegal Drugs
heroin addicted spared jail falkirk herald,Illegal - Illegal Drugs
heroin addiction,Illegal - Illegal Drugs
heroin addiction dangers,Illegal - Illegal Drugs
heroin addicts what is the signs,Illegal - Illegal Drugs
heroin and cocaine salt and pepper shakers x david shrigley,Illegal - Illegal Drugs
heroin and crack dealer jailed in bradford west yorkshire,Illegal - Illegal Drugs
heroin and crack ilford september 2015,Illegal - Illegal Drugs
heroin and dihydrocodeine,Illegal - Illegal Drugs
heroin and drug tests n,Illegal - Illegal Drugs
heroin and its effects,Illegal - Illegal Drugs
heroin and methadone,Illegal - Illegal Drugs
heroin and opiates,Illegal - Illegal Drugs
heroin and periods,Illegal - Illegal Drugs
heroin and teeth,Illegal - Illegal Drugs
heroin and teeth problems,Illegal - Illegal Drugs
heroin and the unborn child,Illegal - Illegal Drugs
Heroin another name,Illegal - Illegal Drugs
heroin anti drug slogans,Illegal - Illegal Drugs
heroin antidote now accessible to pa residents,Illegal - Illegal Drugs
heroin anxiety,Illegal - Illegal Drugs
heroin arrests,Illegal - Illegal Drugs
heroin cocain,Illegal - Illegal Drugs
heroin cocaine cash seized yeovil home story,Illegal - Illegal Drugs
heroin cocaine cash swansea home dealer story,Illegal - Illegal Drugs
heroin cocaine dealer caught bristol street cash story,Illegal - Illegal Drugs
heroin cocaine dealer sentenced years story,Illegal - Illegal Drugs
heroin cocaine dealers jailed story,Illegal - Illegal Drugs
heroin cocaine large cash tuffley home story,Illegal - Illegal Drugs
heroin cocaine police raid st austell story,Illegal - Illegal Drugs
heroin cocaine raid story,Illegal - Illegal Drugs
heroin comes from which plant,Illegal - Illegal Drugs
Heroin cost uk,Illegal - Illegal Drugs
heroin crack cocaine dealers london nabbed police story,Illegal - Illegal Drugs
heroin crack cocaine dealers stortford trapped story,Illegal - Illegal Drugs
heroin crack cocaine discovered weston super mare story,Illegal - Illegal Drugs
heroin crack dealer guilty weapon blackmail drugs story,Illegal - Illegal Drugs
heroin crack dealers jailed,Illegal - Illegal Drugs
heroin crack recovered major drugs raids southend story,Illegal - Illegal Drugs
Heroin crack uk,Illegal - Illegal Drugs
heroin cut with b12,Illegal - Illegal Drugs
heroin cut with mannitol,Illegal - Illegal Drugs
heroin dad jailed police sting story,Illegal - Illegal Drugs
heroin damage on body,Illegal - Illegal Drugs
heroin dealer admits charge leicester crown court story,Illegal - Illegal Drugs
heroin dealer caughtredhanded story,Illegal - Illegal Drugs
heroin dealer denies k assets crime story,Illegal - Illegal Drugs
heroin dealer facing prison term story,Illegal - Illegal Drugs
heroin dealer jailed caught police sting operation story,Illegal - Illegal Drugs
heroin dealer jailed raid exeter pub story,Illegal - Illegal Drugs
heroin dealer jailed selling exeter play area story,Illegal - Illegal Drugs
heroin dealer kwame gyanfi waddon road croydon story,Illegal - Illegal Drugs
heroin dealer mum is jailed,Illegal - Illegal Drugs
heroin dealer singh birmingham,Illegal - Illegal Drugs
heroin dealer spared jail judge mystified role story,Illegal - Illegal Drugs
heroin dealer spared jail trying kick habit story,Illegal - Illegal Drugs
heroin dealers caught police undercover operation story,Illegal - Illegal Drugs
heroin dealers court story,Illegal - Illegal Drugs
heroin dealers earn jail terms totalling years story,Illegal - Illegal Drugs
heroin dealers intimidating stone drugs boss story,Illegal - Illegal Drugs
heroin dealers m profit seized after m drugs plot,Illegal - Illegal Drugs
heroin dealing claims story,Illegal - Illegal Drugs
heroin dealing cyclist making good progress story,Illegal - Illegal Drugs
heroin death accident story,Illegal - Illegal Drugs
heroin death accidental rules coroner story,Illegal - Illegal Drugs
heroin death chesterton,Illegal - Illegal Drugs
heroin death rate in britain 2015,Illegal - Illegal Drugs
heroin death rattle,Illegal - Illegal Drugs
heroin deaths by country,Illegal - Illegal Drugs
HEROIN IN HAND,Illegal - Illegal Drugs
heroin in ilford,Illegal - Illegal Drugs
heroin in song gunday no. 1,Illegal - Illegal Drugs
heroin in south west uk,Illegal - Illegal Drugs
heroin in tahiti death surf,Illegal - Illegal Drugs
heroin in the uk,Illegal - Illegal Drugs
heroin injecting,Illegal - Illegal Drugs
heroin injection marks,Illegal - Illegal Drugs
heroin injection missed swollen,Illegal - Illegal Drugs
heroin ip man,Illegal - Illegal Drugs
heroin peom glasgow,Illegal - Illegal Drugs
heroin pin,Illegal - Illegal Drugs
heroin pink slimes,Illegal - Illegal Drugs
heroin pocket leads conditional discharge story,Illegal - Illegal Drugs
heroin poem,Illegal - Illegal Drugs
heroin prices per kilo,Illegal - Illegal Drugs
heroin prices uk,Illegal - Illegal Drugs
heroin problem in hazleton gets national attention,Illegal - Illegal Drugs
heroin product,Illegal - Illegal Drugs
heroin pts,Illegal - Illegal Drugs
heroin purity tests,Illegal - Illegal Drugs
heroin rehab centre south england,Illegal - Illegal Drugs
heroin to methadone initiation dose,Illegal - Illegal Drugs
heroin to methadone taper off in 7days,Illegal - Illegal Drugs
heroin top u drug threat ferguson effect real,Illegal - Illegal Drugs
Heroin Traffic in Afghanistan,Illegal - Illegal Drugs
heroin traffick warning story,Illegal - Illegal Drugs
heroin trafficking trial of john wesley akin delayed,Illegal - Illegal Drugs
heroin tragedy devasated mother son dead bed story,Illegal - Illegal Drugs
heroin treatment,Illegal - Illegal Drugs
heroin treatment using subutex,Illegal - Illegal Drugs
heroin type of drug,Illegal - Illegal Drugs
how many magic mushrooms in a gram,Illegal - Illegal Drugs
how many magic mushrooms to get high,Illegal - Illegal Drugs
how many magic mushrooms to put in tea,Illegal - Illegal Drugs
how quickly do magic mushrooms grow,Illegal - Illegal Drugs
how should ground magic mushrooms look,Illegal - Illegal Drugs
how to cook your magic mushrooms n,Illegal - Illegal Drugs
how to find magic mushrooms,Illegal - Illegal Drugs
how to identify magic mushrooms in england,Illegal - Illegal Drugs
how to pick magic mushrooms uk,Illegal - Illegal Drugs
intellectual effects of magic mushrooms n,Illegal - Illegal Drugs
is it illegal to pick magic mushrooms,Illegal - Illegal Drugs
is it illegal to take magic mushrooms from amsterdam into the uk,Illegal - Illegal Drugs
is it legal to buy magic mushrooms online,Illegal - Illegal Drugs
magic mushrooms and lsd,Illegal - Illegal Drugs
magic mushrooms and lsd should be used to treat mental health problems says psychiatrist,Illegal - Illegal Drugs
magic mushrooms and the brain,Illegal - Illegal Drugs
magic mushrooms expand the mind by dampening brain activity,Illegal - Illegal Drugs
magic mushrooms felt like never come down,Illegal - Illegal Drugs
synthetic marijuana and heroin overdoses occurring regularly in lancaster county,Illegal - Illegal Drugs
synthetic marijuana cheap drug high cost,Illegal - Illegal Drugs
synthetic marijuana dangerous health,Illegal - Illegal Drugs
Synthetic marijuana plants,Illegal - Illegal Drugs
synthetic marijuana proves deadly,Illegal - Illegal Drugs
synthetic marijuana unusual side effects,Illegal - Illegal Drugs
what else smells like marijuana,Illegal - Illegal Drugs
what is heroin and cocaine,Illegal - Illegal Drugs
what is heroin drugs,Illegal - Illegal Drugs
What is heroin made out of,Illegal - Illegal Drugs
what is in heroin that makes me feel confident,Illegal - Illegal Drugs
what is stronger 30mg of Codeine or ten pound bag of street heroin,Illegal - Illegal Drugs
What is Synthetic Heroin called,Illegal - Illegal Drugs
what is the 4th day of heroin withdrawal like,Illegal - Illegal Drugs
what is the best marijuana smoking box,Illegal - Illegal Drugs
what is the best marijuana to smoke in amsterdam,Illegal - Illegal Drugs
what is the best part of marijuana plant,Illegal - Illegal Drugs
what is the chemical compound for the marijuana strain amnesia,Illegal - Illegal Drugs
what is the difference between cannabis and marijuana info,Illegal - Illegal Drugs
what is the difference between smack and heroin,Illegal - Illegal Drugs
WHAT IS THE EFFECT ON THE BODY IF YOU TAKE SPEED2c HEROIN AND DIAXSPAN AND CODEINE,Illegal - Illegal Drugs
where can I buy marijuana seeds from,Illegal - Illegal Drugs
where can i get big amount of marijuana uk,Illegal - Illegal Drugs
Where can I score where can I get marijuana in Mississippi USA,Illegal - Illegal Drugs
why is marijuana called 420,Illegal - Illegal Drugs
why is marijuana illegal examining the health aspects of cannabis,Illegal - Illegal Drugs
why is marijuana seen as deviant by howard s. becker,Illegal - Illegal Drugs
why legalization of marijuana in the u.s for recreational use,Illegal - Illegal Drugs
why marijuana stock is a good buy,Illegal - Illegal Drugs
why seeds in marijuana,Illegal - Illegal Drugs
why should marijuana be legalized uk n,Illegal - Illegal Drugs
a windows command processor popup step viruses spyware malware preliminary removal done,Illegal - Spyware/Malware
ada ware spyware remove tools free,Illegal - Spyware/Malware
adaware spywares,Illegal - Spyware/Malware
addware spyware information,Illegal - Spyware/Malware
adware and spyware book of secrets things you didnt know,Illegal - Spyware/Malware
adware and spyware removal tool,Illegal - Spyware/Malware
adware and spyware search destroy spybot,Illegal - Spyware/Malware
adware download free spyware,Illegal - Spyware/Malware
after many attempts to fix still suspicious spyware malware is lurking on xp machine,Illegal - Spyware/Malware
amd sneaking spyware,Illegal - Spyware/Malware
anti virus anti malware anti spyware,Illegal - Spyware/Malware
anti virus spyware programs scanning computer time,Illegal - Spyware/Malware
article spywares protection,Illegal - Spyware/Malware
at home security spyware software,Illegal - Spyware/Malware
avg anti spyware update problem,Illegal - Spyware/Malware
best free adware and spyware remover 2014,Illegal - Spyware/Malware
best free android spyware,Illegal - Spyware/Malware
BEST FREE ANTI SPYWARE,Illegal - Spyware/Malware
best free anti spyware 2015 n,Illegal - Spyware/Malware
best free anti spyware for android phones,Illegal - Spyware/Malware
best free anti spyware software,Illegal - Spyware/Malware
best free anti virus and anti spyware n,Illegal - Spyware/Malware
best free anti-spyware,Illegal - Spyware/Malware
best free anti-spyware download 2015 n,Illegal - Spyware/Malware
best free antivirus and spyware software AS,Illegal - Spyware/Malware
best free antivirus spyware SC,Illegal - Spyware/Malware
best free malware adware spyware removal 2015 AS,Illegal - Spyware/Malware
best free malware and spyware software,Illegal - Spyware/Malware
best free mobile spyware,Illegal - Spyware/Malware
best free program for spyware,Illegal - Spyware/Malware
Best free protection spyware n,Illegal - Spyware/Malware
best free spyware,Illegal - Spyware/Malware
best free spyware and malware download AS,Illegal - Spyware/Malware
best free spyware block windows 10 always on n,Illegal - Spyware/Malware
best free spyware for mac os x 10.5,Illegal - Spyware/Malware
best free spyware free mp4 to avi forum n,Illegal - Spyware/Malware
best free spyware malware protection 2015 AS,Illegal - Spyware/Malware
best free spyware malware removal,Illegal - Spyware/Malware
best malware antivirus spyware applications n,Illegal - Spyware/Malware
best malware spyware protection,Illegal - Spyware/Malware
best rated free anti spyware,Illegal - Spyware/Malware
best rated spyware removal software,Illegal - Spyware/Malware
best spyware,Illegal - Spyware/Malware
best spyware and antivirus,Illegal - Spyware/Malware
Best Spyware and Malware Removal,Illegal - Spyware/Malware
best spyware and malware removal software,Illegal - Spyware/Malware
best spyware and malware remover AS,Illegal - Spyware/Malware
Best Spyware and Malware Software,Illegal - Spyware/Malware
best spyware and malware verwijderen,Illegal - Spyware/Malware
best spyware android app direct download,Illegal - Spyware/Malware
best spyware AS,Illegal - Spyware/Malware
best spyware blocker 2015,Illegal - Spyware/Malware
Best spyware for a mobile,Illegal - Spyware/Malware
best spyware for computer,Illegal - Spyware/Malware
best spyware for pc,Illegal - Spyware/Malware
best spyware for samsung galaxy s5,Illegal - Spyware/Malware
best spyware for samsung s5 need to see if phone is tapped,Illegal - Spyware/Malware
best spyware malwares etc softwawres,Illegal - Spyware/Malware
best spyware protection,Illegal - Spyware/Malware
best spyware protection for pc,Illegal - Spyware/Malware
best spyware removal programs,Illegal - Spyware/Malware
best spyware removal software AS,Illegal - Spyware/Malware
best spyware removal tool,Illegal - Spyware/Malware
best spyware scanner,Illegal - Spyware/Malware
best spyware software,Illegal - Spyware/Malware
best spyware sofware for windows 10 2015 n,Illegal - Spyware/Malware
best virus spyware remover,Illegal - Spyware/Malware
best virus spyware software,Illegal - Spyware/Malware
best way to remove all tracking spyware from rooted galaxy iphone november 2015,Illegal - Spyware/Malware
blackberry bold f bb spyware,Illegal - Spyware/Malware
blackberry messenger spyware,Illegal - Spyware/Malware
blackberry os apps f spyware detector,Illegal - Spyware/Malware
blackberry playbook f playbook spyware adware viruses,Illegal - Spyware/Malware
blackberry spyware free download,Illegal - Spyware/Malware
blackberry z f anti spyware app,Illegal - Spyware/Malware
blackberry z f there spyware out there z,Illegal - Spyware/Malware
check for spyware,Illegal - Spyware/Malware
check spyware,Illegal - Spyware/Malware
chinese phones spyware,Illegal - Spyware/Malware
chrome firefox browser extensions spyware adware,Illegal - Spyware/Malware
delete spyware hijacked internet explorer,Illegal - Spyware/Malware
destroy free remover search spyware,Illegal - Spyware/Malware
detect and remove spyware from windows phone,Illegal - Spyware/Malware
detect nsa spyware,Illegal - Spyware/Malware
detect spyware infection,Illegal - Spyware/Malware
difference between spyware and adware,Illegal - Spyware/Malware
do android tablet needs antivirus and spyware or not,Illegal - Spyware/Malware
do computers need spyware and anti virus,Illegal - Spyware/Malware
doctor spyware cleaner,Illegal - Spyware/Malware
does firewall stop spyware,Illegal - Spyware/Malware
does ubuntu have viruses or spyware,Illegal - Spyware/Malware
errors after removing spyware software,Illegal - Spyware/Malware
finding installed spyware,Illegal - Spyware/Malware
followed the updated step viruses spyware malware removal preliminary instructions,Illegal - Spyware/Malware
found spyware how see who what where,Illegal - Spyware/Malware
free anti virus anti spyware malware adware anti,Illegal - Spyware/Malware
get internet popup ad spyware blockers cwshredder shtml,Illegal - Spyware/Malware
get popup rid spyware,Illegal - Spyware/Malware
get rid of spyware free,Illegal - Spyware/Malware
getting rid of system security spyware,Illegal - Spyware/Malware
ghostery internet spyware alert addon,Illegal - Spyware/Malware
giant spyware remover,Illegal - Spyware/Malware
girlfriend has used spyware to haunt me for 3 years,Illegal - Spyware/Malware
good free spyware,Illegal - Spyware/Malware
Good spyware software n,Illegal - Spyware/Malware
google chrome usage spyware,Illegal - Spyware/Malware
google is spyware,Illegal - Spyware/Malware
google stopbadware spyware badware actualite,Illegal - Spyware/Malware
help me spyware,Illegal - Spyware/Malware
help needed hklm software altnet spyware virus,Illegal - Spyware/Malware
help with spyware malware removal,Illegal - Spyware/Malware
how can an employer use spyware on your phone without access to it,Illegal - Spyware/Malware
how can i tell if someone installed spyware my iphone s,Illegal - Spyware/Malware
how can i tell if spyware keylogger has been put my iphone a,Illegal - Spyware/Malware
How can spyware be a threat to a users security,Illegal - Spyware/Malware
how can spyware spread,Illegal - Spyware/Malware
how did spyware get on my computer,Illegal - Spyware/Malware
how do i automatically update spyware and virus definitions in microsoft security essentials,Illegal - Spyware/Malware
how do i find spyware on windows phone,Illegal - Spyware/Malware
how do i get rid virus spyware my android,Illegal - Spyware/Malware
how do i stop spyware pop ups on my phone,Illegal - Spyware/Malware
how do l know if l have spyware or virus on my android tablet,Illegal - Spyware/Malware
how do you know if spyware is on your computer,Illegal - Spyware/Malware
how does spyware affect internet safety,Illegal - Spyware/Malware
how remove freeze spyware,Illegal - Spyware/Malware
how to block spyware,Illegal - Spyware/Malware
how to catch a cyber bully 2f spyware hacker uk,Illegal - Spyware/Malware
how to check my blackberry for spyware,Illegal - Spyware/Malware
how to check partners phone fitmr spyware,Illegal - Spyware/Malware
how to choose keylogger or spyware,Illegal - Spyware/Malware
how to delete lenovo spyware,Illegal - Spyware/Malware
how to detect spyware,Illegal - Spyware/Malware
how to detect spyware galaxy s5 n,Illegal - Spyware/Malware
how to fight malware spyware f,Illegal - Spyware/Malware
how to find out if ipad has spyware,Illegal - Spyware/Malware
how to generate latest 2015 spyware,Illegal - Spyware/Malware
how to get rid of spyware,Illegal - Spyware/Malware
How to get rid of spyware on galaxy s5,Illegal - Spyware/Malware
how to install spyware on android,Illegal - Spyware/Malware
how to install spyware on samsung note,Illegal - Spyware/Malware
How to Prevent Spyware,Illegal - Spyware/Malware
how to put spyware on ipad,Illegal - Spyware/Malware
How To Remove Spyware,Illegal - Spyware/Malware
how to remove spyware from laptop,Illegal - Spyware/Malware
how to remove virus and spyware,Illegal - Spyware/Malware
how to scan for spyware doctor,Illegal - Spyware/Malware
how to secretly install spyware on cell phone,Illegal - Spyware/Malware
how to security how remove spyware from pc or laptop,Illegal - Spyware/Malware
how to setup wireless light switching anti virus spyware,Illegal - Spyware/Malware
how to take spyware off your computer,Illegal - Spyware/Malware
how to turn off spyware,Illegal - Spyware/Malware
how to unblock samsung tablet from spyware,Illegal - Spyware/Malware
infostealer spyware adware virus removal pls help,Illegal - Spyware/Malware
is stopzilla a rogue anti spyware product,Illegal - Spyware/Malware
is this trojan or spyware,Illegal - Spyware/Malware
macbook pro pop security warning spyware adware call number,Illegal - Spyware/Malware
memory spyware,Illegal - Spyware/Malware
parents computer slowed by malware spyware,Illegal - Spyware/Malware
pyware And Adware,Illegal - Spyware/Malware
random spyware that i think ive managed to remove,Illegal - Spyware/Malware
scan spyware all in one,Illegal - Spyware/Malware
search for spyware,Illegal - Spyware/Malware
search google spyware,Illegal - Spyware/Malware
search netinfo spyware,Illegal - Spyware/Malware
search spyware,Illegal - Spyware/Malware
sec ads2 spyware,Illegal - Spyware/Malware
security atlas dmt spyware cookie,Illegal - Spyware/Malware
security coreexe spyware,Illegal - Spyware/Malware
security how do i keep spyware silverlight off my computer,Illegal - Spyware/Malware
security is directcpv popup ad spyware or adware,Illegal - Spyware/Malware
security relevant knowledge spyware,Illegal - Spyware/Malware
security spyware or what,Illegal - Spyware/Malware
security spyware stitracelog,Illegal - Spyware/Malware
spyware and adware removers,Illegal - Spyware/Malware
spyware and viruses on android,Illegal - Spyware/Malware
spyware and windows registry,Illegal - Spyware/Malware
spyware android kostenlos,Illegal - Spyware/Malware
spyware app for Microsoft phone,Illegal - Spyware/Malware
spyware app ipad,Illegal - Spyware/Malware
Spyware app n,Illegal - Spyware/Malware
spyware apps for android free,Illegal - Spyware/Malware
spyware bb 9800,Illegal - Spyware/Malware
spyware begone review,Illegal - Spyware/Malware
spyware black dot,Illegal - Spyware/Malware
spyware blaster,Illegal - Spyware/Malware
spyware blocker,Illegal - Spyware/Malware
spyware botnets,Illegal - Spyware/Malware
spyware boxore fs,Illegal - Spyware/Malware
spyware browser,Illegal - Spyware/Malware
spyware cant remove it all,Illegal - Spyware/Malware
spyware for android phones free south africa,Illegal - Spyware/Malware
spyware for blackberry phones,Illegal - Spyware/Malware
spyware for cheating partners,Illegal - Spyware/Malware
spyware for computer technicians,Illegal - Spyware/Malware
spyware for computers for free,Illegal - Spyware/Malware
spyware for the mac,Illegal - Spyware/Malware
spyware for windows 10,Illegal - Spyware/Malware
spyware free mac sub,Illegal - Spyware/Malware
spyware free sharing,Illegal - Spyware/Malware
spyware hidden proxy problem,Illegal - Spyware/Malware
spyware infection has detected,Illegal - Spyware/Malware
spyware unwanted software protection,Illegal - Spyware/Malware
spyware virus malware,Illegal - Spyware/Malware
system tool fake spyware program cant run any mal spyware programs,Illegal - Spyware/Malware
the best collection of how to remove various spyware junk posts,Illegal - Spyware/Malware
there free app detects any kind spyware spy apps sprint s lg g mobile phone,Illegal - Spyware/Malware
ubuntu spyware,Illegal - Spyware/Malware
updated step viruses spyware malware preliminary removal help,Illegal - Spyware/Malware
updated step viruses spyware malware preliminary removal instructions vistaxpuser,Illegal - Spyware/Malware
virus malware spyware simply google images clicking,Illegal - Spyware/Malware
viruses spyware malware preliminary removal logs,Illegal - Spyware/Malware
warning spyware threat,Illegal - Spyware/Malware
warning spyware threat has been detected on you pc,Illegal - Spyware/Malware
why my access chrome denied says virus detected must download anti spyware,Illegal - Spyware/Malware
windows spyware adware stuff,Illegal - Spyware/Malware
windows update installing spyware computer genuine question mindless bashing,Illegal - Spyware/Malware
would factory reset fully delete spyware could come back,Illegal - Spyware/Malware
adele s newborn baby sent death threats on twitter,Illegal - Threats
anna richardson support twitter sue perkins death threats,Illegal - Threats
ben flower wigan death threats twitter,Illegal - Threats
british tennis ace heather watson sent death threats by twitter trolls after wimbledon win,Illegal - Threats
campus concerns heightened after sexual assault online threat,Illegal - Threats
death threat claims episode hotel story,Illegal - Threats
death threat fears katie hopkins installs panic button,Illegal - Threats
death threat for michael brown autopsy poem kenneth goldsmith responds,Illegal - Threats
death threat gusto kong bumaet,Illegal - Threats
death threat Islamic stAte yasir qadhi,Illegal - Threats
death threat letters,Illegal - Threats
death threat paramedic trying save teenager story,Illegal - Threats
death threat phoned in to danish school,Illegal - Threats
death threat photos against wilders,Illegal - Threats
death threat prosecution stories n,Illegal - Threats
death threat robbery gloucester store story,Illegal - Threats
death threat sent east anglian patriots counter story,Illegal - Threats
death threat sent to des moines gay bar,Illegal - Threats
death threat sent to digos journalist via lbc,Illegal - Threats
death threat stalker allowed walk streets hull story,Illegal - Threats
death threat to former italian pm we will do like they did in pakistan with bhutto a shot to the hea,Illegal - Threats
death threat to obama,Illegal - Threats
death threat to obama heres the creepy video that is going viral,Illegal - Threats
death threat video,Illegal - Threats
death threats,Illegal - Threats
death threats against doctor whos found a cure for obesity,Illegal - Threats
death threats against obama vidieo,Illegal - Threats
death threats anyone austrian prof global warming deniers should be sentenced to death,Illegal - Threats
death threats attacks recorded lincolnshire road story,Illegal - Threats
death threats bbc tony hall jeremy clarkson top gear police,Illegal - Threats
death threats big brother wolfy millington story,Illegal - Threats
death threats braintree firm caught twitter troll story,Illegal - Threats
death threats bristol youth club banksy storm story,Illegal - Threats
Death threats by children,Illegal - Threats
death threats claim incident dog duck pub story,Illegal - Threats
death threats drunk gary seward avoids jail story,Illegal - Threats
death threats facebook cyclist outburst story,Illegal - Threats
death threats for call of duty developer after weapon tweak,Illegal - Threats
death threats for lesbian somali norwegian activist pride lgbt rainbow,Illegal - Threats
death threats for south park creators after muhammad depicted on show disguised in a bear suit,Illegal - Threats
death threats for swede after crazy own goal,Illegal - Threats
death threats force adam vincent witnesses flee story,Illegal - Threats
death threats gangsters sweet honey story,Illegal - Threats
death threats land shepton man community order story,Illegal - Threats
death threats made against edl members,Illegal - Threats
death threats mar french petanque championship,Illegal - Threats
death threats pervert child porn arrest story,Illegal - Threats
death threats sent to geneva bank managers,Illegal - Threats
death threats shop gang preying anlaby retail story,Illegal - Threats
death threats used teen naked pics story,Illegal - Threats
death threats victim toldtalk press story,Illegal - Threats
death threats wedding shop gloucester closed story,Illegal - Threats
death threats writer jailed story,Illegal - Threats
dom joly twitter troll issued sick death threats to my children,Illegal - Threats
emily atack reports twitter threat to police,Illegal - Threats
features piece of hate twitter threats,Illegal - Threats
federal politics political news labor mp melissa parke received death threat on twitter over iraq dissent knvp,Illegal - Threats
federal politics political news mark textor quits twitter after death threats yhf,Illegal - Threats
girish karnad gets death threat on twitter,Illegal - Threats
harry styles death threats from twitter user dtaustin prompts harrybecareful hashtag metlife stadium response photos,Illegal - Threats
harry styles death threats twitter troll,Illegal - Threats
hunter michael parks facebook photos twitter buzz yikyak death threats brings arrest no bond for hunter,Illegal - Threats
imogen thomas calls police over twitter threats after ryan giggs allegations,Illegal - Threats
katherine jenkins receives twitter troll threats after blasting david beckham rumours,Illegal - Threats
lowell business owner facing threats after online report ties business to kkk,Illegal - Threats
mccann troll brenda leyland driven to suicide after twitter death threats,Illegal - Threats
news donald trump aide verifies fbi investigating el chapos twitter threat,Illegal - Threats
news scott baio gets death threats on twitter,Illegal - Threats
news scott baio gets death threats on twitter news scott baio gets death threats on twitter,Illegal - Threats
news twitter goes nuts over skynet threat after sarah oconnor tweet of robot killing a factory worker,Illegal - Threats
news virtual assistant wins david goliath battle twitter libel action threat,Illegal - Threats
news world americas ku klux klan twitter accounts hacked by anonymous over ferguson threats,Illegal - Threats
off the pitch swansea city news williams deletes twitter after chopra threats,Illegal - Threats
online threat against houston school,Illegal - Threats
online threat holds data for ransom,Illegal - Threats
online threat prompts lockdown at noblesville elementary school,Illegal - Threats
online threats against blacks net arrest at missouri campus,Illegal - Threats
online threats case to show if u s justices are down with rap,Illegal - Threats
online threats grandma reported racers story detail story,Illegal - Threats
online threats heighten tensions university missouri,Illegal - Threats
online video ad sales threat traditional tv,Illegal - Threats
personal swot threats,Illegal - Threats
phillip schofield hits back twitter troll death threats,Illegal - Threats
politics jeremy corbyn win conservative party warning that new labour leader is threat to national security mocked on twitter,Illegal - Threats
pub threats swot,Illegal - Threats
school bomb threat saints peter paul catholic college tweet twitter widnes,Illegal - Threats
skokie school remains closed over online threat,Illegal - Threats
stan collymore rejoins twitter after death threats as ex girlfriend ulrika jonsson accuses him of,Illegal - Threats
sue perkins twitter top gear fans death threats,Illegal - Threats
suspect arrested after online threats heighten tensions at mu,Illegal - Threats
terror threat,Illegal - Threats
terror threat against denmark and norway reported,Illegal - Threats
terror threat against denmark has increased pet,Illegal - Threats
terror threat brings hatton hotel worker home story detail story,Illegal - Threats
terror threat cancels karneval parade,Illegal - Threats
terror threat casts shadow over barrow womans dream of new marriage fd b bfaeff ds,Illegal - Threats
terror threat holiday locations bs,Illegal - Threats
terror threat hussain released on charge,Illegal - Threats
terror threat in turkey,Illegal - Threats
terror threat level in barsolana spain,Illegal - Threats
terror threat level october 2015,Illegal - Threats
terror threat level raised by david cameron how worried should we be,Illegal - Threats
terror threat level raised government attack story detail story,Illegal - Threats
Terror Threat Level UK,Illegal - Threats
terror threat londob,Illegal - Threats
terror threat london bridge,Illegal - Threats
terror threat of majorca,Illegal - Threats
terror threat prompts france to deploy troops in paris,Illegal - Threats
terror threat strands 20 000 brits,Illegal - Threats
terror threat to paris,Illegal - Threats
terror threat to shopping malls in,Illegal - Threats
terror threat uk Christmas 2015,Illegal - Threats
terror threats for xmas 2015,Illegal - Threats
terror threats in europe,Illegal - Threats
terror threats matlock,Illegal - Threats
terror threats to the UK,Illegal - Threats
terror warning uk under threat from deadly nuclear attack,Illegal - Threats
the uks terror threat is at its highest ever level mi boss warns,Illegal - Threats
thread terror threat felt years,Illegal - Threats
threat acid attack raid story detail story,Illegal - Threats
threat acid spray family honour story detail story,Illegal - Threats
threat against texas school for the deaf,Illegal - Threats
threat ageing community swimming pool south story detail story,Illegal - Threats
threat convergence,Illegal - Threats
threat costs offender story,Illegal - Threats
threat eviction gardens untidy story detail story,Illegal - Threats
threat facing country due to geneva,Illegal - Threats
threat harm risk methodology,Illegal - Threats
threat level uk,Illegal - Threats
threat of isis over poland,Illegal - Threats
threat of isis to the world,Illegal - Threats
threat of nuclear war AS,Illegal - Threats
threat of nuclear war intensifies,Illegal - Threats
Threat of physical injury,Illegal - Threats
threat of prison inmates chhot,Illegal - Threats
threat of rape,Illegal - Threats
threat of terror attack in ghana is a hoax,Illegal - Threats
threat of terror in kuala lumpur,Illegal - Threats
threat of war,Illegal - Threats
threat on the man who shot osama bin laden,Illegal - Threats
threat to baltic country from russia is that real,Illegal - Threats
threat to barack obama you tube,Illegal - Threats
threat to creativity psychology manipulation,Illegal - Threats
threat to edinburgh university,Illegal - Threats
threat to kill case to crown court,Illegal - Threats
threat to kill girlfriend was a plea for help,Illegal - Threats
threat to kill police officers,Illegal - Threats
threat to life notices,Illegal - Threats
Threat to sexually assault uk,Illegal - Threats
threat to soilder family,Illegal - Threats
threat to spain security,Illegal - Threats
threats in US,Illegal - Threats
threats kill admitted story detail story,Illegal - Threats
threats kill stealing frozen food shed grimsby story detail story,Illegal - Threats
threats kill swansea social worker blow story detail story,Illegal - Threats
threats of refugees to residing country,Illegal - Threats
threats of ruin someone,Illegal - Threats
threats of suicide,Illegal - Threats
threats of violence by partner can i report to police,Illegal - Threats
threats of violence from neighbours and homelessness,Illegal - Threats
threats of violence in marrige,Illegal - Threats
threats to kill case adjourned,Illegal - Threats
threats to kill in uk,Illegal - Threats
threats to kill mitigation,Illegal - Threats
threats to kill obama,Illegal - Threats
threats to kill suspended sentence depression,Illegal - Threats
top gear jeremy clarkson sacked oisin tymon twitter troll death threats,Illegal - Threats
top uk terror threat,Illegal - Threats
twitter bosses face grilling by mps after vile rape threats by sick internet trolls,Illegal - Threats
twitter criado perez why did twitter troll pair make rape threats,Illegal - Threats
twitter rape threats,Illegal - Threats
twitter threat prompts lockdown at high school in pico rivera,Illegal - Threats
twitter troll jailed online threats rape mp story detail story,Illegal - Threats
twitter troll rape threats chloe madeley daughter story detail story,Illegal - Threats
twitter trolls send rape threats to jessica ennis hill after she speaks out about ched evans,Illegal - Threats
twitter uk boosts anti abuse tools after threats against women,Illegal - Threats
uk muslim politician incites rage death threats by posting jesus and mo cartoon on twitter,Illegal - Threats
us embassy still remains on high alert following terror threat,Illegal - Threats
victoria terror threat premier daniel andrews under fire for waving a white flag on violent extremism gkbiu,Illegal - Threats
victoria victoria police hire private armed guards in response to terror threat meo,Illegal - Threats
violence threat muslim men get asbos,Illegal - Threats
violent axe threat robber locked story detail story,Illegal - Threats
violent patients threat to personal safety,Illegal - Threats
violent threats,Illegal - Threats
violent thug jailed knife threats public story detail story,Illegal - Threats
vj day th anniversary police tell people to carry on as normal despite terror threat,Illegal - Threats
why is isis a threat to the uk,Illegal - Threats
wimbledon wimbledon heather watson twitter trolls death threats reach third round,Illegal - Threats
with the current situation of increased terror attacks and threats,Illegal - Threats
witter bomb threat joker wins high court appeal against conviction,Illegal - Threats
wn fullpage isis trail terror isis threat us,Illegal - Threats
woman calls bomb threat for stolen purse,Illegal - Threats
woman gets death threats after posting,Illegal - Threats
woman guilty assault threats story detail story,Illegal - Threats
woman guilty of threats,Illegal - Threats
woman in viral street harassment video now getting death rape threats,Illegal - Threats
woman jailed for threats to neighbours,Illegal - Threats
woman jailed series bomb hoax threats story detail story,Illegal - Threats
woman posts graphic video of dying raccoon on facebook receives threats,Illegal - Threats
woman receives death threats after grocery store cashier says he was fired for giving hugs,Illegal - Threats
woman scares burglar with threat of gun,Illegal - Threats
woman sends anonymous threats to family calls children delicious,Illegal - Threats
woman sent anonymous threats said she wanted to taste familys children,Illegal - Threats
woman sent jail threats trial witness story detail story,Illegal - Threats
woman shared a picture of her menstrual blood to protest period censorship received death threats,Illegal - Threats
world france faces unprecedented terror threat they are pros not dropouts myre,Illegal - Threats
world hoax terror threat woman victoria hosker jailed after drunk call,Illegal - Threats
worried about terror threat in tenerife,Illegal - Threats
360 Moto Back Cracked,Illegal - Warez
3Dmax full cracked,Illegal - Warez
4 microsost office cracked,Illegal - Warez
4k Video Downloader 3.6.2.1780 Cracked KaranPC,Illegal - Warez
adobe acrobat 9 cracked n,Illegal - Warez
adobe acrobat xi pro amtlib dll cracked,Illegal - Warez
Adobe Acrobat XI Pro Cracked Dll ChingLiu,Illegal - Warez
adobe acrobat xi pro multilanguage keygen dth,Illegal - Warez
adobe cc cracked,Illegal - Warez
adobe creative suite master collection windows keygen,Illegal - Warez
adobe cs keygen,Illegal - Warez
adobe cs master collection keygen shadeyman zip,Illegal - Warez
adobe dreamweaver cc free download cracked,Illegal - Warez
adobe fireworks cs with patch full version cracked,Illegal - Warez
adobe lightroom with serial keys full version cracked,Illegal - Warez
Adobe Media Server 5 cracked,Illegal - Warez
aiw bz deutsche warez und script community,Illegal - Warez
all warez fast warez downloadz,Illegal - Warez
alternative zu ddl warez und co,Illegal - Warez
android netflix app already cracked to work on additional androids,Illegal - Warez
android netflix cracked,Illegal - Warez
android warez,Illegal - Warez
android warez uygulamalar,Illegal - Warez
animes so dein deutsches anime warez board,Illegal - Warez
apk cracked market,Illegal - Warez
apk cracked minecraft pe 0.12.2,Illegal - Warez
architecte 3d cracked,Illegal - Warez
arma 2 cracked,Illegal - Warez
arma 3 cracked download,Illegal - Warez
arma 3 cracked servers,Illegal - Warez
arma alpha cracked,Illegal - Warez
ArtCAM 2013 Full Cracked. Crack-Serial.iso,Illegal - Warez
artisteer 4 cracked,Illegal - Warez
artisteer cracked free download full,Illegal - Warez
artisteer full keygen cracked,Illegal - Warez
asunsoft password recovery bundle personal incl keygen realtorrentz,Illegal - Warez
audio warez,Illegal - Warez
autodesk crack patch keygen x windows maya ds max mudbox cgu,Illegal - Warez
bandicam multilingual keygen glodls,Illegal - Warez
bitshift audio phatmatik pro vsti keygen zip,Illegal - Warez
brauche dringend dreamcast warez bitte lesen,Illegal - Warez
busts bei server lu torrent to ddl warez oxygen warez offline,Illegal - Warez
can you download cracked ebooks or ibooks on a jailbroken ipad,Illegal - Warez
cinema d r with keygen,Illegal - Warez
cosmo connor s crack und warez links,Illegal - Warez
crack adobe photoshop lightroom serial number keygen,Illegal - Warez
crack and keygen office 2016 pro n,Illegal - Warez
crack hdrsoft photomatix pro serial number keygen,Illegal - Warez
crack imobie anytrans serial keygen,Illegal - Warez
crack keygen excel sheet recovery,Illegal - Warez
crack keygen sony sound forge audio studio,Illegal - Warez
crack keygen swtor,Illegal - Warez
crack mastercam x serial keygen,Illegal - Warez
crack megaseg serial keygen,Illegal - Warez
crack music maker 2016 keygen,Illegal - Warez
crack nero startsmart serial keygen patch,Illegal - Warez
crack office serial keygen,Illegal - Warez
crack pro cycling manager keygen crack,Illegal - Warez
crack reimage pc repair online serial number keygen,Illegal - Warez
crack robotstudio serial keygen,Illegal - Warez
crack serial keygen fable tlc w,Illegal - Warez
crack serial keygen stellar phoenix photo recovery,Illegal - Warez
crack serials keygen getdataback for ntfs,Illegal - Warez
crack serials keygen movavi video editor,Illegal - Warez
cracknotes guitar pro torrent keygen,Illegal - Warez
cracks keygens ableton live suite win xp vista,Illegal - Warez
cracks keygens adobe cc universal crack win macos,Illegal - Warez
cracks keygens aftereffects cc crack only win bits,Illegal - Warez
cracks keygens autocad crack and keygen win b,Illegal - Warez
cracks keygens autocad crack only win,Illegal - Warez
cracks keygens avid pro tools crack win bits,Illegal - Warez
cracks keygens cubase crack b win,Illegal - Warez
cracks keygens zbrush r crack bit win vista,Illegal - Warez
crysis pc crack keygen skidrow,Illegal - Warez
cyberlink powerdirector ultra multilingual keygen crack,Illegal - Warez
cyberlink powerdvd ultra full version crack keygen free,Illegal - Warez
cyberlink powerdvd ultra keygen,Illegal - Warez
daemon tools lite keygen,Illegal - Warez
daemon tools lite serial number keygen bcee,Illegal - Warez
dante virtual soundcard keygen,Illegal - Warez
das aus fuer bockwurst warez,Illegal - Warez
datafileshot keygen,Illegal - Warez
ddl search biz your number warez search,Illegal - Warez
ddl search biz your number warez search forum netzwelt diskussionen und werbung,Illegal - Warez
ddl warez in,Illegal - Warez
ddl warez org ist komisch,Illegal - Warez
ddl zone org the ultimate warez zone,Illegal - Warez
dl in your warez source no,Illegal - Warez
dlb to warez search,Illegal - Warez
download a keygen for widnows 7 pro,Illegal - Warez
download american truck simulator keygen,Illegal - Warez
download anno keygen,Illegal - Warez
download apowersoft streaming video recorder crack keygen,Illegal - Warez
download applied acoustics lounge lizard vsti dxi rtas v clean keygen ht islandgirl,Illegal - Warez
download ark survival evolved keygen,Illegal - Warez
download artcut keygen,Illegal - Warez
download artisteer final with keygen rept by senzati,Illegal - Warez
download assassins creed syndicate keygen tool,Illegal - Warez
download astalavista com keygen,Illegal - Warez
Download Autocad 2014 64 bit XFORCE Keygen Instructions Techie5879 torrent,Illegal - Warez
download autocad full patch keygen,Illegal - Warez
download autodesk autocad v win win iso incl keygen xforce,Illegal - Warez
download avg internet security keygen,Illegal - Warez
download beamng drive keygen,Illegal - Warez
download black ops keygen,Illegal - Warez
Download Cockos REAPER 4.77 x86 x64 Final Incl. Keygen and Patch BRD ATOM To,Illegal - Warez
download cockos reaper v x x incl keygen and patch brd,Illegal - Warez
Download Copytrans Suite 4 8 4 2 Multi lang incl Keygen FFF DeGun 2013 Torrent K,Illegal - Warez
download core keygen photoshop,Illegal - Warez
Download Corel All Products Keygen v3.3 - CORE For Free,Illegal - Warez
download coreldraw graphics suite x v keygen again dibya,Illegal - Warez
download crack keygen corel video,Illegal - Warez
download management link script warez seiten script,Illegal - Warez
downtimes ddl warez org,Illegal - Warez
downtimes feeling warez eu,Illegal - Warez
downtimes oxygen warez com,Illegal - Warez
eset smart security keygen by cleatus zip,Illegal - Warez
evaer video recorder for skype v incl keygen czw tordigger,Illegal - Warez
free games tones warez sites,Illegal - Warez
goodsync enterprise multilingual keygen working,Illegal - Warez
how open keygen,Illegal - Warez
how to get call of duty ghosts season pass generator hack keygen,Illegal - Warez
how to use crack patch serial keygen,Illegal - Warez
how to use g force keygen crack maya,Illegal - Warez
how to use keygen in activating photoshop offline,Illegal - Warez
how to use xentry special function keygen generator,Illegal - Warez
hread warez bb org bad gateway,Illegal - Warez
id warez,Illegal - Warez
Is a direct download search engine and directory of warez files offered for download.,Illegal - Warez
Is warez-b still down,Illegal - Warez
keygen autodesk revit architecture,Illegal - Warez
keygen autodesk robot structural,Illegal - Warez
keygen autodesk showcase,Illegal - Warez
keygen autodesk simulation cfd,Illegal - Warez
keygen batman arkham asylum pc,Illegal - Warez
keygen bitdefender total security,Illegal - Warez
keygen boomstudio 5,Illegal - Warez
keygen cadworkv18,Illegal - Warez
keygen card recovery,Illegal - Warez
keygen card recovery 6.00,Illegal - Warez
keygen for autocad 2013,Illegal - Warez
keygen for civil3d 2013 64bit,Illegal - Warez
keygen for corel draw x zip zip,Illegal - Warez
keygen for easy worship 6,Illegal - Warez
keygen for illustrator cc 2014,Illegal - Warez
keygen for mad max,Illegal - Warez
keygen for PES 15,Illegal - Warez
keygen for photoshop cs5,Illegal - Warez
load rip nulled free download indir nul warez,Illegal - Warez
malwarebytes anti malware pro v incl keygen eoueowadsfnen,Illegal - Warez
most popular blocked warez sites,Illegal - Warez
multisim ultiboard powerpro crack keygen,Illegal - Warez
paper please warez,Illegal - Warez
papercut warez,Illegal - Warez
partage warez,Illegal - Warez
partage warez torrent,Illegal - Warez
php scriptler warez,Illegal - Warez
presentation phoenix warez interview,Illegal - Warez
prison architect 1.0 warez download,Illegal - Warez
ps3 games warez,Illegal - Warez
psp audioware vintagewarmer v vst rtas incl keygen old version sceneu,Illegal - Warez
r warez bb org down,Illegal - Warez
software download warez,Illegal - Warez
software warez bb,Illegal - Warez
sony vegas pro build bit patch keygen,Illegal - Warez
teen hacker says he cracked cia heads personal email report,Illegal - Warez
teenage hacker cracked cia directors email targets trump hillary next,Illegal - Warez
the warez scene hierarchy,Illegal - Warez
thimix creative portfolio photography wp theme download rip nulled free download indir nul warez,Illegal - Warez
thread find ddl biz deine highspeed warez search engine,Illegal - Warez
thread forever warez com i wont t pay for stuff,Illegal - Warez
thread fosi s warez,Illegal - Warez
thread ftp warez server,Illegal - Warez
thread ist ddl warez down,Illegal - Warez
thread k warez net warez forum,Illegal - Warez
thread kirsche in cherry cms das ultimative warez script,Illegal - Warez
thread kroatische warez,Illegal - Warez
thread kuarex warez underground toplist,Illegal - Warez
thread layer ads alternative fuer warez seite,Illegal - Warez
thread linux warez,Illegal - Warez
thread mac und cracks warez,Illegal - Warez
thread mac warez,Illegal - Warez
thread mac warez links,Illegal - Warez
thread warez blog net your number one source for warez p,Illegal - Warez
thread warez bust bei mp pre release gruppe,Illegal - Warez
thread warez cgi scripts,Illegal - Warez
thread warez cracks moviez in foren,Illegal - Warez
thread warez scene ddl cx world news scene news boerse community,Illegal - Warez
top french warez 2015,Illegal - Warez
warez carding,Illegal - Warez
warez clef windows 10 n,Illegal - Warez
warez coffeecup n,Illegal - Warez
warez design vsco film for lr acr,Illegal - Warez
warez download category app,Illegal - Warez
warez e book voluptuous magazine january,Illegal - Warez
warez ebook francais,Illegal - Warez
warez ebook n,Illegal - Warez
warez ebooks paket,Illegal - Warez
warez fuck you goethe2,Illegal - Warez
warez full download proshow producer 7,Illegal - Warez
warez licence somachine V4.1,Illegal - Warez
warez liste gulli,Illegal - Warez
warez microsoft office 2013 s,Illegal - Warez
warez mp3directcut,Illegal - Warez
warez mr. jones richard gere dvd -torrent,Illegal - Warez
warez music funkymix anniversary issue cd,Illegal - Warez
warez music new age style to chill out,Illegal - Warez
warez music the eagles greatest hits hd sound special edition,Illegal - Warez
warez phineas and ferb ride again nds espanol,Illegal - Warez
warez releases,Illegal - Warez
warez runtastic mountain bike pro apk,Illegal - Warez
warez scriptler temalar,Illegal - Warez
warez search,Illegal - Warez
warez telechargement kim dotcom avertit sur le danger de sa plateforme mega,Illegal - Warez
warez telechargement seedbox le match kimsufi ovh vs online,Illegal - Warez
warez telechargement the pirate bay une nouvelle adresse thepiratebay ac,Illegal - Warez
warez track simulator 2,Illegal - Warez
warez virtualdj8,Illegal - Warez
Warez voltbeat download,Illegal - Warez
warez wawa mania telechargement illegal justice actualite,Illegal - Warez
warez whmcs temalari,Illegal - Warez
warez world,Illegal - Warez
warez world org,Illegal - Warez
warez-bb org,Illegal - Warez
windows xp keygen,Illegal - Warez
