academic year 15,Jobs & Education - Education
academic year 2015,Jobs & Education - Education
academic year calendar,Jobs & Education - Education
academy course accas accountancy foundations qualification,Jobs & Education - Education
acca accountancy qualifications,Jobs & Education - Education
accountancy qualification,Jobs & Education - Education
accountancy qualifications uk,Jobs & Education - Education
antrim grammar school s,Jobs & Education - Education
anyone got a job through teaching abroad direct,Jobs & Education - Education
are faith schools biased,Jobs & Education - Education
article photo look top des photos de tatouages old schools,Jobs & Education - Education
articles top schools highest paid graduates,Jobs & Education - Education
attorney child custody private school,Jobs & Education - Education
awesome online courses for creatives,Jobs & Education - Education
b international tefl academy blog archive reasons why east asia is the top region of the world for teaching english abroad aspx,Jobs & Education - Education
benefits and drawbacks of faith schools,Jobs & Education - Education
best accountancy qualification,Jobs & Education - Education
best public schools in uk AS,Jobs & Education - Education
bexley local view education playgroups pre schools and nursery schools young foundation pre school,Jobs & Education - Education
blog category online courses,Jobs & Education - Education
blog free online courses with certificates,Jobs & Education - Education
blog teachers teaching abroad can be a wonderful career choice as well as exploration of other cultures,Jobs & Education - Education
blog tips stories teaching abroad,Jobs & Education - Education
brackensdale infant school reception class photos derby evening telegraph,Jobs & Education - Education
bristopl schools,Jobs & Education - Education
bromley local view after school activities academic and languages private tuition for years in maths and english,Jobs & Education - Education
can i study quantity surveying after acca chartered accountancy qualification?,Jobs & Education - Education
chat whats the debate on grammar schools,Jobs & Education - Education
children sit tutor proof grammar school tests story detail story,Jobs & Education - Education
classroom new schools open academic year begins story detail story,Jobs & Education - Education
coffeehouse children parenting primary school age years advice re preparing child assessment private school all,Jobs & Education - Education
coffeehouse children parenting primary school age years preparing year old private schools all,Jobs & Education - Education
coffeehouse general coffeehouse chat news current affairs topical discussion should schools ban slang all,Jobs & Education - Education
coffeehouse tweens teens teens son has entrance exam jan i know nothing about private schools all,Jobs & Education - Education
croydon local view after school activities music music teacher for your little mozart,Jobs & Education - Education
croydon local view classes for you other classes annette faulkes music studio private piano teacher,Jobs & Education - Education
croydon preschool nursery school,Jobs & Education - Education
dartford grammar school for girls,Jobs & Education - Education
debates religious faith schools should be banned in the uk,Jobs & Education - Education
department of education,Jobs & Education - Education
department of education grade 12 maths p1 march 2013,Jobs & Education - Education
department of education kzn laptop initiative for teachers,Jobs & Education - Education
department of education NYC,Jobs & Education - Education
different accountancy qualifications,Jobs & Education - Education
doncaster local view education playgroups pre schools and nursery schools hawthorn primary school,Jobs & Education - Education
ealing local view after school activities academic and languages ballet lessons for year olds with the company,Jobs & Education - Education
east surrey local view education playgroups pre schools and nursery schools south nutfield pre school,Jobs & Education - Education
education a does anyone else think their dcs private school is rubbish,Jobs & Education - Education
education cats test in first week of grammar school,Jobs & Education - Education
education department and manchester institute of education difference,Jobs & Education - Education
education grammar schools advice please,Jobs & Education - Education
education how are faith schools funded,Jobs & Education - Education
education hp announces windows laptop for schools the stream pro,Jobs & Education - Education
education music teachers paul newman guitar tuition business detail business,Jobs & Education - Education
education why did you choose private school at reception,Jobs & Education - Education
education why do faith schools dominate the league tables,Jobs & Education - Education
education why do some parents think private school at primary is a waste of money but are secretly saving for secondary,Jobs & Education - Education
enfield local view after school activities music guitar teacher,Jobs & Education - Education
enfield preschool nursery school,Jobs & Education - Education
essays cultural studies should faith schools be part of the state cultural studies essay,Jobs & Education - Education
faith schools and britain,Jobs & Education - Education
faith schools views,Jobs & Education - Education
fashion autumn winter ready to wear public school,Jobs & Education - Education
fees for courses at SA Writing colleges,Jobs & Education - Education
forum f teaching english abroad,Jobs & Education - Education
forum t watch out if you book online course through sweetassugarcakes,Jobs & Education - Education
forum topik lily collins caas young hollywood party benefiting communities in schools of los angeles in west hollywood october,Jobs & Education - Education
forum world anyone know about teaching english abroad,Jobs & Education - Education
foundations in accountancy and the cat qualification,Jobs & Education - Education
free a plus training motherboard ram slots,Jobs & Education - Education
free baby stuff free potty training charts,Jobs & Education - Education
free construction related training,Jobs & Education - Education
free forex trading systems training wheels strategy,Jobs & Education - Education
free online computer training,Jobs & Education - Education
free online courses with certificates,Jobs & Education - Education
free online courses workshops for arm cortex m microcontrollers,Jobs & Education - Education
free online gcse courses,Jobs & Education - Education
free online training child protection training nspcc,Jobs & Education - Education
free quote for training and courses,Jobs & Education - Education
free training for young people,Jobs & Education - Education
free training programme aims women keys business story detail story,Jobs & Education - Education
galleries news germanys top universities,Jobs & Education - Education
GCSE Results 2015 department of education,Jobs & Education - Education
gcse results caistor grammar school sees story detail story,Jobs & Education - Education
general teaching jobs abroad,Jobs & Education - Education
gloucester citizen hatherley infants reception class,Jobs & Education - Education
gloucestershire grammar schools 6th form entry,Jobs & Education - Education
grammar schools belong in a bygone age i should know i went to one,Jobs & Education - Education
grammar schools expand gloucestershire story detail story,Jobs & Education - Education
greenwich local view after school activities music violin teacher,Jobs & Education - Education
grosvenor grammar school s,Jobs & Education - Education
handsworth grammar school s,Jobs & Education - Education
harrow local view after school activities academic and languages yearn to learn tuition school,Jobs & Education - Education
higher education a do you really have to go to a grammar school or a posh private school to get to good university,Jobs & Education - Education
hillingdon local view education playgroups pre schools and nursery schools butterflies pre school,Jobs & Education - Education
home video privateamateurecom emilia naughty petite schoolgirl rubs her sweet tight pussy sd p,Jobs & Education - Education
hounslow local view after school activities academic and languages plus and gcse year y,Jobs & Education - Education
in the news a faith schools the jfs verdict is in i have a,Jobs & Education - Education
in the news faith schools favour middle class over poor,Jobs & Education - Education
informed features free online courses sites to get educated for free,Jobs & Education - Education
intermediate supporting teaching and learning in schools,Jobs & Education - Education
international baccalaureate,Jobs & Education - Education
international baccalaureate economics effects of smoking on society,Jobs & Education - Education
international baccalaureate grades,Jobs & Education - Education
international baccalaureate nederland,Jobs & Education - Education
international baccalaureate primary years programme review,Jobs & Education - Education
international baccalaureate results hockerill story detail story,Jobs & Education - Education
international baccalaureate scholarship frankfurt school finance management germany,Jobs & Education - Education
interview questions for teaching jobs abroad,Jobs & Education - Education
jobs music teacher,Jobs & Education - Education
kirklees local view education playgroups pre schools and nursery schools al noor playgroup,Jobs & Education - Education
larne grammar school s,Jobs & Education - Education
latest additions university of exteter cctv shocker disturbing insight into culture of sexual bullying and voyeurism at our top universities,Jobs & Education - Education
latest channel dispatches gives us a surprising look into the world of illegal faith schools,Jobs & Education - Education
latest top ten best universities in nigeria,Jobs & Education - Education
leadership careers jobs what the top universities dont want you to know about graduate jobs gkqh,Jobs & Education - Education
learning qualifications international baccalaureate,Jobs & Education - Education
list of top universities,Jobs & Education - Education
list top forensic science universities,Jobs & Education - Education
manchester local view after school activities music flute piano and music theory teacher,Jobs & Education - Education
marketing center music teacher resources and websites,Jobs & Education - Education
maternity leave and teaching abroad,Jobs & Education - Education
medway local view after school activities academic and languages maths tutor gcse a level years of teaching experience,Jobs & Education - Education
national education islamic schools targeted in federal department of education audits ghelqb,Jobs & Education - Education
new jersey maplewood op ed kicking the tires on international baccalaureate,Jobs & Education - Education
news colwyn bay school best in wales for international baccalaureate results aspx,Jobs & Education - Education
news debate columnists gp taylor why faith has no place in our schools,Jobs & Education - Education
news education international baccalaureate are we ready for the toughest exams in the world,Jobs & Education - Education
news ib program ib students international baccalaureate,Jobs & Education - Education
news london american football comes to londons children top nfl teams twinned with six schools,Jobs & Education - Education
news london i regret drug dealing i m determined to repay my m debt says ex public schoolboy turned london,Jobs & Education - Education
news main topics education full list of yorkshire schools threatened by ofsted downgrading,Jobs & Education - Education
news main topics education tauheedul education trust to take on two bradford schools,Jobs & Education - Education
news oregon department of education adopts curriculum associates i ready and ready common core mathema,Jobs & Education - Education
news policy education vicechancellor ian jacobs says unsw aims to be in worlds top universities gjx,Jobs & Education - Education
news the international woolmark prize winners public school m patmos interview collection,Jobs & Education - Education
news top wolverhampton school plummets to bottom of league tables league table for wolverhamptons secondary schools,Jobs & Education - Education
news tremendous sadness as staffordshire private school closes unexpectedly,Jobs & Education - Education
ng youths education scholarships top ten oldest universities in nigeria,Jobs & Education - Education
north essex local view education playgroups pre schools and nursery schools coppins green primary,Jobs & Education - Education
northsurrey local view after school activities music flute teacher,Jobs & Education - Education
online access to nursing courses,Jobs & Education - Education
online courses,Jobs & Education - Education
online courses for teaching assistants,Jobs & Education - Education
online digital photography course,Jobs & Education - Education
online electrician courses,Jobs & Education - Education
online gcse maths courses,Jobs & Education - Education
online gcse revision courses,Jobs & Education - Education
online marketing course,Jobs & Education - Education
online music courses,Jobs & Education - Education
opinion debateni public mood in northern ireland is for an end to segregation in schools,Jobs & Education - Education
opinions polls homeschool vs public school,Jobs & Education - Education
orinda intermediate school s b,Jobs & Education - Education
outstanding international baccalaureate results story detail story,Jobs & Education - Education
paid teaching abroad jobs,Jobs & Education - Education
parenting articles homeschooling how to get started homeschooling,Jobs & Education - Education
parenting articles homeschooling methods,Jobs & Education - Education
parenting articles homeschooling myths debunked,Jobs & Education - Education
parenting articles how to start homeschooling your child,Jobs & Education - Education
parenting articles is homeschooling right for you and your child,Jobs & Education - Education
parenting articles the art of homeschooling boys,Jobs & Education - Education
parenting articles the homeschooling debate,Jobs & Education - Education
parenting articles understanding homeschooling laws,Jobs & Education - Education
parenting articles ways moms benefit from homeschooling their kids,Jobs & Education - Education
parenting articles which states are best for homeschooling,Jobs & Education - Education
parkside sixth form international baccalaureate results n,Jobs & Education - Education
payroll online courses,Jobs & Education - Education
plus pupils face grammar schools blow story detail story,Jobs & Education - Education
primary a sw london private schools looking for opinions,Jobs & Education - Education
primary come and tell me about catholic v non faith schools,Jobs & Education - Education
primary primary school appeal faith schools,Jobs & Education - Education
primary private schools epsom banstead tadworth aberdour school,Jobs & Education - Education
private universities in nigeria and their school fees,Jobs & Education - Education
professional accountancy qualifications,Jobs & Education - Education
programs aifs study abroad in barcelona spain universidad pompeu fabra semester or academic year,Jobs & Education - Education
programs aifs study abroad in berlin germany semester or academic year,Jobs & Education - Education
programs aifs study abroad in cannes france semester or academic year,Jobs & Education - Education
programs aifs study abroad in grenoble intensive french laguage program france semester or academic year,Jobs & Education - Education
programs aifs study abroad in st petersburg russia semester or academic year,Jobs & Education - Education
projects under department of education,Jobs & Education - Education
public blundells school,Jobs & Education - Education
public bryanston school,Jobs & Education - Education
public city of london school,Jobs & Education - Education
public emanuel school,Jobs & Education - Education
public felsted school,Jobs & Education - Education
public highgate school,Jobs & Education - Education
public king edward vi high school for girls,Jobs & Education - Education
public merchiston castle school,Jobs & Education - Education
public queens gate school,Jobs & Education - Education
public the godolphin and latymer school,Jobs & Education - Education
quickest asiest route to accountancy qualification,Jobs & Education - Education
rankings top party schools,Jobs & Education - Education
redbridge local index education playgroups pre schools and nursery schools woodford green,Jobs & Education - Education
restaurants pizza restaurant equipment for sale online courses,Jobs & Education - Education
reviews international baccalaureate diploma ib,Jobs & Education - Education
ruby james stars st faiths athletes set new records win medals independent schools national athletics finals story detail story,Jobs & Education - Education
ryerson cracks macleans top universities ranking,Jobs & Education - Education
schools west roaddaquannis intermediate school,Jobs & Education - Education
secondary a pates grammar school cheltenham,Jobs & Education - Education
secondary any financial help available for gifted kids to attend private schools,Jobs & Education - Education
secondary applying for private secondary school but not academic,Jobs & Education - Education
secondary did you go to private or grammar and are sending your child to state school,Jobs & Education - Education
secondary private schools without the pressure,Jobs & Education - Education
secondary sancton wood st faiths cambridge and other independent schools,Jobs & Education - Education
sevenoaks grammar school mixed reactions story detail story,Jobs & Education - Education
show play video public school sex,Jobs & Education - Education
sixth formers cambridge international baccalaureate results story detail story,Jobs & Education - Education
skegness grammar school s p,Jobs & Education - Education
sligo grammar school s,Jobs & Education - Education
southdevon local view support groups special needs autism aspergers free aba training classes for devon parents,Jobs & Education - Education
southessex local index education playgroups pre schools and nursery schools brentwood,Jobs & Education - Education
southwark local view after school activities music cello and piano teacher,Jobs & Education - Education
special educational needs has anyone chosen private alternative school for dyspraxic child how,Jobs & Education - Education
Staff department of education,Jobs & Education - Education
story top us private schools with the most graduates getting into ivy league universities,Jobs & Education - Education
student student life how students can live luxuriously on a budget at university this academic year a,Jobs & Education - Education
sub Should we allow faith schools at all,Jobs & Education - Education
tag free training courses in lahore,Jobs & Education - Education
talk education any music teachers ds in music festival i need songs,Jobs & Education - Education
talk extra curricular activities music teachers does this sound strange to you do you,Jobs & Education - Education
talk extra curricular activities question for music teachers and parents is honesty the best way even if the truth hurts,Jobs & Education - Education
talk higher education bookkeeping accountancy qualifications where to start,Jobs & Education - Education
talk primary what are the top primary schools in southampton in terms of education and care etc,Jobs & Education - Education
talk secondary cokethorpe for non academic non sporty rather lazy year,Jobs & Education - Education
talk student parents new academic year resolutions anyone want to join me,Jobs & Education - Education
teaching abroad,Jobs & Education - Education
teaching abroad in sweden n,Jobs & Education - Education
teaching abroad jobs,Jobs & Education - Education
teaching abroad workload,Jobs & Education - Education
teaching english abroad,Jobs & Education - Education
teaching english abroad paid,Jobs & Education - Education
teaching jobs abroad tagalog subject,Jobs & Education - Education
The faith‐based schools debate: challenging assumptions and stereotypes,Jobs & Education - Education
think faith schools transport policy following story detail story,Jobs & Education - Education
this autism mom has chained herself to department of education offices,Jobs & Education - Education
threads free training course th july at amirs,Jobs & Education - Education
Time table TVet in Enginering N6 for T3 Nov 2015 from department of Higher education,Jobs & Education - Education
top 10 grammar schools kent,Jobs & Education - Education
top 10 largest land area universities in nigeria,Jobs & Education - Education
top 10 law universities in south africa,Jobs & Education - Education
top 10 universities environmental science uk,Jobs & Education - Education
top 100 comprehensive schools 2014,Jobs & Education - Education
top 5 universities in south africa 2015,Jobs & Education - Education
top game design universities in the uk,Jobs & Education - Education
top most expensive universities in nigeria no is jaw dropping,Jobs & Education - Education
top nursing schools,Jobs & Education - Education
top public schools oxfordshire n,Jobs & Education - Education
top rated schools in kent,Jobs & Education - Education
top schools in croydon,Jobs & Education - Education
top ten best universities in nigeria 2015,Jobs & Education - Education
top ten universities of psychology in pakistan,Jobs & Education - Education
top UK senior schools 2015,Jobs & Education - Education
top universities for undergraduates for international relations in the uk,Jobs & Education - Education
unemployed benefit free training courses story detail story,Jobs & Education - Education
university hull academic year,Jobs & Education - Education
video asian girl masturbates in public school library,Jobs & Education - Education
video dildo in public school library,Jobs & Education - Education
watch private school jewel,Jobs & Education - Education
what a period of time does a department of education take to approve the application if u are selected for the employment,Jobs & Education - Education
what are the top grammar schools in england,Jobs & Education - Education
which accountancy qualification should i study,Jobs & Education - Education
wonder why faith schools are seen as superior,Jobs & Education - Education
2 graduate town planner,Jobs & Education - Jobs
2 Trainee software developer,Jobs & Education - Jobs
3 accounts payable clerk,Jobs & Education - Jobs
a duty of customs officer,Jobs & Education - Jobs
account manager jobs call centre jobs manchester k k,Jobs & Education - Jobs
accounts clerk jobs equity refi,Jobs & Education - Jobs
accounts clerk jobs long distance provider,Jobs & Education - Jobs
advertising account executive career path,Jobs & Education - Jobs
advertising jobs marketing communications jobs marketing assistant jobs campaign management jobs creative jobs marketing executive,Jobs & Education - Jobs
advertising jobs marketing communications jobs marketing assistant jobs campaign management jobs creative jobs marketing executive london,Jobs & Education - Jobs
advertising-senior-account-executive,Jobs & Education - Jobs
air ambulance paramedics salary,Jobs & Education - Jobs
air traffic controller job description,Jobs & Education - Jobs
air traffic controller raf,Jobs & Education - Jobs
air traffic controllerinstructor,Jobs & Education - Jobs
air traffic controllers call july strike in spain,Jobs & Education - Jobs
ambulance and paramedic service requirements,Jobs & Education - Jobs
ambulance assistant paramedics,Jobs & Education - Jobs
ambulance paramedics training,Jobs & Education - Jobs
ambulance service launches student recruitment drive cure paramedic shortage story detail story,Jobs & Education - Jobs
apply job end new advertising operations executive,Jobs & Education - Jobs
apply job end new assistant company secretary month contract,Jobs & Education - Jobs
apprentice town planner IN London,Jobs & Education - Jobs
b licensed engineer embraer,Jobs & Education - Jobs
bb marketing executive,Jobs & Education - Jobs
being a company secretary for an aim listed company,Jobs & Education - Jobs
biomedical and molecular diagnostics firms compete to hire already scarce medical laboratory technologists,Jobs & Education - Jobs
blogs marketing post cfm advertising client as publisher account executive as service s provider,Jobs & Education - Jobs
brand management jobs product marketing jobs marketing and sales jobs marketing manager,Jobs & Education - Jobs
breif description of income tax inspector,Jobs & Education - Jobs
business development jobs business travel jobs office jobs operations jobs product manager jobs ski jobs travel executive jobs london k k,Jobs & Education - Jobs
business news ulster bank jobs to be created at belfast call centre,Jobs & Education - Jobs
can engineer become customs and excise officer,Jobs & Education - Jobs
career center career tracks duties and responsibilities of air traffic controllers,Jobs & Education - Jobs
career sectors engineering cvs and covering letters convince engineering recruiters youre perfect for their graduate,Jobs & Education - Jobs
career sectors engineering giving presentations at engineering assessments tips for job seeking graduates,Jobs & Education - Jobs
career sectors engineering the engineering employers who boast the best benefits and bonuses,Jobs & Education - Jobs
career sectors engineering what can i do with an engineering degree apart from being an engineer,Jobs & Education - Jobs
career sectors hospitality leisure and travel top ten tools for getting a graduate job in the hospitality industry,Jobs & Education - Jobs
careers advice job descriptions catering manager job description,Jobs & Education - Jobs
careers advice job descriptions tax inspector job description,Jobs & Education - Jobs
careers advice job descriptions town and country planner job description,Jobs & Education - Jobs
catering hospitality manager,Jobs & Education - Jobs
catering manager £40 000,Jobs & Education - Jobs
catering manager duties,Jobs & Education - Jobs
catering manager IN south wales,Jobs & Education - Jobs
catering manager jd,Jobs & Education - Jobs
catering manager jobs in UK,Jobs & Education - Jobs
contact town planner malvern johannesburg south africa,Jobs & Education - Jobs
cover letter for accounts clerk,Jobs & Education - Jobs
crowborough sales jobs international advertising sales executive,Jobs & Education - Jobs
customs and excise officer jobs,Jobs & Education - Jobs
customs officer hanged,Jobs & Education - Jobs
customs officer uk,Jobs & Education - Jobs
customs officers raid forest dean business park story detail story,Jobs & Education - Jobs
day life air ambulance paramedic story detail story,Jobs & Education - Jobs
department of education grahamstown vacanies,Jobs & Education - Jobs
design for industry portfolio,Jobs & Education - Jobs
Design for portfolio,Jobs & Education - Jobs
design in making portfolio n,Jobs & Education - Jobs
design make perfect portfolio,Jobs & Education - Jobs
design of how to do an portfolio,Jobs & Education - Jobs
design of portfolios,Jobs & Education - Jobs
design portfolio layouts,Jobs & Education - Jobs
designer portfolio publisher rights,Jobs & Education - Jobs
designer portfolio thomas obri,Jobs & Education - Jobs
designing your fashion portfolio,Jobs & Education - Jobs
designing your portfolio,Jobs & Education - Jobs
difference between a secretary and a company secretary,Jobs & Education - Jobs
director company secretary job,Jobs & Education - Jobs
dissertation proposal management job satisfaction within the hospitality industry,Jobs & Education - Jobs
duties and responsibilities of sales tax inspector,Jobs & Education - Jobs
duties of sales tax inspector,Jobs & Education - Jobs
east england ambulance bosses send paramedics story detail story,Jobs & Education - Jobs
ecommerce-product-manager,Jobs & Education - Jobs
educational catering regional manager,Jobs & Education - Jobs
employer hubs sky software engineering academy developer graduate programme,Jobs & Education - Jobs
en job french advisor m f hospitality industry,Jobs & Education - Jobs
engineers executive positions middle east permanent k k direct employer,Jobs & Education - Jobs
enquiries to work as a customs officer,Jobs & Education - Jobs
expat catering managers jobs,Jobs & Education - Jobs
female scientist researchers bears,Jobs & Education - Jobs
field sales jobs retail sales jobs cheshire,Jobs & Education - Jobs
filling in job application for customer service advisor,Jobs & Education - Jobs
film asia afci chinas wanda touts qingdao mega studios to production managers,Jobs & Education - Jobs
finding a job in the hospitality industry,Jobs & Education - Jobs
forum general uk customs officers,Jobs & Education - Jobs
forum maths compulsory company secretary course,Jobs & Education - Jobs
forums production techniques getting started best way find manager music producer,Jobs & Education - Jobs
free scholarship for less privileges in sierra leone,Jobs & Education - Jobs
free scholarship for msc in canada for african students,Jobs & Education - Jobs
free scholarship for nursing in USA 2015,Jobs & Education - Jobs
Free Scholarship in UK,Jobs & Education - Jobs
free scholarship in united kingdom,Jobs & Education - Jobs
free scholarship in videoedit,Jobs & Education - Jobs
free scholarship india,Jobs & Education - Jobs
free scholarship of Msc in information Technology,Jobs & Education - Jobs
free scholarships for africans,Jobs & Education - Jobs
free scholarships for school livers,Jobs & Education - Jobs
free scholarships in canada,Jobs & Education - Jobs
graduate jobs in the hospitality industry,Jobs & Education - Jobs
Graduate software developer,Jobs & Education - Jobs
how much does a lab technician earn in South Africa,Jobs & Education - Jobs
how much dose a ambulance paramedic earn,Jobs & Education - Jobs
how to become a air traffic controller uk,Jobs & Education - Jobs
how to become a chartered town planner,Jobs & Education - Jobs
how to become an air traffic controller,Jobs & Education - Jobs
how to become an air traffic controller in south africa,Jobs & Education - Jobs
how to make curriculum vitae online,Jobs & Education - Jobs
how to prepare a curriculum vitae for a student searching for a job,Jobs & Education - Jobs
how to set out a curriculum vitae,Jobs & Education - Jobs
how to set up a graduate curriculum vitae,Jobs & Education - Jobs
how to write a competitive curriculum vitae,Jobs & Education - Jobs
how to write a curriculum vitae as a young graduate.,Jobs & Education - Jobs
how to write a curriculum vitae for a sales job,Jobs & Education - Jobs
how to write a curriculum vitae for an accountant,Jobs & Education - Jobs
How to write a good Curriculum Vitae CV,Jobs & Education - Jobs
I've got a job in a call centre but I hate answering the phone,Jobs & Education - Jobs
income tax inspector job profile,Jobs & Education - Jobs
income tax inspector work,Jobs & Education - Jobs
interim company secretary,Jobs & Education - Jobs
job accounts assistant purchase ledger clerk,Jobs & Education - Jobs
job accounts clerk,Jobs & Education - Jobs
job advertising account executives,Jobs & Education - Jobs
job advertising field sales executive online print ellon fraserburg,Jobs & Education - Jobs
job advertising sales executive,Jobs & Education - Jobs
job after sales customer service executive,Jobs & Education - Jobs
job bookkeeper accounts clerk part time role with a publisher in londo,Jobs & Education - Jobs
job call centre agents apply now,Jobs & Education - Jobs
job call centre manchester golden egg reacrutment manchester city centre,Jobs & Education - Jobs
job call centre operative,Jobs & Education - Jobs
job call centre operators,Jobs & Education - Jobs
job call handler customer service call centre advisor,Jobs & Education - Jobs
job catering cafe manager,Jobs & Education - Jobs
job catering manager,Jobs & Education - Jobs
job catering manager education,Jobs & Education - Jobs
job customer service and sales call centre team,Jobs & Education - Jobs
job customer service assistants change career today,Jobs & Education - Jobs
job digital community marketing executive global sports brand,Jobs & Education - Jobs
job digital marketing executive,Jobs & Education - Jobs
job events marketing executive,Jobs & Education - Jobs
job interview hospitality industry,Jobs & Education - Jobs
job lab technician composites,Jobs & Education - Jobs
job laboratory technician,Jobs & Education - Jobs
job marketing copy writing executive,Jobs & Education - Jobs
job medical technologist jobs in macau china,Jobs & Education - Jobs
job part time customer service advisor,Jobs & Education - Jobs
job performance marketing executive chinese native level of speak,Jobs & Education - Jobs
job product manager caribbean north america,Jobs & Education - Jobs
job product manager local marketplaces,Jobs & Education - Jobs
job product manager marketing lcv,Jobs & Education - Jobs
job product manager southern africa,Jobs & Education - Jobs
job profile of air traffic controller,Jobs & Education - Jobs
job sales customer service people urgently required no exp,Jobs & Education - Jobs
job seekers temp to hire placement listings customer service representatives temp hire,Jobs & Education - Jobs
job senior advertising sales executive,Jobs & Education - Jobs
job senior assistant catering manager,Jobs & Education - Jobs
job seo ppc marketing executive online,Jobs & Education - Jobs
job trainee call contact centre agents x temporary,Jobs & Education - Jobs
job trainee lab technician,Jobs & Education - Jobs
job travel and tourism product sales manager afric,Jobs & Education - Jobs
job travel campaign marketing executive,Jobs & Education - Jobs
jobs abu dhabi accounts clerk,Jobs & Education - Jobs
jobs accounts clerk,Jobs & Education - Jobs
jobs and training customer services call centres aged start a career in fitness with government backed training ad (f) search,Jobs & Education - Jobs
jobs article want to be an engineer in germany learn german,Jobs & Education - Jobs
jobs bahrain lab technician,Jobs & Education - Jobs
jobs bahrain software engineering page,Jobs & Education - Jobs
jobs business anlyst (broadcasting and media),Jobs & Education - Jobs
jobs call centre advisor £ hour,Jobs & Education - Jobs
jobs customer service advisors rcc from mcuvvalac of opening at desc,Jobs & Education - Jobs
jobs customer service operative,Jobs & Education - Jobs
jobs customer services advisor neighbourhood services hh from zgyltedsxtch of opening at desc,Jobs & Education - Jobs
jobs customer services assistant from gnkhglg of opening at desc,Jobs & Education - Jobs
jobs customer services manager com from jjpwoobez of opening at desc,Jobs & Education - Jobs
jobs customer services officer leasehold services hh from jllejbylsn of opening at desc,Jobs & Education - Jobs
jobs going at royal mail call centre at cortonwood at wath,Jobs & Education - Jobs
jobs in hospitality and tourism industry,Jobs & Education - Jobs
jobs in hospitality industry,Jobs & Education - Jobs
jobs in the hospitality industry with masters,Jobs & Education - Jobs
jobs inbound customer service advisor,Jobs & Education - Jobs
jobs lab technician,Jobs & Education - Jobs
jobs lab technician page,Jobs & Education - Jobs
jobs livingston software developer page,Jobs & Education - Jobs
jobs middle east catering manager,Jobs & Education - Jobs
jobs northern ireland school lab technician page,Jobs & Education - Jobs
jobs planning policy officer planning officer town planner from kfanccco of opening at desc,Jobs & Education - Jobs
jobs purchasing and accounts clerk advjg from ncaudttfwf of opening at desc,Jobs & Education - Jobs
jobs school catering manager,Jobs & Education - Jobs
jobs townsville town planner,Jobs & Education - Jobs
junior town and regional planners,Jobs & Education - Jobs
kaisa group holdings ltd news kaisa change in company secretary,Jobs & Education - Jobs
L'oreal assistant product manager,Jobs & Education - Jobs
laboratory technician £20000,Jobs & Education - Jobs
language jobs marketing jobs product manager jobs travel executive jobs uk k k,Jobs & Education - Jobs
marketing account executive £20 000,Jobs & Education - Jobs
marketing and pr executive london,Jobs & Education - Jobs
marketing executive city,Jobs & Education - Jobs
marketing executive london,Jobs & Education - Jobs
marketing executive winchester,Jobs & Education - Jobs
mba graduate job in hospitality industry,Jobs & Education - Jobs
medical lab technician jobs,Jobs & Education - Jobs
medical laboratory technologist job description,Jobs & Education - Jobs
medical laboratory technologists review,Jobs & Education - Jobs
medical technologist licensure examination,Jobs & Education - Jobs
michel stern advertising executive,Jobs & Education - Jobs
minerva fellowships for israeli and german scientists and researchers,Jobs & Education - Jobs
national customs officers probed vwmq,Jobs & Education - Jobs
nationwide town planners,Jobs & Education - Jobs
nc forum beitraege bewerbung als junior product manager,Jobs & Education - Jobs
news london hampstead letting agent advertises for landlords with bus adverts in hong kong a,Jobs & Education - Jobs
news taxi inspector has ad enough of scrappy livery on city cabs,Jobs & Education - Jobs
news uk top scientist researcher university poison cat food rats,Jobs & Education - Jobs
north wales ambulance paramedic david hughes,Jobs & Education - Jobs
offline advertising executive,Jobs & Education - Jobs
optical lab technician Cannock jobs,Jobs & Education - Jobs
our candidates susan accounts clerk,Jobs & Education - Jobs
ow to create a curriculum vitae in word,Jobs & Education - Jobs
pathology lab technician,Jobs & Education - Jobs
permanent advertising jobs graduate marketing jobs digital marketing jobs marketing executive london,Jobs & Education - Jobs
permanent advertising jobs marketing communications jobs marketing assistant jobs campaign management jobs creative jobs marketing executive london,Jobs & Education - Jobs
pet friendly letting agents,Jobs & Education - Jobs
production manager job vacancies in Cornwall,Jobs & Education - Jobs
research lab technician and phd,Jobs & Education - Jobs
retail sales jobs berkshire,Jobs & Education - Jobs
retail sales jobs cheshire,Jobs & Education - Jobs
retail sales jobs chester,Jobs & Education - Jobs
retail sales jobs greater manchester,Jobs & Education - Jobs
retail sales jobs livingston,Jobs & Education - Jobs
retail sales jobs london,Jobs & Education - Jobs
retail sales jobs north west,Jobs & Education - Jobs
retail sales jobs sales assistant jobs,Jobs & Education - Jobs
retail sales jobs scotland,Jobs & Education - Jobs
retail sales jobs south east,Jobs & Education - Jobs
retail sales jobs west midlands,Jobs & Education - Jobs
retail sales supervisor job description,Jobs & Education - Jobs
role of company secretary of a limited company at companies house n,Jobs & Education - Jobs
roles of a customs officer,Jobs & Education - Jobs
salary for company secretary,Jobs & Education - Jobs
sale tax inspector job profile,Jobs & Education - Jobs
sales jobs in hospitality industry in london sub,Jobs & Education - Jobs
sample of Curriculum vitae,Jobs & Education - Jobs
sample resume for medical technologist,Jobs & Education - Jobs
screening the curriculum vitae cv,Jobs & Education - Jobs
self employed company secretary jobs in uk,Jobs & Education - Jobs
should you write CV or Curriculum Vitae,Jobs & Education - Jobs
skills for company secretary,Jobs & Education - Jobs
skills for curriculum vitae,Jobs & Education - Jobs
skills included in curriculum vitae,Jobs & Education - Jobs
skills to write on ones curriculum vitae,Jobs & Education - Jobs
software developer 4,Jobs & Education - Jobs
software developer 6,Jobs & Education - Jobs
software developer python,Jobs & Education - Jobs
south african curriculum vitae for high school student holiday job,Jobs & Education - Jobs
south west ambulance paramedic face panel accused story detail story,Jobs & Education - Jobs
south west ambulance paramedics strike tomorrow story detail story,Jobs & Education - Jobs
spanish air traffic controller strikes affect story detail story,Jobs & Education - Jobs
steps to writing a good curriculum vitae,Jobs & Education - Jobs
student news male engineering student at eastern washington university explains why women and men are not equal a,Jobs & Education - Jobs
tax inspectors,Jobs & Education - Jobs
town planner,Jobs & Education - Jobs
uk jobs other jobs home working home based call centre operatives wanted urgent view,Jobs & Education - Jobs
uk tax a advised hmrc tax not applicable negligence claim inspector,Jobs & Education - Jobs
us en solutions products media delivery download manager faq,Jobs & Education - Jobs
web-software-developer,Jobs & Education - Jobs
what are the responsibilities of an air traffic controller,Jobs & Education - Jobs
what are the various jobs in hospitality industry?,Jobs & Education - Jobs
what happens to inheritance tax if house sale price exceeds price given to tax inspector,Jobs & Education - Jobs
what is income tax inspector,Jobs & Education - Jobs
what is the work of customs officers,Jobs & Education - Jobs
who is a tax inspector?,Jobs & Education - Jobs
