arabic international news news of the middle east and the arab world,News - International News
arabic international news world news,News - International News
archives category international news,News - International News
argo group international news,News - International News
argo group international news argo reports third quarter net income of per diluted share,News - International News
International breaking news,News - International News
international breaking news kelly renee gissendaner executed after long final appeal process,News - International News
international business ma news,News - International News
international news 3rd october 2015,News - International News
international news a person with two faces in photographs sonda awake for the second,News - International News
international news alien like creature found dead in california,News - International News
INTERNATIONAL NEWS APPS,News - International News
international news before going to bed her husband sent pictures of themselves,News - International News
international news blast added dominoes,News - International News
international news care worker christina sethi facing years jail for sexually assaulting patients,News - International News
international news catholic school teacher caught having sex with her student,News - International News
international news earthquake in pakistan,News - International News
international news for for fourners sub,News - International News
international news headlines cleveland ohio fitness accounting software,News - International News
international news headlines Santander,News - International News
international news headlines web hosting best,News - International News
international news in french sub,News - International News
international news indian elder americans were not a threat to the policeman,News - International News
international news isis shot down russian plane killing all on board,News - International News
international news lists billets post aspx,News - International News
international news literacy workshop vienna,News - International News
international news massive piece of space junk dubbed wtf on collision course with earth,News - International News
international news mexican girl raped times in four years,News - International News
international news mike huckabee announces run for president is against h b visa,News - International News
international news nasa video captures breathtaking canyon of fire on surface of the sun,News - International News
international news news in english,News - International News
international news news social media bat snake,News - International News
international news nonvej bad news for eaters,News - International News
international news on us ufo technology,News - International News
international news pakistan increase security of dawood after rajan arrest,News - International News
international news patricia storm came ashore in mexico puerto thousands homeless,News - International News
international news plane loose contact with egypt air traffic control,News - International News
international news rajan says dawood is in pakistan,News - International News
international news reports annuity lead system,News - International News
international news reports direct tv basic,News - International News
international news reports international farm tractor parts,News - International News
international news reports labratory furniture,News - International News
international news reports Utah businesses for sale,News - International News
international news russian fire power display,News - International News
international news russian plane crash pics of killed people photo,News - International News
international news rwanda prison tax human rights watch photo,News - International News
international news secrets of sperm is better handful walnuts,News - International News
international news south sudan planes hospitals police photo,News - International News
international news teaching assistant allegedly had sex times with year student,News - International News
international news the mother appealed you will also cry,News - International News
international news they must work in the dark to sleep before bed,News - International News
international news two people are struck by lightning and a passenger jet narrowly escapes a massive bolt as freak storm lashes sydney,News - International News
international news when the sky began to fly in something which people were surprised to see video,News - International News
international news when women wear clothes off the envelope had viral pictures photo,News - International News
international other international news,News - International News
international pacific news court eases sentences in wallis tax fraud case,News - International News
international pacific news new tax fraud case in wallis,News - International News
international pacific news wallis fraud appeal ruling due in march,News - International News
international pacific news wallis trial opens into massive fraud,News - International News
latest international news today,News - International News
latest news international launch of all new mg index,News - International News
latest news new international airport mohali,News - International News
latest news of international space station,News - International News
latest news on eros international bond n,News - International News
news headlines albuquerque international balloon festival gets underway,News - International News
news headlines astronauts on spacewalk install equipment clean windows on international space station,News - International News
news headlines fla international driving permits violate geneva convention,News - International News
news headlines new international transatlantic flight from germany to florida,News - International News
news headlines sixth international pug meeting in germany,News - International News
news headlines southwest airlines to discontinue some flights at bishop international airport,News - International News
news headlines wednesday is international walk to school day,News - International News
news international abraham lincoln m document signed manuscript sells big,News - International News
news international adoptions prospective adoptive parents orphanage,News - International News
news international aids candlelight victims of aids candlelight vigil honors,News - International News
news international air racing series takes,News - International News
news international airbnb best way to have sex in a strangers house,News - International News
news international airport theft stolen,News - International News
news international aliens found in spain country and they afraid on that matter,News - International News
news international all latest news,News - International News
news international all us states now terrifying to british people,News - International News
news international aloha snackbar islamic extremists attack russia special forces open can of whoop ass video,News - International News
news international america exercises right to punch itself in the nuts,News - International News
news international america fifteenth maybe twentieth best country in the world says obama,News - International News
news international america spied on yorkshire for about five minutes,News - International News
news international american rave culture to be worst thing that has ever happened,News - International News
news international american teenager arrested for interest in science,News - International News
news international american toy fair toy industry lego systems,News - International News
news international americans warn scotland about hope change bullshit,News - International News
news international americans without health insurance attack plan to give them health insurance,News - International News
news international analysis obama netanyahu to sit down today,News - International News
news international andy murray offers to fund scottish pension system,News - International News
news international angel told nun he was really into her,News - International News
news international angela merkel in turkey to promote eu migrant plan article ece,News - International News
news international anna chapman also has fantastic tits claims fbi,News - International News
news international annan decks assad,News - International News
news international anti insanity vaccinations easiest way to stop mass shootings claims gun lobby,News - International News
news international antiporno fight tests muslim tolerance in indonesia,News - International News
news international arabic word for spring is same as arabic word for tear gas,News - International News
news international architecture competition for sustainable housing deadline near news rss advertise,News - International News
news international argentine top gear leaves trail of destruction,News - International News
news international arm teachers say unspeakable pieces of shit,News - International News
news international artists create tear jerking tributes for the drowned syrian boy,News - International News
news international artists interpret christmas with one of a kind christmas gifs,News - International News
news international assad chuffed he wasnt friends with blair,News - International News
news international assange to be tempted from embassy with trail of secrets,News - International News
news international atomic energy agency uzbekistan becomes heu free following shipment of fuel to russi,News - International News
news international australia wants to get its war on,News - International News
news international australian celebrates punching a shark with can of surprisingly weak lager,News - International News
news international austria launches birthplace of hitler campaign,News - International News
news international ayia napa ravers urged to large it,News - International News
news international backing rapists turns out to be terrible idea,News - International News
news international backpacker survives weeks in australia,News - International News
news international backpacker to explain why he smells of prostitutes,News - International News
news international balloon arts convention hyatt regency o hare john preston,News - International News
news international beers on offer during day local festival,News - International News
news international beverage appoints park avenue spirits as exclusive us importer for its award winni,News - International News
news international bids boost sale at shropshire auction,News - International News
news international bin laden was conspiracy theorist,News - International News
news international blair applies to be caliph,News - International News
news international blair to turn anti extremist group into pragmatic extremist friendly brand,News - International News
news international bookish australians indifferent to olympics success,News - International News
news international both world wars could have been stopped if everyone had guns says presidential candidate,News - International News
news international botswana,News - International News
news international brazilians asked if they are insane,News - International News
news international brics summit,News - International News
news international bricsbank opens,News - International News
news international brigadoon vanishes for another years,News - International News
news international britain could miss out on crazy pointless war with china says important american,News - International News
news international britain still gripped by every twist and turn of syria story,News - International News
news international british and german holidaymakers joint worst says rest of europe,News - International News
news international bush explains upside of torture mass death and bankruptcy,News - International News
news international business china august imports of distillers grain up per cent year on year customs articleshow cms,News - International News
news international business china rolls out own passenger plane c in effort to take on global giants like boeing airbus articleshow cms,News - International News
news international business emirates hints at no dubai airshow orders pushes decision on a to next year articleshow cms,News - International News
news international business farm kings,News - International News
news international business global economy factories struggle as stimulus fails to spur articleshow cms,News - International News
news international business google aims to begin drone package deliveries in articleshow cms,News - International News
news international business japan says economy contracted in q articleshow cms,News - International News
news international business machines ibm q results earnings call webcast,News - International News
news international business nordic nations at top on gender equality world economic forum rankings articleshow cms,News - International News
news international business oracles ellison steps aside as ceo co ceos catz and hurd take over articleshow cms,News - International News
news international business us government set for devastating default weeks earlier than forecast articleshow cms,News - International News
news international business want to burn coal save the planet japan touts a solution articleshow cms,News - International News
news international business what the terrible september jobs report means for us economy articleshow cms,News - International News
news international business wto says trade deal could boost global exports by trillion articleshow cms,News - International News
news international but i was wearing tights says violent criminal,News - International News
news international buyer has been absent unsold hamptons mansions pile bubble bursts,News - International News
news international buyer tipped vimpelcom stake,News - International News
news international buyers to attend governors global tourism summit nov in las vegas,News - International News
news international call of duty coming true,News - International News
news international cameron attacks argentinas half arsed colonialism,News - International News
news international cameron excluded from cool g clique,News - International News
news international cameron fails in bid to add an extra explosions to syria,News - International News
news international cameron to arm syrian rebels with a camping stove,News - International News
news international cameron urges britons to steal from european hotels,News - International News
news international cameron visit better than a british passport says refugee,News - International News
news international cameron vows uk will be last country on earth to legalise weed,News - International News
news international cameron waiting until weekend to condemn putin,News - International News
news international can i stay with you gaddafi asks blair,News - International News
news international cant you all just settle this over a nice plate of dog world asks korea,News - International News
news international cardinals to elect first hot pope,News - International News
news international carla bruni breaks president of france,News - International News
news international chad wants to use oil money to buy weapons report,News - International News
news international chavez bans felicity kendal,News - International News
news international child labourer oblivious to concept of blue monday,News - International News
news international chilean mine starting to sound not bad,News - International News
news international china commemorates years since nothing happened,News - International News
news international china ends fun experiment with capitalism,News - International News
news international china to build british nuclear plants that can be detonated remotely,News - International News
news international china warns u s potential war south china sea,News - International News
news international chinas growing empire ports abroad mainly about trade not aggression new masters,News - International News
news international chinas manufacturing pmi falls to sixmonth low of in nov hsbc article ece,News - International News
news international chinese bus driver saves woman from committing suicide,News - International News
news international chinese couples no mood have two kids,News - International News
news international cinematographers guild icg votes to approve rebecca rhine its new national executive,News - International News
news international cities are starting put pedestrians and cyclists motorists makes them,News - International News
news international clegg bans putin from sheffield hallam,News - International News
news international coma guy to blackmail the shit out of hospital staff,News - International News
news international companies abengoa chairman to step down as company readies share sale,News - International News
news international companies actavis omega pharma bid us markets,News - International News
news international companies airbus clinches record indigo deal for aircraft,News - International News
news international companies allergan nabs double chin drug in bn acquisition,News - International News
news international companies alphabet to replace google as stock market entity,News - International News
news international companies altice launches eurbn equity raising to fund cablevision deal,News - International News
news international companies amazon to take legal action against people writing fake reviews,News - International News
news international companies analysis is ferrari really worth more than google or apple probably not,News - International News
news international companies apple applies for smart ring patent,News - International News
news international companies apple crunched by negative views,News - International News
news international companies apple expecting to break sales records as iphone s hits shelves,News - International News
news international companies apple facing up to m in damages for patent infringement,News - International News
news international companies apple forces samsung to remove galaxy features,News - International News
news international companies apple guides towards record sales in fourth quarter,News - International News
news international companies apple music converts m users to paid service,News - International News
news international companies apple music to pay artists during free trial after taylor swift open letter,News - International News
news international companies apple officially launches music streaming service,News - International News
news international congressional resolution introduced to welcome sharif in us article ece,News - International News
news international conspiracy theorists deny anniversary,News - International News
news international consumer fury as narcotics bought online fail to arrive,News - International News
news international cornwall to celebrate new status with disgusting amount of cream,News - International News
news international counsel join costa rican trial team in the homicide trial of ann patton bender helpin,News - International News
news international countries whose names dont work with exit barred from leaving eu,News - International News
news international crime and punishment reclassified as non russian novel,News - International News
news international crimeans hoping putin okay with per cent,News - International News
news international danish giraffes unhappiest in world,News - International News
news international death of twinkies could affect american holiday one upmanship,News - International News
news international desertification threatens middle east,News - International News
news international donald trump promises to be americas first fictional president,News - International News
news international drive jogger driving laws,News - International News
news international drone photography award winners,News - International News
news international drug conspiracy involving wrexham man alleged aspx,News - International News
news international drug dealers to repay out of k profit,News - International News
news international dubai plans skyscraper made of fanta,News - International News
news international dubai to build twatopolis,News - International News
news international dunkirk style mission to leave stranded migrants where they are,News - International News
news international dutch king launches novelty bong website,News - International News
news international duuuh everyone tells jimmy carter,News - International News
news international england demands english votes for french laws,News - International News
news international england toasts all the great things it did for ireland,News - International News
news international english suffering from wales envy,News - International News
news international eternally optimistic guardian reader finally admits obama is dreadful,News - International News
news international eu allows maniac to be extradited near your children,News - International News
news international eu popular when humiliating america,News - International News
news international eu taxpayers okay with not letting people drown,News - International News
news international eu threatens to install prepayment meter,News - International News
news international eu threatens to send expatriate grandparents home,News - International News
news international eu vote will include option to restart ww,News - International News
news international europe destroyed by curse of the leprechaun,News - International News
news international europe to review transporting fire in lorries,News - International News
news international european dole more chic and sophisticated,News - International News
news international european leaders not allowing cameron to use toilet,News - International News
news international european woman jumps from th floor in dubai lands on man,News - International News
news international europes insects threatened by habitat loss,News - International News
news international euros disintegrating in sunlight,News - International News
news international have low yield nuclear weapons counter india admits pakistan,News - International News
news international headlines athens greece to build new sqaure in centre of city,News - International News
news international headlines enterthe world beard and moustache championships,News - International News
news international headlines massive traffic jam captured on camera in china,News - International News
news international headlines media given tour of in progress olympic facilities,News - International News
news international headlines star wars themed christmas display lights up the streets of paris,News - International News
news international headlines study mammals thrive in chernobyl exclusion zone,News - International News
news international headshot isis terrorist brings gopro to battle films his own death hd video,News - International News
news international herald tribune,News - International News
news international hilary clinton to use you oughta know as campaign song,News - International News
news international hillary clinton auditionnee pendant onze n,News - International News
atest local news glasgow,News - Local News
bbc local news derby,News - Local News
BBC local news herne bay sub,News - Local News
bbc local news horsham,News - Local News
BBC Local News Hounslow,News - Local News
BBC Local News Hull,News - Local News
bbc local news leeds,News - Local News
BBC Local News Milton Keynes,News - Local News
bbc local news north west,News - Local News
bbc local news plymouth,News - Local News
BBC Local News Staffordshire,News - Local News
bbc local news stoke on trent,News - Local News
bbc local news tameside,News - Local News
bbc local news truro crown court today n,News - Local News
bbc local news truro today n,News - Local News
bbc local news womans forest group,News - Local News
cal news march wisbeach,News - Local News
doncaster local news AS,News - Local News
dorking local news,News - Local News
grimsby local news stories,News - Local News
grimsby telegraph local news,News - Local News
guildford local news,News - Local News
Latest local news Gloucester,News - Local News
Latest Local News Headlines,News - Local News
latest local news in epping and ongar n,News - Local News
latest local news in essex AS,News - Local News
latest local news in Gloucestershire,News - Local News
latest local news in herts,News - Local News
Latest Local News Leeds,News - Local News
Latest Local News Sheffield,News - Local News
latest local news stoke.on.trent,News - Local News
latest local news sutton surrey,News - Local News
latest local news tameside,News - Local News
latest local news thanet,News - Local News
latest local news torquay,News - Local News
latest local news torquay - google search,News - Local News
latest local news Tunbridge wells,News - Local News
latest local nuneaton news,News - Local News
latest local welsh news,News - Local News
Local Breaking News Bristol,News - Local News
Local Breaking News Milton Keynes,News - Local News
Local Breaking News Nottingham,News - Local News
local brentwood news,News - Local News
local bridlington news,News - Local News
local bridlington news missing boy,News - Local News
local events news brief october story detail story,News - Local News
local eyewitness news st paul,News - Local News
Local Falkirk News Scotland,News - Local News
local flintshire news,News - Local News
local football news burton mail 5 11 15,News - Local News
local french news n,News - Local News
Local German News in English,News - Local News
local german news in englishdaily epress,News - Local News
Local German news on refugees,News - Local News
local glasgow news red row flats demolition,News - Local News
local golf news friday 6th november header,News - Local News
local golf news header,News - Local News
Local Government News,News - Local News
local government news austraia,News - Local News
local grangemouth news,News - Local News
local great haywood news,News - Local News
LOCAL GRIMSBY NEWS n,News - Local News
local guardian news loughton,News - Local News
local halloween news,News - Local News
local hamburg germany news,News - Local News
local hamburg news n,News - Local News
local news a guide to gemiler island,News - Local News
local news accidents norwich,News - Local News
local news africa,News - Local News
local news alfreton,News - Local News
local news allocation for the oludeniz road,News - Local News
local news anchors hot,News - Local News
local news and ads,News - Local News
Local News and Newspapers,News - Local News
Local News and Newspapers news shopper,News - Local News
Local News and Weather Nottingham,News - Local News
local news app android,News - Local News
Local news armley,News - Local News
local news arnold,News - Local News
local news atherstone warwickshire,News - Local News
local news bristol road closures,News - Local News
local news brixham,News - Local News
local news busdriver,News - Local News
local news calis car boot dates confirmed for new season,News - Local News
Local News Camberley,News - Local News
local news cambridgeshire SC,News - Local News
local news campaign for fethiyes city status gains momentum,News - Local News
local news canterbury n,News - Local News
local news captain june awarded mbe by queen for services to turkish environment endangered species,News - Local News
local news captive dolphins is this kind of business really worth the pain says corrie street actor and born free patron helen,News - Local News
local news car chasers film season three during carmageddon lubbock,News - Local News
local news car fires porthcawl,News - Local News
local news cawston,News - Local News
local news chatsworth south africa 011015,News - Local News
Local news cheddar n,News - Local News
local news chef ugur vata now at port gocek with galley restaurant,News - Local News
local news chelmsford essex,News - Local News
local news exeter uk,News - Local News
local news exitar,News - Local News
local news exmouth,News - Local News
local news fairmilehead,News - Local News
local news falmouth n,News - Local News
local news far eastern massage specialist brings relief to fethiye,News - Local News
Local News Farnham and churt,News - Local News
local news fatal paragliding accident increases concerns about lack of safety measures,News - Local News
local news feel the rush sports to increase your pulse rate in fethiye and oludeniz,News - Local News
local news fethiye faces problems in tourism sector,News - Local News
local news fethiye registrar publishes statistics,News - Local News
local news fethiyes unrequited wish to welcome cruise ships,News - Local News
local news for Harlow,News - Local News
local news for huntingdon cambridgeshire,News - Local News
local news for langold n,News - Local News
local news for leicester,News - Local News
local news for Mansfield,News - Local News
local news for newmarket,News - Local News
local news for northampton,News - Local News
local news for nuneaton,News - Local News
local news for pontardawe,News - Local News
local news for redruth cornwall web,News - Local News
local news for rg5 on the roads,News - Local News
local news for rotherham,News - Local News
local news hull area,News - Local News
local news hull humberside,News - Local News
local news huntingdonshire,News - Local News
local news important announcement from fethiyes british consulate,News - Local News
local news in 1933 in uk,News - Local News
local news in ahaus germany,News - Local News
local news in alsagers bank n,News - Local News
local news in ayrshire dundonald,News - Local News
Local News in Barnsley,News - Local News
local news in barnsley yorkshire,News - Local News
local news in bath somerset,News - Local News
local news in bearsdrn,News - Local News
local news in bedfordshire AS,News - Local News
local news in bedworth,News - Local News
local news market harborough AS,News - Local News
local news marmaris mayor with chp ticket ali acar meets with foreign wives,News - Local News
local news marple,News - Local News
local news matlock,News - Local News
local news men arrested in gregory boulevard,News - Local News
local news merseyside,News - Local News
local news metro,News - Local News
local news million dollar marina to be opened on the th of august,News - Local News
local news missing man steve clark,News - Local News
Local News Montrose,News - Local News
local news montrose review,News - Local News
local news mountsorrel,News - Local News
local news n.i,News - Local News
Local News Near Me,News - Local News
Local News Neath,News - Local News
local news nelson lancashire,News - Local News
Local News New Addington,News - Local News
local news new york city news story,News - Local News
local news newark California,News - Local News
Local News Newcastle,News - Local News
local news newcastle under lyme,News - Local News
Local news Newport Isle of wight,News - Local News
local news newquay,News - Local News
Local News Newspaper,News - Local News
local news newton abbot,News - Local News
local news newton abbot fire sub,News - Local News
local news nicholas heights deluxe suite hotel opened,News - Local News
local news nigeria,News - Local News
local news nn12,News - Local News
local news no plastic bag day starting november,News - Local News
local news northern ireland,News - Local News
local news northfield bham man found dead,News - Local News
local news norway,News - Local News
local news nottinghamshire,News - Local News
local news nuneaton bedworth,News - Local News
local news obsaver in bishops stortford,News - Local News
local news of bremen germany,News - Local News
local news of caterham valley caterham surrey,News - Local News
local news of germany in english,News - Local News
Local news of nepalgunj,News - Local News
local news of people falling from cliff in perrinporth,News - Local News
local news old colwyn,News - Local News
local news on accidents today in weybridge,News - Local News
local news on derby evening telegraph,News - Local News
local news on saturday nd august there will be music filling the warm night air of fethiye,News - Local News
local news on science breakthrough in nigeria,News - Local News
Local news on smart recruitment derby,News - Local News
local news oykun hotel bowls club,News - Local News
local news p-aper adverts eastborne sub,News - Local News
local news pages,News - Local News
Local News Pahrump Nevada,News - Local News
local news paisley,News - Local News
Local News Paper,News - Local News
local news paper in leeds,News - Local News
Local News papers for south northamptonshire,News - Local News
local news papers in dewsbury west yorkshire,News - Local News
local news penryn falmouth now,News - Local News
local news peterborough,News - Local News
Local News Peterhead,News - Local News
local news pheonix durban kzn,News - Local News
local news phoenix az LC,News - Local News
local news plymouth devon,News - Local News
local news plymouth uk police motor census,News - Local News
local news population at uzumlu refuses to give up,News - Local News
local news porthcawl,News - Local News
Local News Portsmouth,News - Local News
local news ramsey cambs,News - Local News
local news ramsgate,News - Local News
local news redhill,News - Local News
local news reigate surrey,News - Local News
local news reports Edinburgh,News - Local News
local news retford n,News - Local News
local news review of last nights firework display at hook road arena,News - Local News
local news ripley derbyshire,News - Local News
local news ripley derbyshire facebook,News - Local News
Local News Ripon,News - Local News
local news rising sun,News - Local News
local news swansea,News - Local News
local news swansea wales,News - Local News
local news taste of fethiye project acclaimed with un award,News - Local News
local news temperatures rise over fethiyes boatyard relocation,News - Local News
local news th august sunday election day alcohol ban,News - Local News
local news thanet,News - Local News
local news the uzumlu ladies group hawaiian luau party here at guvens bar and restaurant,News - Local News
local news the water joke of tourists caused death,News - Local News
local news tickhill doncaster,News - Local News
local news to newark on trent,News - Local News
local news today glasgow east renfrewshire,News - Local News
local news tolls at gocek tunnel are objected,News - Local News
local news tonbridge,News - Local News
local news torbay AS,News - Local News
local news Torpoint 5 november,News - Local News
local.news n,News - Local News
ocal evening news,News - Local News
ocal news accident on nabbs lane hucknall,News - Local News
ocal news exeter devon n,News - Local News
ocal news for hanham bristol,News - Local News
ews national convicted killing marine wife refused rough sex article,News - National News
ews national headlines boy charged in deadly national guard armory shooting,News - National News
national news,News - National News
national news a person cut the tongue in the temple dedicated to the goddess,News - National News
national news a restaurant owner beaten up by goons in delhi sarojini nagar,News - National News
national news aarushi talwar case came the sensational video,News - National News
national news abbas no final agreement with israel until all prisoners released,News - National News
national news abourers making firecrackers for diwali inside factories photo,News - National News
national news about puppy found in boxes,News - National News
national news about the low of indonesian students in learning speaking in english,News - National News
national news acid attack on woman and man,News - National News
national news acid attack victim lakshmi becomes mother,News - National News
national news ahmedabad facebook jignesh,News - National News
national news asaram dancing outside the court,News - National News
national news asthma cured years story detail story,News - National News
national news b q stores set close country story detail story,News - National News
national news beer golf is beer pongs sophisticated older brother,News - National News
national news big foot,News - National News
national news chhota shakeel had vowed to kill don rajan before diwali,News - National News
national news child chocolate cracker death photo,News - National News
national news congress remembers indira gandhi,News - National News
national news coroner calls cot removed shops story detail story,News - National News
national news cyber threats a major challenge in nigeria,News - National News
national news daily of Nigeria,News - National News
national news daily thousand parrot line feed grain here,News - National News
national news daughter in law murder,News - National News
national news day of marital wife was murdered,News - National News
national news delhi university student year old wife,News - National News
national news depression victims in eating these things eat,News - National News
national news drinking water is the best and worst time,News - National News
national news earthquake on is it coincidence or a curse,News - National News
national news earthquake sure way to avoid these,News - National News
national news end of the world in december,News - National News
national news fallout beer is a real thing,News - National News
national news father raped her daughter,News - National News
national news first class innocent of rape,News - National News
national news get out of the grave to spoken her daughter,News - National News
national news girl is long hair,News - National News
national news greatest leader of the th century ataturk,News - National News
national news harbhajan singh and geeta basra reception in delhi photo,News - National News
national news harbhajan singh and geeta modi arrived in reception,News - National News
national news harbhajan singh luxury life,News - National News
national news headlines manufacturer direct stainless steel shelves for kitchen,News - National News
national news headlines wood work benches,News - National News
national news hmrc fine people late tax returns story detail story,News - National News
national news husband of the wife beating,News - National News
national news husband was dancing on the grave of his wife for three years,News - National News
national news if this kind of pak bajrangi bhaijana the country ushered songs see pictures,News - National News
national news in 2015 september,News - National News
national news india world s th most valued nation brand us on top,News - National News
national news israel prize winner al schwimmer dies on th birthday,News - National News
national news karwa chauth celebration,News - National News
national news kidney diseases like cancer and remove the seeds of papaya,News - National News
national news laws muder her daughter in law,News - National News
national news leave these habits will reduce obesity itself,News - National News
national news meet india s youngest ceo duo,News - National News
national news modi celebrates diwali with soldiers in amritsar,News - National News
national news modi s marital come true before the big,News - National News
national news morrisons supermarket wins britain story detail story,News - National News
national news neeta ambani life style,News - National News
national news new twist in arushi talwar double murder case,News - National News
national news now only rs to diabetes treatment,News - National News
national news on 21 22 23 24 25 26,News - National News
national news property dealer shot dead at petrol pump in gurgaon incident caught on camera,News - National News
national news raj babbar says to two words for modi,News - National News
national news rich family daughter in law nita ambani is birthday,News - National News
national news ruben paul cyber experts gaming company,News - National News
national news sabmiller gets takeover approach from anheuser busch inbev,News - National News
national news sai baba did not ever claim to be god who idolize all free for it rss,News - National News
national news story nsf east asia and pacific summer institutes eapsi fellowship program applic,News - National News
national news students rank universities colleges ahead of school year,News - National News
national news study most failed drug trials unpublished aspx,News - National News
national news tesco names stores close uk story detail story,News - National News
national news the girl with fiance took steps terrible photo,News - National News
national news the second caste was a boy love,News - National News
national news these things will not put money in the house,News - National News
national news this craft beer company tells a fallen soldiers story on every single can,News - National News
national news thomas cook asks lenders for extra m funding headroom,News - National News
national news underworld don chhota rajan,News - National News
national news unhappy wife sets husband private parts on fire,News - National News
national news usa cajunview network management,News - National News
national news usa hotels conference,News - National News
national news usa notebook,News - National News
national news venomous spider uk arriving story detail story,News - National News
national news waitrose customers buy treat want story detail story,News - National News
national news weather energy management programs,News - National News
national news weather global satellite phone,News - National News
national news weather hire a graphic designer,News - National News
national news weather physician answering service,News - National News
national news weather small business consulting firm,News - National News
national news weather Telephone Answering,News - National News
national news weather Water Damage Cleanup,News - National News
national news year old tradition of the court move,News - National News
national news you won t be able to use your indian passport from november if,News - National News
national news- letter founded by commander stephen king- hall,News - National News
news national all latest news,News - National News
news national almac group announces m loughborough expansion,News - National News
news national alton towers to axe up to jobs,News - National News
news national alzheimer s drug can help late stage patients stay out of nursing homes,News - National News
news national amanda scarpinati susan berger years later burn victim reunites with loving nurse,News - National News
news national amber rudd under fire over leaked letter on missed energy targets,News - National News
news national ambulance service manipulated figures to hit call targets,News - National News
news national ambulance trusts can hit response targets if defibrillator is nearby,News - National News
news national american airlines pilot dies during flight from phoenix to boston,News - National News
news national americans owe trillion student loans article,News - National News
news national amit shah meets rss chief article ece,News - National News
news national andrew fisher jeremy corbyn s head of policy suspended from labour party,News - National News
news national anti tsa activist claims groped not frisked airport video article,News - National News
news national apple chief tim cook warns against new snooping laws,News - National News
news national bright future ahead te mana kuratahi,News - National News
news national british lawyer and wife killed on caribbean island of tobago,News - National News
news national british pm urged to intervene in case of teenager facing trial in egypt,News - National News
news national british soldier held over bloody sunday demo killings released on bail,News - National News
news national britons stranded in sharm el sheikh will be home by the end of the week,News - National News
news national britons warned against sharm el sheikh airport travel amid jet crash bomb fears,News - National News
news national bronchial infection antibiotics could lead to heart issues,News - National News
news national brothers roger and david cooper given at least years for sameena imam murder,News - National News
news national cops injured youths busted brawl pa school article,News - National News
news national cotton council of america midwest western farmers to see high plains cotton operations,News - National News
news national councils spend close to nothing on preventing mental health problems,News - National News
news national couple fire blackface kanye halloween photo article,News - National News
news national court custody facilities condemned by inspectors,News - National News
news national cps fined over stolen videos of sex victims tearful police interviews,News - National News
news national crane driver dies after m tanker crash,News - National News
news national crown court system intimidating and archaic report,News - National News
news national customer id policy update,News - National News
news national cyprus military base migrants given asylum ultimatum,News - National News
news national dalit subcastes seek reservation review article ece,News - National News
news national dallas boy leaves hospital mom poison attempt article,News - National News
news national dating apps could trigger explosion of hiv expert warns,News - National News
news national dating fraud victims conned out of m in,News - National News
news national david beckham pays tribute after fundraiser kirsty howard dies aged,News - National News
news national david cameron meets irish premier as stormont power share rescue bid ramped up,News - National News
news national david cameron to miss first meeting of eu leaders since reform demands,News - National News
news national david cameron warns against uk having norway style deal with eu,News - National News
news national david cameron wrote to council leader to complain about cuts,News - National News
news national david cassidy charged with leaving scene of crash,News - National News
news national david ford rejects maghaberry prison scapegoat claims,News - National News
news national days of mourning and prayer for dominica as tropical storm erika damage assessed,News - National News
news national dead as business jet crashes into apartment building,News - National News
news national dead business jet crashes akron building article,News - National News
news national deadline expires for objections to lord lucan death certificate,News - National News
news national deathclock victims of gun violence dehere foundation,News - National News
news national debenhams boss michael sharp to step down in amid shareholder pressure,News - National News
news national debt warning over deal to save powersharing in northern ireland,News - National News
news national defence in guy turcotte case to seek not criminally responsible verdict article,News - National News
news national detroit woman scares neighborhood dummy body article,News - National News
news national director defends level of violence in latest hunger games movie,News - National News
news national director general lord hall i m sad the voice is leaving bbc,News - National News
news national disabled people sleeping in wheelchairs due to social care cuts,News - National News
news national disquiet among british diplomatic community amid crisis of identity,News - National News
news national dj neil fox incredulous at sex assault claims court told,News - National News
news national dj neil fox made colleague want to puke with sleazy behaviour,News - National News
news national doctors reveal perils of hair pins head lice and herbal medicine,News - National News
news national doctors warn over plan for a e charges for overseas patients,News - National News
news national ex soldier arrested in bloody sunday shootings probe,News - National News
news national ex taoiseach bertie ahern warns brexit could spark ireland referendum,News - National News
news national experts talk about oswestry hillforts future,News - National News
news national express extension of pusu deadline,News - National News
news national express looking for drivers,News - National News
news national express quitting australia,News - National News
news national express withdraws double decker coach fleet after horror crash,News - National News
news national fainting pupils trigger major alert at north yorkshire school,News - National News
news national headlines boy dies after getting trapped in grain bin on familys farm,News - National News
news national headlines boy found dead in degree bedroom,News - National News
news national headlines boy who died at hospital had ligature around his neck,News - National News
news national headlines boys record sex video students suspended,News - National News
news national headlines bush biography author stops by bush library to launch book,News - National News
news national headlines california muralist killed doing anti violence project,News - National News
news national headlines cat survives being shot by arrow,News - National News
news national headlines charlie brown actor pleads guilty to making criminal threat,News - National News
news national headlines consumer reports hazardous chemicals in mattresses,News - National News
news national headlines cops man spanked boys after selling them smokes,News - National News
news national headlines court upholds obama administration plan,News - National News
news national headlines dead wounded in university shooting in arizona,News - National News
news national headlines death row inmate demands the electric chair,News - National News
news national headlines death toll confirmed in ohio plane crash,News - National News
news national headlines deputy comforts crying baby after traffic accident in alabama,News - National News
news national headlines detectives hope new composite will help solve year old cold case,News - National News
news national headlines dog named trigger shoots owner during waterfowl hunt,News - National News
news national headlines eagles fans help dallas womens shelter,News - National News
news national headlines earthquake death toll rises,News - National News
news national headlines epa national plan to prevent lung cancer deaths due to radon exposure,News - National News
news national headlines i would do it again mizzou coach says of backing for boycott,News - National News
news national headlines joyful reunion as soldiers return after months,News - National News
news national headlines judge wont let september suspect fire lawyer case advances,News - National News
news national headlines justin bieber announces city purpose world tour,News - National News
news national headlines kids straw tumblers due to risk of ingestion,News - National News
news national headlines killed injured in zombicon shooting,News - National News
news national headlines lawyer father had hands up when officers killed son,News - National News
news national headlines leg strength could have positive effects on the brain,News - National News
news national headlines low oil prices could lead to energy shortages,News - National News
news national headlines major sex trafficking bust,News - National News
news national headlines man charged in attempt to drown children in pond,News - National News
news national headlines man tests wearable artificial kidney,News - National News
news national headlines marijuana use in us adults doubles in decade surveys show,News - National News
news national headlines massive sinkhole swallows cars,News - National News
news national headlines military identifies remains of pearl harbor unknowns,News - National News
news national headlines milwaukee police retrieve flag burned at gop debate protest,News - National News
news national headlines university of missouri football players demand presidents resignation,News - National News
news national headlines us commandos are headed into syria,News - National News
news national headlines us official china should pay price if it breaks agreement,News - National News
news national headlines us searches bahamas for cargo ship lost during hurricane joaquin,News - National News
news national headlines us soccer bans headers for kids under the age of,News - National News
news national headlines va enters stretch on goals for homelessness claims backlog,News - National News
news national headlines veterans appreciate comradary,News - National News
news national headlines video people indicted in waco biker shootout,News - National News
news national headlines vikings qb teddy bridgewater suffers concussion,News - National News
news national headlines warrants issed after mexican drug lords escape,News - National News
news national headlines washington county hosts relay for life,News - National News
news national headlines white house says mullah omar death reports are credible,News - National News
news national headlines wife of american sniper chris kyle to testify,News - National News
news national headlines woman accused of delivering fatal punch pleads guilty,News - National News
news national headlines woman kills child then herself at hospital,News - National News
news national headlines woman who led police chase while cuffed sentenced,News - National News
news national headlines world war ii veteran from louisiana turning years old,News - National News
news national headlines xbox one to become backwards compatible with xbox,News - National News
news national headlines yale worker dies after nearly foot fall down smokestack,News - National News
news national health and social care board to be closed down,News - National News
news national health insurance plan to continue till december,News - National News
news national heathrow cancels flights due to thick fog,News - National News
news national here is the news i m cancer free says the bbc s george alagiah,News - National News
news national hero boy dies saving sister hit and run bus stop article,News - National News
news national highway traffic safety administration nhtsa,News - National News
ewspaper archives free uk,News - Newspapers
ewspaper leaf garland,News - Newspapers
newspaper archives lenoir city tn city listing,News - Newspapers
newspaper archives tennessee listing,News - Newspapers
newspaper archives wadena mn archives,News - Newspapers
newspaper aritcle japanese soldiers holding out after 60 years,News - Newspapers
newspaper around christmas cake,News - Newspapers
newspaper arrest reports 7th july drugs,News - Newspapers
newspaper art and crafts tutorials,News - Newspapers
newspaper artical about a miracle,News - Newspapers
newspaper artical aboutchristmast n,News - Newspapers
Newspaper artical on the advantages of Neighbourhood Watch Scheme,News - Newspapers
newspaper articals about nigerias future n,News - Newspapers
newspaper articals for a grade 7 class,News - Newspapers
newspaper articals on lord advocate,News - Newspapers
newspaper article,News - Newspapers
newspaper article about battle of britain,News - Newspapers
newspaper article about fukushina,News - Newspapers
newspaper article about greed and gambling n,News - Newspapers
newspaper article about healthy lifestyle,News - Newspapers
newspaper article about physical geography,News - Newspapers
newspaper article about someone breaking the copyright law,News - Newspapers
newspaper article about teenagers being positive,News - Newspapers
newspaper article about the golden ratio,News - Newspapers
newspaper article about the homeless,News - Newspapers
newspaper article about the titanic homework,News - Newspapers
newspaper article of elder abuse and neglect daily mail,News - Newspapers
newspaper article of the sinking of the hmhs st david,News - Newspapers
newspaper article on aberdeen three,News - Newspapers
newspaper article on affair ministertracey mckee banbridge,News - Newspapers
newspaper article on ageism,News - Newspapers
newspaper article on benefits,News - Newspapers
NEWSPAPER ARTICLE ON CAFE CULTURE YOUNG PROFFESSIONALS,News - Newspapers
newspaper article on charles dickens,News - Newspapers
newspaper article on coming of age,News - Newspapers
newspaper article on delay in lrt malaysia,News - Newspapers
newspaper article on e learning safety,News - Newspapers
newspaper article on fast food,News - Newspapers
newspaper article on highwaymen,News - Newspapers
newspaper article on howard carter,News - Newspapers
newspaper article on Hurricane Katrina on New orleans,News - Newspapers
newspaper article on liver diseases,News - Newspapers
newspaper article on mental health stigma,News - Newspapers
newspaper article on mount st helens eruption,News - Newspapers
newspaper article on of the crucible act,News - Newspapers
newspaper article on risk n,News - Newspapers
newspaper article on safe guarding health and social,News - Newspapers
newspaper article on the battle of stamford bridge,News - Newspapers
newspaper article on the coke logo,News - Newspapers
newspaper article on the gulags in 1930s,News - Newspapers
newspaper article on whale hunting should be banned,News - Newspapers
newspaper article people who eat spicy food live longer,News - Newspapers
newspaper article phillip hughes angels in the middle n,News - Newspapers
newspaper article ppt ks1,News - Newspapers
newspaper article re donald morrison and william mcrae,News - Newspapers
newspaper articles about atlassian Jira,News - Newspapers
newspaper articles about coil mining,News - Newspapers
newspaper articles about confidentiality breach in the nhs,News - Newspapers
newspaper articles about dementia from 2010 uk n,News - Newspapers
newspaper articles about electricity in south africa,News - Newspapers
newspaper articles about extinctions of animals,News - Newspapers
newspaper articles about fast food and obesity,News - Newspapers
newspaper articles about renewable resources,News - Newspapers
newspaper articles about terrorism,News - Newspapers
newspaper articles about The dating game killer,News - Newspapers
newspaper articles against globel warming,News - Newspapers
newspaper articles and evidence on lady diana death,News - Newspapers
newspaper headlines 3 july 2015,News - Newspapers
newspaper headlines 8th May 1989,News - Newspapers
newspaper headlines about dinosaurs ks2,News - Newspapers
newspaper headlines for 14 th october 15,News - Newspapers
newspaper headlines for 77 bombings,News - Newspapers
newspaper headlines for bike crashes,News - Newspapers
newspaper headlines for the london aquarium,News - Newspapers
newspaper headlines for today,News - Newspapers
newspaper headlines from 1939,News - Newspapers
newspaper headlines from the aston villa v glasgow rangers friendly 09 10 1976,News - Newspapers
newspaper headlines last week,News - Newspapers
newspaper headlines mourinho sacked,News - Newspapers
Newspaper Headlines newspaper headlines,News - Newspapers
newspaper headlines of 6th october 1975 in dundee,News - Newspapers
newspaper headlines on anti immigration in britain,News - Newspapers
newspaper headlines on the death of stalin,News - Newspapers
newspaper Lenin coup 1917,News - Newspapers
Newspaper Lesson Plans for young children,News - Newspapers
newspaper letter about homelessness,News - Newspapers
newspaper lettering for display,News - Newspapers
newspaper little nelly sharon scott n,News - Newspapers
newspaper local in bodmin uk,News - Newspapers
newspaper of 7th oct 2015,News - Newspapers
newspaper of 911 around the world,News - Newspapers
newspaper of allahabad of 30may2014,News - Newspapers
newspaper of date 27october 2015,News - Newspapers
newspAPER OF DAY OF BIRTH,News - Newspapers
Newspaper of day you were born,News - Newspapers
newspaper of india,News - Newspapers
newspaper of live aid magazine,News - Newspapers
newspaper of record new york times,News - Newspapers
newspaper of syrian rebel,News - Newspapers
newspaper of the royal dianas wedding of the date of 26 july of 1981,News - Newspapers
newspaper of tutumkamuns discovery,News - Newspapers
newspaper of uk,News - Newspapers
newspaper of your birthday,News - Newspapers
newspaper offers Rosemarys cd,News - Newspapers
newspaper office housed advanced air raid shelter story detail story,News - Newspapers
newspaper office to shut,News - Newspapers
newspaper offices in umuahia,News - Newspapers
newspaper on 12 november 2015,News - Newspapers
newspaper on date of birth,News - Newspapers
newspaper onaeg,News - Newspapers
newspaper report great fire of london,News - Newspapers
newspaper report gun powder plot,News - Newspapers
newspaper report Halloween,News - Newspapers
newspaper report in word crazy but true,News - Newspapers
newspaper report KS1,News - Newspapers
newspaper report ks1 fireman,News - Newspapers
newspaper report ks2 display,News - Newspapers
newspaper report ks2 examples the three wise men,News - Newspapers
newspaper report latest for mosman oil and gas,News - Newspapers
Newspaper report of Blyth Spartans v Sutton Coldfield Town,News - Newspapers
newspaper report of jack russell found on a390 in cornwall n,News - Newspapers
newspaper report on genetics of intelligence,News - Newspapers
newspaper report on outbreak of war 19309,News - Newspapers
newspaper report on roosevelts fireside chats,News - Newspapers
newspaper report on the battle of the cowshed animal farm,News - Newspapers
newspaper report on the three kings for kids,News - Newspapers
newspaper report on the three wise men,News - Newspapers
newspaper report on the titanic,News - Newspapers
newspaper report on the titanic sinking,News - Newspapers
newspaper stoke on trent,News - Newspapers
newspaper stories 2006,News - Newspapers
newspaper stories about crime n,News - Newspapers
NEWSPAPER THE RAILROAD TRAINMAN,News - Newspapers
newspaper the scotsman,News - Newspapers
newspaper the star,News - Newspapers
Newspaper The Sun,News - Newspapers
newspapers 5 nov 2015,News - Newspapers
newspapers about african americans during cold war,News - Newspapers
newspapers about latest fashions,News - Newspapers
newspapers about snow 2015,News - Newspapers
newspapers about ww1,News - Newspapers
newspapers aimed at teens,News - Newspapers
newspapers for Derbyshire,News - Newspapers
newspapers for prisoners uk,News - Newspapers
Newspapers for Puckeridge Herts,News - Newspapers
newspapers for sale,News - Newspapers
newspapers for september 2015,News - Newspapers
newspapers for the north of england,News - Newspapers
newspapers french newspapers,News - Newspapers
newspapers from 1066,News - Newspapers
newspapers from 17th october 1985,News - Newspapers
newspapers from end of ww2,News - Newspapers
Newspapers in Cornwall,News - Newspapers
newspapers in cornwall uk,News - Newspapers
newspapers in cumberland maryland,News - Newspapers
newspapers in derry,News - Newspapers
newspapers in edinburgh,News - Newspapers
newspapers in fort william,News - Newspapers
newspapers in Germany 10 11 2015,News - Newspapers
newspapers in gillingham kent,News - Newspapers
newspapers in harlow,News - Newspapers
newspapers in hayes and hillingdon,News - Newspapers
Newspapers in Ireland,News - Newspapers
newspapers in leeds uk,News - Newspapers
newspapers in leith,News - Newspapers
newspapers in nigeria,News - Newspapers
newspapers in perth auz,News - Newspapers
newspapers in somerset list,News - Newspapers
newspapers in somerset taunton dean,News - Newspapers
newspapers in south Wales,News - Newspapers
newspapers in sri lanka,News - Newspapers
newspapers in the worthing area,News - Newspapers
newspapers in turks and caicos,News - Newspapers
newspapers in Uganda,News - Newspapers
newspapers in wigan,News - Newspapers
newspapers in world war 2,News - Newspapers
newspapers in worthing,News - Newspapers
newspapers influence on perspetion of crime,News - Newspapers
newspapers influence on the national health service,News - Newspapers
newspapers london cricklewood,News - Newspapers
newspapers london high holborn,News - Newspapers
newspapers london hornsey,News - Newspapers
newspapers london mayfair,News - Newspapers
newspapers london palmers green,News - Newspapers
newspapers london soho,News - Newspapers
newspapers london wapping,News - Newspapers
NEWSPAPERS MAGAZINES cleethorpes,News - Newspapers
newspapers magazines north yorkshire,News - Newspapers
newspapers make comments,News - Newspapers
newspapers microlight crash ds,News - Newspapers
newspapers middlesex southall,News - Newspapers
newspapers must pay for printing lies says max mosley,News - Newspapers
Newspapers Neath Glamorgan,News - Newspapers
newspapers new arthritis drug,News - Newspapers
newspapers new york times london bureau,News - Newspapers
newspapers news,News - Newspapers
newspapers news youngsters story detail story,News - Newspapers
newspapers newspapersr,News - Newspapers
newspapers north yorkshire scarborough,News - Newspapers
newspapers northallerton,News - Newspapers
newspapers northumberland alnwick,News - Newspapers
newspapers northumberland hexham,News - Newspapers
newspapers nottingham,News - Newspapers
newspapers nottinghamshire mansfield,News - Newspapers
newspapers thames valley leader the,News - Newspapers
newspapers that are free for students,News - Newspapers
newspapers that show one group negatively,News - Newspapers
newspapers the brightlingsea wivenhoe chronicle,News - Newspapers
newspapers the guardian the guide october,News - Newspapers
newspapers the independent review,News - Newspapers
newspapers the nottingham trent valley journal,News - Newspapers
newspapers the pioneer,News - Newspapers
newspapers the sun monday july,News - Newspapers
newspapers the sun thursday august,News - Newspapers
newspapers the tablet october,News - Newspapers
newspapers to buy,News - Newspapers
newspapers to clean windows,News - Newspapers
newspapers to keep vegetables fresh in bin,News - Newspapers
newspapers today property news,News - Newspapers
newspapers today uk,News - Newspapers
ews nature uk weather britain basks in the sun on hottest day of the year so far,News - Weather
ews weather uk steamy halloween warnings torrential rain gales,News - Weather
news nature uk weather britain rain weekend more wet weather forecast,News - Weather
news nature uk weather britain winter spring temperatures,News - Weather
news nature uk weather december forecast heavy snow winter freeze,News - Weather
news nature uk weather final storms rain and gales from hurricane bertha,News - Weather
news nature uk weather forecast early summer friday hottest day mediterranean blast,News - Weather
news nature uk weather forecast heatwave set to last until autumn,News - Weather
news nature uk weather forecast rain wind storms december,News - Weather
news nature uk weather forecast storm alert torrential rain gales hit britain,News - Weather
news nature uk weather forecast tropical storm bertha from bahamas to hit britain,News - Weather
news nature uk weather heatwave hottest day july temperatures how long last,News - Weather
news nature uk weather heavy rains this week,News - Weather
news nature uk weather indian summer this weekend,News - Weather
news nature uk weather latest britain flood wet winter years,News - Weather
news nature uk weather latest early spring on the way,News - Weather
news nature uk weather latest heatwave hottest day summer,News - Weather
news nature uk weather latest thundersnow britain storm rachel,News - Weather
news nature uk weather scotland mph winds,News - Weather
news nature uk weather six day chill from russia,News - Weather
news nature uk weather snow london ice britain temperatures fall,News - Weather
news uk met office admits we can t predict weather,News - Weather
news uk met office disappointed at losing bbc weather forecasting contract,News - Weather
news uk met office in a sweat over our crazy weather,News - Weather
news uk met office is such a shower we do our own weather,News - Weather
news uk met office loses bbc weather forecasting contract,News - Weather
news uk mild weather hits next profits,News - Weather
news uk miserable weather set to continue as spring blighted by more wind and rain,News - Weather
news uk more dead dolphins wash up on britain s beaches after severe weather,News - Weather
news uk more flood misery and in of rain to bring more weather chaos,News - Weather
news uk more vicious storms on the way as wild weather ruins the big christmas getaway,News - Weather
news uk new alert as deadly mix of icy weather blasts across uk,News - Weather
news uk news uk weather britain braces storms,News - Weather
news uk news uk weather warning snowvember gets,News - Weather
news uk news weather wonder sparks northern lights show,News - Weather
news uk north sea helicopters ban in severe weather,News - Weather
news uk uk weather britain battered by worst storms in years,News - Weather
news uk uk weather britain on course for sunniest winter since,News - Weather
news uk uk weather britain to be battered by gales and torrential rain,News - Weather
news uk uk weather britain to be battered by hurricane bertha as forecasters warn summer heatwave could be,News - Weather
news uk uk weather britain wakes up to a freezing morning with temperatures as low as c overnight,News - Weather
news uk uk weather deluge sparks floods and mudslides,News - Weather
news uk uk weather downpours and high winds set to batter britain for rest of week,News - Weather
news uk uk weather flood warnings as strong winds and rain batter south of england,News - Weather
news uk uk weather forecast hurricane bertha to hit on sunday,News - Weather
news uk uk weather forecasters predict plenty of sunshine,News - Weather
news uk uk weather forecasters warn of lowest temperatures of the year overnight,News - Weather
news uk uk weather heavy rain to lash britain in second half of this week,News - Weather
news uk uk weather ken clarke hits out at lynch mob critics after severe floods,News - Weather
news uk uk weather latest britain set for three months of sun in mega heatwave,News - Weather
news uk uk weather london set for cold snap as freezing temperatures head south,News - Weather
news uk uk weather london set for sleet and snow as arctic blast hits,News - Weather
news uk uk weather now it s going to rain heavily till christmas,News - Weather
news uk uk weather pollen count high hay fever sufferers hell,News - Weather
news uk weather cold snow ice mount everest britain,News - Weather
news uk weather costs airport operator m,News - Weather
news uk weather deaths fear in new arctic blizzards,News - Weather
news uk weather gale force winds and further floods expected as uk faces another battering,News - Weather
news uk weather get ready for an arctic blast,News - Weather
news uk weather girl cat cubie goes down a storm with her circus act,News - Weather
news uk weather glorious may hottest record,News - Weather
news uk weather hottest january ever say climate experts,News - Weather
news uk weather is one of the biggest talking points in the uk,News - Weather
news uk weather london commuters hit as storms cause travel chaos,News - Weather
news uk weather misery deaths rescues power cuts and more flood warnings across the uk,News - Weather
news uk weather moans waste four months of our lives,News - Weather
news uk weather panic empty shelves as shoppers rush to stock up,News - Weather
news uk weather snow expected across uk as south east braces for more floods and high winds,News - Weather
news uk weather solent rescue sinking yacht sea helicopter coastguard britain boat safety vessel,News - Weather
news uk weather storm sunny thunder forecast britain summer august sun rain,News - Weather
news uk weather tides flood wind rain waves britain,News - Weather
news weather 2015,News - Weather
news weather apis support json,News - Weather
news weather apk android direct download link,News - Weather
news weather arctic winds bank holiday weekend rain,News - Weather
news weather article,News - Weather
news weather bank holiday weather forecast rain washout heavy rain gales summer is over,News - Weather
news weather bank holiday weather notting hill carnival north south divide rain,News - Weather
news weather bbc ditch met office weather service,News - Weather
news weather bbc fires met office century could use dutch new zealand weather forecaster,News - Weather
news weather blip suggests sheffield summers are lasting longer,News - Weather
news weather bonus as proclaimers film cameo role for sunshine on leith movie,News - Weather
news weather britain back storm alert heavy rain forecast,News - Weather
news weather britain braces snow winter weekend,News - Weather
news weather britain indian summer temperatures soar c three weeks,News - Weather
news weather britain lashed tropical storm henri this weekend,News - Weather
news weather britain on flood alert fierce thunderstorms to dump months worth of rain in next hours,News - Weather
news weather britain weather indian summer warm autumn start,News - Weather
news weather britain wettest year ever weather forecast,News - Weather
news weather britains worst storms of recent times in seconds,News - Weather
news weather britons break out brollies torrential downpours follow glorious sunshine,News - Weather
news weather carolinas flooding danger remains historic rainfall passes n,News - Weather
news weather cnn com hurricane joaquin britain storm track path uk,News - Weather
news weather current conditions charlotte potentially see snow flurries next week nbnfs,News - Weather
news weather east coast flooding once years downpour threatens south carolina n,News - Weather
news weather el nino sparks three hurricanes in pacific and one in atlantic in rare weather phenomenon,News - Weather
news weather extreme winds hit harrogate district,News - Weather
news weather fails to spoil wrexham s festive switch on aspx,News - Weather
news weather few showers halloween night slow warm up npcjr,News - Weather
news weather flash floods french riviera kill least people n,News - Weather
news weather fog uk weather travel delays flights cancelled,News - Weather
news weather fog warning in place for sheffield drivers tonight and tomorrow,News - Weather
news weather gales thunderstormes brits drenched,News - Weather
news weather gales thunderstormes brits drenched bank holiday monday,News - Weather
news weather halloween heatwave temperatures to soar weekend,News - Weather
news weather halts barr beacon war memorials revamp,News - Weather
news weather heavy rain forecast for saturday as sheffield event cancelled,News - Weather
news weather holds for leadhills gala day,News - Weather
news weather hottest halloween fancy dress record saturday scorcher uk,News - Weather
news weather hurricane patricia intensify heavy rains texas m under flood watch n,News - Weather
news weather hurricane patricia races mexicos coast mph winds n,News - Weather
news weather hurricane patricia races mexicos pacific coast potential monster n,News - Weather
news weather hurricane patricia strongest ever storm,News - Weather
news weather hurricane patricia strongest storm ever measured hit mexico n,News - Weather
news weather in france,News - Weather
news weather in northop hall was too good for football almost aspx,News - Weather
news weather indian summer severe gale force storms torrential downpours hurtling britain,News - Weather
news weather is a comprehensive weather app with great visuals and powerful widgets id,News - Weather
news weather italy weather greece storm rain forecast british holidays ruined,News - Weather
news weather latest forecast for sussex,News - Weather
news weather masonry fall as winds batter edinburgh,News - Weather
news weather mediterranean tsunami threatens millions large areas europe africa underwater,News - Weather
news weather met office accurate weather forecasts around corner,News - Weather
news weather more sunshine expected today nnzxw,News - Weather
news weather name storm weather britain ireland wind rain,News - Weather
news weather news best snow is here photos,News - Weather
news weather patterns affected by volcanic eruptions,News - Weather
news weather penkridge,News - Weather
news weather phenomenon spanish plume blamed for fierce storms that brought uk travel chaos,News - Weather
news weather phrase origin,News - Weather
news weather possible tornadoes damage buildings across south texas officials n,News - Weather
news weather presenter emma tells of break up with corrie star,News - Weather
news weather relax heatwave bringing summer back,News - Weather
news weather remnants tropical storm henri britain country severe storm alert,News - Weather
news weather scotland s west coast faces new flood risk,News - Weather
news weather scots set for coldest february since s,News - Weather
news weather selectseating aspx,News - Weather
news weather set fair for tonight s carlisle fireshow,News - Weather
news weather shock claim world is on brink of year ice age and britain will bear the brunt,News - Weather
news weather snow for harrogate today,News - Weather
news weather snow tornadoes thunderstorms threaten million n,News - Weather
news weather snow warning issued for sheffield and south yorkshire,News - Weather
news weather storm batters coast with motorists warned of falling trees amid mph winds,News - Weather
news weather storm patricia strengthens dangerous category hurricane n,News - Weather
news weather supertides flood uk warnings,News - Weather
news weather sydney storm cloud rain hail australia,News - Weather
news weather test,News - Weather
news weather test for adding to weather,News - Weather
news weather the storm in vans mountain edition collection this fall,News - Weather
news weather three months of storms set to batter uk,News - Weather
news weather tropical storm ida blown off course by high pressure area bringing days of sun to uk,News - Weather
news weather tropical storm ida uk weather forecast gales heavy rain in days,News - Weather
news weather tsunami warnings calif hawaii quake nngrt,News - Weather
news weather uk weather bank holiday octopus cyclone torrential storms brighter weekend,News - Weather
news weather uk weather britain battered hailstones lighting storms floods,News - Weather
news weather uk weather flood warnings alerts rain wind,News - Weather
news weather uk weather indian summer sunshine mid october,News - Weather
news weather uk weather on monday fog flights cancelled at heathrow,News - Weather
news weather undefined disco dj,News - Weather
news weather update risk of ice and snow in north yorkshire,News - Weather
news weather update school closures and transport affected in denbighshire aspx,News - Weather
news weather update school closures from conwy council aspx,News - Weather
news weather vfgfhgf,News - Weather
news weather video heres what we think this winter might feel like,News - Weather
news weather video tropical storm erika roads rivers screams,News - Weather
news weather warning as cumbria covered in fog,News - Weather
news weather warning as snow falls across cumbria ed bb c ad cdfaf ds,News - Weather
news weather warning for heavy rain and thunder storms aspx,News - Weather
news weather warning freezing conditions set to hit portsmouth area,News - Weather
news weather warning issued as hurricane remains hit sheffield,News - Weather
news weather warnings and flood alerts as more rain moves in,News - Weather
news weather warnings issued as storms and sleet set to hit sheffield,News - Weather
news weather watchers waters cold,News - Weather
news weather weather weekend storms,News - Weather
news weather weekend weather forecast uk to bask in glorious sunshine as summer makes brief return,News - Weather
news weather winter heavy snow record cold weather forecast ukhttp www mirror co uk news uk news britain facing coldest winter glk,News - Weather
news weather winter heavy snow record cold weather forecast ukww bbc co uk weather,News - Weather
news weather worries can threaten child s mental health,News - Weather
news weather you think this london fog is bad in the twenties you couldnt even see your feet,News - Weather
news weird conspiracists odd cloud sightings proof secret earthquake weather tests haarp read minds,News - Weather
news weird ice weather for a swim folks,News - Weather
news weird news once lifetime weather phenomenon causes,News - Weather
news weird watch ufo cloud angel fish swimming sky proof aliens et conspiracy theory weather stealth,News - Weather
news weird weather storms lead to a penguin being washed up on british beach,News - Weather
news weird whoops bbc breakfast weather forecast is a scorcher gaffe as carol kirkwood predicts c,News - Weather
news west midlands warned over weather as storms to come,News - Weather
news wet and windy weather brings travel chaos to shropshire roads,News - Weather
news wet paint art weather for house painters people paint moisture,News - Weather
news wet weather blamed for low market uptake in walsall,News - Weather
news wet weather calls off fireworks display in wickham,News - Weather
news wet weather hits numbers at distington vintage rally,News - Weather
news what our weather gurus do when the sun shines,News - Weather
news what s the weather going to be like for your bonfire,News - Weather
news white house prepping single weather,News - Weather
news wind compass weather,News - Weather
news winds cool stormy weather,News - Weather
uk news winter weather,News - Weather
uk snow weather news,News - Weather
uk weather another hot and sunny weekend coming up but bad news for hayfever sufferers,News - Weather
uk weather in the news winter 201516,News - Weather
uk weather news cold winter n,News - Weather
uk weather news headlines,News - Weather
uk weather news next week,News - Weather
uk weather news next week november 2015,News - Weather
uk winter weather news update,News - Weather
us app aol mail news weather video id,News - Weather
us east coast weather news,News - Weather
weather and news Namibia,News - Weather
weather app with no ads or news,News - Weather
weather britain news,News - Weather
weather forecast news tamil show,News - Weather
weather in sudbury suffolk uk today news,News - Weather
weather m6 fog travel news,News - Weather
weather news hurricane,News - Weather
weather news las vegas,News - Weather
weather news manchester,News - Weather
weather news october 2015,News - Weather
weather news of cold winter 2015,News - Weather
weather news of india on 15th november 2015,News - Weather
Weather news salou,News - Weather
weather news today hurricane abigail,News - Weather
weather news uk huricane n,News - Weather
Weather News UK Snow,News - Weather
