5 animal needs under animal welfare act,Pets & Animals - Animal Products & Services
5 animal welfare needs,Pets & Animals - Animal Products & Services
5 Animal Welfare Needs RSPCA,Pets & Animals - Animal Products & Services
a animal welfare at issue in fight over horse drawn carriage rides in nyc,Pets & Animals - Animal Products & Services
a cry for help why its critical the bih animal welfare law is not changed,Pets & Animals - Animal Products & Services
act news act animal welfare groups reject nsw native pets proposal dhr,Pets & Animals - Animal Products & Services
afghan war dog inspired animal welfare charity story detail story,Pets & Animals - Animal Products & Services
agreement on companion animal welfare and pet therapy europe,Pets & Animals - Animal Products & Services
animal animal or dog or cat or behaviour or welfare,Pets & Animals - Animal Products & Services
animal-assisted intervention animal-assisted therapy prison welfare,Pets & Animals - Animal Products & Services
animal behavior and welfare,Pets & Animals - Animal Products & Services
animal cruelty and the animal health and welfare scotland act 2006,Pets & Animals - Animal Products & Services
animal cruelty cases rise east surrey welfare story detail story,Pets & Animals - Animal Products & Services
animal rights and animal welfare do you know the difference,Pets & Animals - Animal Products & Services
animal rights and animal welfare part it all boils down to this,Pets & Animals - Animal Products & Services
animal rights and animal welfare similarities RI,Pets & Animals - Animal Products & Services
animals rights and animal welfare differences,Pets & Animals - Animal Products & Services
animal welfare,Pets & Animals - Animal Products & Services
animal welfare act,Pets & Animals - Animal Products & Services
ANIMAL WELFARE ACT 2005,Pets & Animals - Animal Products & Services
animal welfare act 2006,Pets & Animals - Animal Products & Services
animal welfare act 2006 codes of conduct,Pets & Animals - Animal Products & Services
animal welfare act 2006 health and safety,Pets & Animals - Animal Products & Services
animal welfare act 2006 prosecution,Pets & Animals - Animal Products & Services
animal welfare act 2006 purpose,Pets & Animals - Animal Products & Services
animal welfare act 2006 schedule 3,Pets & Animals - Animal Products & Services
animal welfare act cephalapods,Pets & Animals - Animal Products & Services
Animal Welfare Act dog fighting,Pets & Animals - Animal Products & Services
animal welfare act dogs space required,Pets & Animals - Animal Products & Services
animal welfare act five freedoms,Pets & Animals - Animal Products & Services
animal welfare act for businesses,Pets & Animals - Animal Products & Services
animal welfare activities,Pets & Animals - Animal Products & Services
animal welfare act lesson plan,Pets & Animals - Animal Products & Services
animal welfare act of 2006 RSPCA,Pets & Animals - Animal Products & Services
animal welfare and ethical review body,Pets & Animals - Animal Products & Services
Animal Welfare and Wildlife in Captivity A Perspective on Veterinary Ethics and Responsibilities,Pets & Animals - Animal Products & Services
animal welfare aylesbury,Pets & Animals - Animal Products & Services
animal welfare belfast,Pets & Animals - Animal Products & Services
animal welfare best supermarket,Pets & Animals - Animal Products & Services
animal welfare bill,Pets & Animals - Animal Products & Services
animal welfare broodmares,Pets & Animals - Animal Products & Services
animal welfare bust in Loxatchee florida usa,Pets & Animals - Animal Products & Services
animal welfare campaigners stage protest story detail story,Pets & Animals - Animal Products & Services
animal welfare careers,Pets & Animals - Animal Products & Services
animal welfare cases solicitor west Yorkshire,Pets & Animals - Animal Products & Services
animal welfare cat food,Pets & Animals - Animal Products & Services
animal welfare cats protection,Pets & Animals - Animal Products & Services
animal welfare centre north bristol,Pets & Animals - Animal Products & Services
animal welfare charity donation as a gift,Pets & Animals - Animal Products & Services
Animal Welfare company Islington Council,Pets & Animals - Animal Products & Services
Animal Welfare companyRSPCA,Pets & Animals - Animal Products & Services
animal welfare course blackpool,Pets & Animals - Animal Products & Services
animal welfare dogs in gwynedd,Pets & Animals - Animal Products & Services
animal welfare during land tran,Pets & Animals - Animal Products & Services
animal welfare egg production,Pets & Animals - Animal Products & Services
animal welfare man tricked pair out of thousands,Pets & Animals - Animal Products & Services
animal welfare menu tonna turkey farmer story detail story,Pets & Animals - Animal Products & Services
animal welfare need to give up my dog,Pets & Animals - Animal Products & Services
animal welfare northampton,Pets & Animals - Animal Products & Services
animal welfare north yorkshire,Pets & Animals - Animal Products & Services
animal welfare organisations uk,Pets & Animals - Animal Products & Services
animal welfare organizations newcastle,Pets & Animals - Animal Products & Services
animal welfare point of view on animal testing,Pets & Animals - Animal Products & Services
animal welfare policies sway voters story detail story,Pets & Animals - Animal Products & Services
animal welfare proirities ahdb dairy,Pets & Animals - Animal Products & Services
animal welfare ramblings and the rspca on a saturday night,Pets & Animals - Animal Products & Services
animal welfare recruitment Cumbernauld,Pets & Animals - Animal Products & Services
animal welfare regulations dog kennels,Pets & Animals - Animal Products & Services
animal welfare regulations for monkeys in animal testing,Pets & Animals - Animal Products & Services
animal welfare related to vegan diets,Pets & Animals - Animal Products & Services
animal welfare requirements for a rabbit,Pets & Animals - Animal Products & Services
animal welfare requirements for giant panda,Pets & Animals - Animal Products & Services
Animal Welfare Research,Pets & Animals - Animal Products & Services
animal welfare research jobs,Pets & Animals - Animal Products & Services
animal welfare rightsand rescue n,Pets & Animals - Animal Products & Services
animal welfare standards for cattle,Pets & Animals - Animal Products & Services
animal welfare talks,Pets & Animals - Animal Products & Services
Animal Welfare Top up,Pets & Animals - Animal Products & Services
animal welfare trust calendar stars westwood dogs story detail story,Pets & Animals - Animal Products & Services
Animal Welfare University Courses,Pets & Animals - Animal Products & Services
animal welfare university online course,Pets & Animals - Animal Products & Services
animal welfare volunteering west yorkshire,Pets & Animals - Animal Products & Services
articles on folly farm animal welfare,Pets & Animals - Animal Products & Services
article th january theologian chides church on animal welfare as hund,Pets & Animals - Animal Products & Services
Ashbourne animal welfare,Pets & Animals - Animal Products & Services
ashbourne animal welfare meet adorable animals story detail story,Pets & Animals - Animal Products & Services
atlantis bahamas animals welfare,Pets & Animals - Animal Products & Services
belfast council animal welfare,Pets & Animals - Animal Products & Services
beyond animal welfare,Pets & Animals - Animal Products & Services
birds eye animal welfare,Pets & Animals - Animal Products & Services
blog dogooder animal welfare idiots cause deaths of tho,Pets & Animals - Animal Products & Services
blog permalink animal welfare on preloved,Pets & Animals - Animal Products & Services
blog permalink we care about animal welfare,Pets & Animals - Animal Products & Services
bollywood news a stars take part in charity football match for animal welfare shelter,Pets & Animals - Animal Products & Services
bonfie night -animal welfare,Pets & Animals - Animal Products & Services
buy animal welfare rescue dogs- miniature poodle,Pets & Animals - Animal Products & Services
buy animal welfare rescue french bulldogs bitch,Pets & Animals - Animal Products & Services
buy animal welfare rescue poodles in need of re homing,Pets & Animals - Animal Products & Services
buy animal welfare rescue yorkshire poodle,Pets & Animals - Animal Products & Services
california dixon protest planned discovery kingdom over alleged animal welfare abuses,Pets & Animals - Animal Products & Services
cat aggression coat colour journal of applied animal welfare science,Pets & Animals - Animal Products & Services
causes animal rights vs animal welfare which side are you on,Pets & Animals - Animal Products & Services
causes animal welfare movement is growing fast in china,Pets & Animals - Animal Products & Services
causes disturbing videos of animals being crushed prompt new animal welfare protections,Pets & Animals - Animal Products & Services
causes london zoo proves it cares more about money than animal welfare,Pets & Animals - Animal Products & Services
causes making a killing with animal welfare reform,Pets & Animals - Animal Products & Services
causes starbucks adopts most comprehensive animal welfare policy of all chains,Pets & Animals - Animal Products & Services
causes thailand creates first animal welfare law but is it too vague,Pets & Animals - Animal Products & Services
celebrity news bear grylls survival guide snares withdrawn warning animal welfare charity,Pets & Animals - Animal Products & Services
center for animal welfare winchester,Pets & Animals - Animal Products & Services
charitable and voluntary organisations animal welfare and care organisations,Pets & Animals - Animal Products & Services
charities to assist animal welfare,Pets & Animals - Animal Products & Services
cheadle animal welfare,Pets & Animals - Animal Products & Services
dart animal welfare dept gone astray,Pets & Animals - Animal Products & Services
deals animal welfare rescue cocker poodle dog,Pets & Animals - Animal Products & Services
deals animal welfare rescue dog grimsby,Pets & Animals - Animal Products & Services
deals animal welfare rescue jack russelllancashire,Pets & Animals - Animal Products & Services
deals animal welfare rescue shihtzu and lhasa apso,Pets & Animals - Animal Products & Services
definition of animal welfare,Pets & Animals - Animal Products & Services
definition of good animal welfare melfi and hosey,Pets & Animals - Animal Products & Services
delays cruelty court cases harming animal welfare story detail story,Pets & Animals - Animal Products & Services
Do citizens and farmers interpret the concept of farm animal welfare differently,Pets & Animals - Animal Products & Services
does animal welfare act 2006 apply to bats,Pets & Animals - Animal Products & Services
dog emoji keyboard created by animal welfare group,Pets & Animals - Animal Products & Services
dog groomers responsibility for animal welfare guidlines,Pets & Animals - Animal Products & Services
domestication of animals and their contributions to human welfare,Pets & Animals - Animal Products & Services
do not pit animal welfare against starving children,Pets & Animals - Animal Products & Services
double standards animal welfare transport tb story detail story,Pets & Animals - Animal Products & Services
eat better alliance research consumer choices animal welfare over environmental,Pets & Animals - Animal Products & Services
enrichment memory animal welfare,Pets & Animals - Animal Products & Services
environment free wildlife course launched by the international fund for animal welfare,Pets & Animals - Animal Products & Services
eportal animalsandplants animal welfare complaints fr,Pets & Animals - Animal Products & Services
evaluating animal welfare,Pets & Animals - Animal Products & Services
example of animal welfare in the media,Pets & Animals - Animal Products & Services
examples of animal welfare legislation,Pets & Animals - Animal Products & Services
gold award stroud s animal welfare team story detail story,Pets & Animals - Animal Products & Services
government clampdown alternative animal remedies improve welfare story detail story,Pets & Animals - Animal Products & Services
greek animal welfare fund,Pets & Animals - Animal Products & Services
greek animal welfare fund limited,Pets & Animals - Animal Products & Services
greenliving is dog training an animal welfare issue,Pets & Animals - Animal Products & Services
grooming establishments responsibility under the duty of care in the animal welfare guidelines,Pets & Animals - Animal Products & Services
Handbook of Laboratory Animal Management and Welfare,Pets & Animals - Animal Products & Services
hartbury college animal behaviour and welfare,Pets & Animals - Animal Products & Services
how can animal welfare be improved,Pets & Animals - Animal Products & Services
How can you promotesupport positive animal welfare and sustainable food production,Pets & Animals - Animal Products & Services
how does domestication impact on the animals welfare,Pets & Animals - Animal Products & Services
how does the rspca promote animal welfare,Pets & Animals - Animal Products & Services
how do i become an animal welfare officer,Pets & Animals - Animal Products & Services
how effective is the animal welfare act 2006,Pets & Animals - Animal Products & Services
how often is the animal welfare act 2006 reformed,Pets & Animals - Animal Products & Services
how set up charity animal welfare,Pets & Animals - Animal Products & Services
how to monetise animal welfare,Pets & Animals - Animal Products & Services
How to obtain calendar from International Fund for Animal Welfare,Pets & Animals - Animal Products & Services
how to organise a walk to raise funds for animal welfare,Pets & Animals - Animal Products & Services
hughes 1995 animal welfare,Pets & Animals - Animal Products & Services
hull animal welfare trust animals happy new year story detail story,Pets & Animals - Animal Products & Services
hull animal welfare trust overrun rabbits guinea story detail story,Pets & Animals - Animal Products & Services
ide man dogs seized guilty animal welfare story detail story,Pets & Animals - Animal Products & Services
International Animal Welfare veterinary training,Pets & Animals - Animal Products & Services
international fund for animal welfare,Pets & Animals - Animal Products & Services
INTERNATIONAL FUND FOR ANIMAL WELFARE.,Pets & Animals - Animal Products & Services
International Fund for Animal Welfare head office,Pets & Animals - Animal Products & Services
international protection of animal welfare,Pets & Animals - Animal Products & Services
it pro ditch dairy animal welfare campaign irresponsible gknk,Pets & Animals - Animal Products & Services
Jean Sainsbury Animal Welfare Trust,Pets & Animals - Animal Products & Services
labelling and animal welfare,Pets & Animals - Animal Products & Services
labour animal welfare society,Pets & Animals - Animal Products & Services
Lack of Control Absence of Specific Input. Certain stimuli are of great importance to the survival of animals so they may be sought very actively and their absence may result in poor welfare as evidenced by various abnor- malities of physiology and behavio,Pets & Animals - Animal Products & Services
LANTRA certificate in Welfare of Animal during Transport,Pets & Animals - Animal Products & Services
latest animal welfare act,Pets & Animals - Animal Products & Services
law on welfare of animals,Pets & Animals - Animal Products & Services
league cruel sports claim animal welfare swing story detail story,Pets & Animals - Animal Products & Services
lecturer or animal or equine or canine or welfare or behaviourist,Pets & Animals - Animal Products & Services
legislative history animal welfare act table contents,Pets & Animals - Animal Products & Services
life get set for the pignic londons first micro pig pop up event animal welfare,Pets & Animals - Animal Products & Services
Livestock animal welfare,Pets & Animals - Animal Products & Services
major uk animal welfare charities,Pets & Animals - Animal Products & Services
man ran animal welfare officer dog fouled dorset story detail story,Pets & Animals - Animal Products & Services
marks and spencers animal welfare standards n,Pets & Animals - Animal Products & Services
Matheny Gaverick Leahy Cheryl 2007. Farm-Animal Welfare Legislation and Trade. Law and Contemporary Problems 70 1 325358,Pets & Animals - Animal Products & Services
Mather J. A. 2001. Animal suffering An invertebrate perspective. Journal of Applied Animal Welfare Science 42 151156.,Pets & Animals - Animal Products & Services
mayor horncastle daughter guilty animal welfare story detail story,Pets & Animals - Animal Products & Services
measuring animal welfare,Pets & Animals - Animal Products & Services
media print international fund for animal welfare elephant,Pets & Animals - Animal Products & Services
mid cheshire animal welfare,Pets & Animals - Animal Products & Services
missions animal welfare institute,Pets & Animals - Animal Products & Services
m listadverts animal welfare rescue,Pets & Animals - Animal Products & Services
Our scientists make every effort to reduce the number of animals used in research to refine the research so that animal welfare is improved and to replace the use of animals wherever an alternative,Pets & Animals - Animal Products & Services
p animal welfare australian government stop animal abuse by banning rodeos australia wide,Pets & Animals - Animal Products & Services
p animal welfare board of india and prime minister of india stop this cruelty cows forced with green chilies on their eyes before slaughtering,Pets & Animals - Animal Products & Services
Positive animal welfare states and reference standards for welfare assessment,Pets & Animals - Animal Products & Services
professor of animal welfare,Pets & Animals - Animal Products & Services
programs ireland animal welfare and vet programs in dublin aspx,Pets & Animals - Animal Products & Services
Roles of breed societies and breed improvement on the welfare of animals,Pets & Animals - Animal Products & Services
rspca and the animal welfare act,Pets & Animals - Animal Products & Services
RSPCA Animal Welfare Centre Hull United Kingdom,Pets & Animals - Animal Products & Services
RSPCA CURRENT TRENDS ANIMALL WELFARE UK,Pets & Animals - Animal Products & Services
welfare of animals aboard,Pets & Animals - Animal Products & Services
welfare of animals improved,Pets & Animals - Animal Products & Services
welfare of exotic animals,Pets & Animals - Animal Products & Services
what are animal welfare act,Pets & Animals - Animal Products & Services
what is animal welfare uk,Pets & Animals - Animal Products & Services
what is the maximum of what the Animal Welfare Act,Pets & Animals - Animal Products & Services
whats the animal welfare act transport 2006,Pets & Animals - Animal Products & Services
when is the animal welfare act be revised,Pets & Animals - Animal Products & Services
when is the animal welfare act changes,Pets & Animals - Animal Products & Services
which animals does the animal welfare act cover,Pets & Animals - Animal Products & Services
why support animal welfare,Pets & Animals - Animal Products & Services
why was the animal welfare act put into place,Pets & Animals - Animal Products & Services
why we should care about animal welfare,Pets & Animals - Animal Products & Services
wiki farm animal welfare council,Pets & Animals - Animal Products & Services
wildlife animal welfare officer training,Pets & Animals - Animal Products & Services
wodside animal welfare trust,Pets & Animals - Animal Products & Services
woodside animal welfare,Pets & Animals - Animal Products & Services
world trade animal welfare,Pets & Animals - Animal Products & Services
bird feeding station Pet Supplies,Pets & Animals - Animal Products & Services
birds breeding boxes Pet Supplies,Pets & Animals - Animal Products & Services
brighton animals pets pet supplies,Pets & Animals - Animal Products & Services
burton latimer kettering animals pets pet supplies,Pets & Animals - Animal Products & Services
b wags and whiskers pet food supplies and grooming,Pets & Animals - Animal Products & Services
Canadian Pet Supplies Online,Pets & Animals - Animal Products & Services
carefresh Other Pet Supplies,Pets & Animals - Animal Products & Services
Dog beds Dog Pet supplies Home and garden,Pets & Animals - Animal Products & Services
dog bowl stand Pet Supplies,Pets & Animals - Animal Products & Services
dog food Chicken Pet Supplies,Pets & Animals - Animal Products & Services
dog gear supplies center pet safetys car harness,Pets & Animals - Animal Products & Services
dog grooming brushes Pet Supplies,Pets & Animals - Animal Products & Services
dog grooming pet supplies,Pets & Animals - Animal Products & Services
Dog kennels and crates Dog Pet supplies Home and garden,Pets & Animals - Animal Products & Services
dog Pet Supplies,Pets & Animals - Animal Products & Services
dog reindeer outfit Pet Supplies,Pets & Animals - Animal Products & Services
dog training toy Pet Supplies,Pets & Animals - Animal Products & Services
dog treats pet-supplies,Pets & Animals - Animal Products & Services
Drinkwell pet-supplies,Pets & Animals - Animal Products & Services
fish braids dog treats Pet Supplies m,Pets & Animals - Animal Products & Services
Fish Pet supplies Home and garden,Pets & Animals - Animal Products & Services
hastings animals pets pet supplies,Pets & Animals - Animal Products & Services
hawkes green pet supplies,Pets & Animals - Animal Products & Services
haywards heath animals pets pet supplies,Pets & Animals - Animal Products & Services
health first aid pet supplies to have at home,Pets & Animals - Animal Products & Services
heated pet mat for bearded dragons Small Animal Supplies,Pets & Animals - Animal Products & Services
heathfield pet supplies,Pets & Animals - Animal Products & Services
HOME PET REPTILE SUPPLIES,Pets & Animals - Animal Products & Services
Honley Pet Supplies,Pets & Animals - Animal Products & Services
hoof and hound pet supplies limited,Pets & Animals - Animal Products & Services
how to store pet supplies,Pets & Animals - Animal Products & Services
kitten food Pet Supplies,Pets & Animals - Animal Products & Services
large willow basket Pet Supplies,Pets & Animals - Animal Products & Services
pet beds Dog Supplies,Pets & Animals - Animal Products & Services
Pet food supplies,Pets & Animals - Animal Products & Services
PET FOOD SUPPLIES IN THURROCK,Pets & Animals - Animal Products & Services
pets and animals articles top online pet stores for pet supplies,Pets & Animals - Animal Products & Services
pet shop Pet Supplies,Pets & Animals - Animal Products & Services
pet shops and supplies ballymoney,Pets & Animals - Animal Products & Services
Pet Supplies Birds Other Bird Supplies,Pets & Animals - Animal Products & Services
pet supplies bourton on the water,Pets & Animals - Animal Products & Services
pet supplies carming tabs Dog Supplies,Pets & Animals - Animal Products & Services
Pet Supplies Cat Supplies Cat Food,Pets & Animals - Animal Products & Services
Pet Supplies Cat Supplies Flea Tick Remedies,Pets & Animals - Animal Products & Services
Pet Supplies Cat Supplies Furniture Scratchers,Pets & Animals - Animal Products & Services
pet-supplies chatiere staywell,Pets & Animals - Animal Products & Services
Pet Supplies Cumbernauld m,Pets & Animals - Animal Products & Services
pet-supplies dog beds,Pets & Animals - Animal Products & Services
Pet Supplies Dog Food pet supplies dog food,Pets & Animals - Animal Products & Services
pet supplies dog health care,Pets & Animals - Animal Products & Services
pet-supplies dogs knee brace small,Pets & Animals - Animal Products & Services
Pet Supplies Dog Supplies,Pets & Animals - Animal Products & Services
Pet Supplies Dog Supplies Beds 99,Pets & Animals - Animal Products & Services
Pet Supplies Dog Supplies Beds Orthopedic,Pets & Animals - Animal Products & Services
Pet Supplies Dog Supplies Clothing Shoes,Pets & Animals - Animal Products & Services
Pet Supplies Dog Supplies Clothing Shoes CoatJacket,Pets & Animals - Animal Products & Services
Pet Supplies Dog Supplies Collars Pink,Pets & Animals - Animal Products & Services
Pet Supplies Dog Supplies Dog Chews Treats Good Boy,Pets & Animals - Animal Products & Services
Pet Supplies Dog Supplies Grooming,Pets & Animals - Animal Products & Services
Pet Supplies Dog Supplies Grooming Shampooing Washing,Pets & Animals - Animal Products & Services
Pet Supplies Dog Supplies Health Care Skin Coat Care,Pets & Animals - Animal Products & Services
Pet Supplies Dog Supplies Toys Heavy Duty,Pets & Animals - Animal Products & Services
Pet Supplies Dog Supplies Whelping Supplies,Pets & Animals - Animal Products & Services
pet-supplies sheds,Pets & Animals - Animal Products & Services
pet-supplies small fish tank,Pets & Animals - Animal Products & Services
pet supplies songs content articles about the various regions of songs,Pets & Animals - Animal Products & Services
Pet Supplies Store,Pets & Animals - Animal Products & Services
pet-supplies sweat adidog,Pets & Animals - Animal Products & Services
pet supplies tamworth,Pets & Animals - Animal Products & Services
pet-supplies tartar remover for dogs,Pets & Animals - Animal Products & Services
pet-supplies thermometre terrarium,Pets & Animals - Animal Products & Services
pet-supplies tough dog toys for aggressive chewers,Pets & Animals - Animal Products & Services
PET SUPPLIES TOYS DOGS CATS BEDS,Pets & Animals - Animal Products & Services
waggy tails pet supplies,Pets & Animals - Animal Products & Services
wall cat scratching post Pet Supplies,Pets & Animals - Animal Products & Services
walnut pet supplies,Pets & Animals - Animal Products & Services
want to help joplin pets amazon wishlist sends needed supplies directly to joplin humane society,Pets & Animals - Animal Products & Services
wellington pet supplies,Pets & Animals - Animal Products & Services
what is a good names for on line pet supplies n,Pets & Animals - Animal Products & Services
what time is four oaks pet supplies in scarborough open till today,Pets & Animals - Animal Products & Services
whitley bay pet supplies,Pets & Animals - Animal Products & Services
veterinarians in my area,Pets & Animals - Animal Products & Services
Veterinarians Open on Sunday Near Me,Pets & Animals - Animal Products & Services
veterinarians over prescription of antibiotics creating resilient bacteria,Pets & Animals - Animal Products & Services
veterinarians raise awareness about pet obesity,Pets & Animals - Animal Products & Services
veterinarians see eye to eye to help kitten with birth defect,Pets & Animals - Animal Products & Services
veterinarians Tile And Grout Cleaning,Pets & Animals - Animal Products & Services
veterinarians warn death cap mushrooms pose danger to pets,Pets & Animals - Animal Products & Services
veterinarians will identify dogs with the canine herpes virus in older dogs,Pets & Animals - Animal Products & Services
veterinary y veterinarians prescribers feline asthma,Pets & Animals - Animal Products & Services
what treatment for fleas on cats do most veterinarians recommend,Pets & Animals - Animal Products & Services
why do veterinarians always try to euthanize an animal instead of saving it,Pets & Animals - Animal Products & Services
health and medical veterinarians,Pets & Animals - Animal Products & Services
health and medical veterinarians united kingdom,Pets & Animals - Animal Products & Services
health and medical veterinarians united kingdom bedfordshire,Pets & Animals - Animal Products & Services
og slideshows care white lies veterinarians tell clients,Pets & Animals - Animal Products & Services
do veterinarians have high percentage mental health issues,Pets & Animals - Animal Products & Services
best birds for pets,Pets & Animals - Pets
best birds that make pets,Pets & Animals - Pets
best birds to have as pets uk,Pets & Animals - Pets
can most pet birds live outside,Pets & Animals - Pets
cannock animals pets birds,Pets & Animals - Pets
london animals pets birds dove,Pets & Animals - Pets
london animals wanted pets birds,Pets & Animals - Pets
londonderry buy sell pets birds parrots,Pets & Animals - Pets
manchester animals pets birds canary,Pets & Animals - Pets
mansfield woodhouse buy sell pets birds budgies,Pets & Animals - Pets
mansfield woodhouse buy sell pets birds parrots african grey parrots,Pets & Animals - Pets
mansfield woodhouse buy sell pets birds parrots cockatoo,Pets & Animals - Pets
mansfield woodhouse buy sell pets birds parrots parakeets kakariki,Pets & Animals - Pets
old bexley buy sell pets birds parrots,Pets & Animals - Pets
old cleeve buy sell pets birds,Pets & Animals - Pets
old goole buy sell pets birds budgies budgies,Pets & Animals - Pets
pets birds cockatiel,Pets & Animals - Pets
pets birds goldion finch,Pets & Animals - Pets
pets birds inch,Pets & Animals - Pets
pets birds sulphur cockatoo,Pets & Animals - Pets
pets extremely colorful small birds for pet,Pets & Animals - Pets
small birds to keep as pets at home,Pets & Animals - Pets
smallfield horley animals pets birds,Pets & Animals - Pets
small pet birds,Pets & Animals - Pets
small pet birds list,Pets & Animals - Pets
small pet birds preloved,Pets & Animals - Pets
smartest birds for pets,Pets & Animals - Pets
uk animals pets birds budgie male,Pets & Animals - Pets
uk animals pets birds cockatoo,Pets & Animals - Pets
uk animals pets birds conure,Pets & Animals - Pets
uk animals pets birds parakeet,Pets & Animals - Pets
uk buy sell pets birds budgies baby blue budgie please help me view,Pets & Animals - Pets
uk buy sell pets birds budgies baby budgie and brand new cage view,Pets & Animals - Pets
uk buy sell pets birds budgies baby budgie is looking for a new home view,Pets & Animals - Pets
k buy sell pets birds canaries i will rehome your unwanted canaries view,Pets & Animals - Pets
uk buy sell pets birds canaries stunning coloured female canaries view,Pets & Animals - Pets
uk buy sell pets birds cockatiels adorable baby cockatiels view,Pets & Animals - Pets
uk buy sell pets birds cockatiels avery cockatiels for sale view,Pets & Animals - Pets
uk buy sell pets birds cockatiels aviary bred young rose grey cockatiel view,Pets & Animals - Pets
k buy sell pets birds cockatiels parrot for sale view,Pets & Animals - Pets
uk buy sell pets birds cockatiels pastel cheek lutino cockatiels view,Pets & Animals - Pets
uk buy sell pets birds cockatiels prolific breeding pr albino cockatiels view,Pets & Animals - Pets
uk buy sell pets birds finches zebra finches for salewhite black and orange cheek view,Pets & Animals - Pets
uk buy sell pets birds love birds abyssinian lovebirds view,Pets & Animals - Pets
uk buy sell pets birds parrots african grey parrots africa congo gray parrot view,Pets & Animals - Pets
uk buy sell pets birds parrots african grey parrots african gray lost intake doncaster at around pm sunday th view,Pets & Animals - Pets
uk buy sell pets birds pionus baby hand reared white capped pionus for sale view,Pets & Animals - Pets
uk buy sell pets birds rosellas,Pets & Animals - Pets
average age of cats,Pets & Animals - Pets
average body weight for a cat,Pets & Animals - Pets
Bald cat,Pets & Animals - Pets
bald cat breed,Pets & Animals - Pets
bambino cats for sale uk,Pets & Animals - Pets
Bamboo Cat,Pets & Animals - Pets
bamboo cats,Pets & Animals - Pets
beautiful cat breeds,Pets & Animals - Pets
Beautiful cat couple,Pets & Animals - Pets
bengal black cat,Pets & Animals - Pets
Bengal breeding cat,Pets & Animals - Pets
Bengal Cat Behavioral Characteristics,Pets & Animals - Pets
bengal cat nature,Pets & Animals - Pets
bengal cat needs rehoming,Pets & Animals - Pets
bengal cat noise meanings,Pets & Animals - Pets
best age to breed cat,Pets & Animals - Pets
best age to spay a cat,Pets & Animals - Pets
best breed of cat,Pets & Animals - Pets
best cat breed for catching rats,Pets & Animals - Pets
best cat breed for children,Pets & Animals - Pets
best cat breed for kids,Pets & Animals - Pets
biggest cat you can own,Pets & Animals - Pets
biggest domestic cat,Pets & Animals - Pets
biggest domestic cat breed,Pets & Animals - Pets
black fluffy cat,Pets & Animals - Pets
black fluffy cat breeds,Pets & Animals - Pets
black marks in cats eyes,Pets & Animals - Pets
black marks in cats mouth n,Pets & Animals - Pets
are cats really a good apartment pet,Pets & Animals - Pets
breed apart cats uk,Pets & Animals - Pets
breed bengal cat asian leopard cat,Pets & Animals - Pets
breed california spangled cat,Pets & Animals - Pets
breeds of black cats,Pets & Animals - Pets
breeds of cat,Pets & Animals - Pets
breeds of cat good with children,Pets & Animals - Pets
cat breed list,Pets & Animals - Pets
cat breeds black siamese cat really exist,Pets & Animals - Pets
cat breeds black smoke maine coon beautiful sturdy cat breed,Pets & Animals - Pets
cat breeds cat breed of the day havana brown,Pets & Animals - Pets
cat breeds cat breed of the day siberian,Pets & Animals - Pets
cat breeds things know buying russian blue,Pets & Animals - Pets
cat breeds things maine coon cat owners understand,Pets & Animals - Pets
cat breeds things probably didnt know toyger kittens,Pets & Animals - Pets
cat breeds things sphynx cat owners will understand,Pets & Animals - Pets
cat breeds think twice buy teacup persian cat,Pets & Animals - Pets
cat breeds top ten cat breeds,Pets & Animals - Pets
cat breeds with schrunchy noses,Pets & Animals - Pets
cat breed with bent ears,Pets & Animals - Pets
cat breed with dumbo ears,Pets & Animals - Pets
cat crooked tail breed,Pets & Animals - Pets
exotic cat breed,Pets & Animals - Pets
large american cat breed,Pets & Animals - Pets
large cat breeds,Pets & Animals - Pets
Maine Coon cat breeders scotland,Pets & Animals - Pets
meanest cat breeds,Pets & Animals - Pets
Most intelligent domestic cat breed,Pets & Animals - Pets
most laid back cat breed,Pets & Animals - Pets
most popular cat breeds,Pets & Animals - Pets
most rare breed cat,Pets & Animals - Pets
most unusual cat breeds,Pets & Animals - Pets
mountain cat breed,Pets & Animals - Pets
hat breed is the whiskas cat,Pets & Animals - Pets
what breed of cat does not moult,Pets & Animals - Pets
what breed of cat has no hair,Pets & Animals - Pets
what breed of cat is felix,Pets & Animals - Pets
which cat breed is best hunter n,Pets & Animals - Pets
which cat breed is right for me,Pets & Animals - Pets
wild cat domesticated breeds,Pets & Animals - Pets
wild looking cat breeds,Pets & Animals - Pets
wolverine cat breed,Pets & Animals - Pets
adopt a large breed dog,Pets & Animals - Pets
adopt a small dog breeds,Pets & Animals - Pets
advice on dog breeds minature schnauzers,Pets & Animals - Pets
advise on dog breeding,Pets & Animals - Pets
affectionate dog breeds,Pets & Animals - Pets
dog breeds suitable for full time workers,Pets & Animals - Pets
Dog Breeds Susceptible to Diabetes,Pets & Animals - Pets
dog breeds sussex spaniel,Pets & Animals - Pets
dog breeds swedish elkhound jaemthund,Pets & Animals - Pets
dog breeds things didnt know blue french bulldog,Pets & Animals - Pets
dog breeds things didnt know blue great dane,Pets & Animals - Pets
dog breeds things didnt know blue nose pitbull,Pets & Animals - Pets
dog breeds things didnt know border collie,Pets & Animals - Pets
dog breeds things didnt know cavalier king charles spaniel,Pets & Animals - Pets
dog breeds things didnt know golden retriever,Pets & Animals - Pets
dog breeds toy poodle dog breed information,Pets & Animals - Pets
dog breeds wire haired fox terriers,Pets & Animals - Pets
dog breeds wirehaired pointing griffon,Pets & Animals - Pets
dogs breeds little dogs griffon,Pets & Animals - Pets
dogs breeds little dogs pomeranian,Pets & Animals - Pets
dogs breeds little dogs pudel,Pets & Animals - Pets
dogs breeds middle dogs avstralijjskaya ovcharka,Pets & Animals - Pets
dogs breeds middle dogs beagle,Pets & Animals - Pets
dogs breeds middle dogs border kolli,Pets & Animals - Pets
dogs breeds middle dogs english shepherd,Pets & Animals - Pets
dogs breeds middle dogs golden retriver,Pets & Animals - Pets
dogs dog breed irish setter,Pets & Animals - Pets
dogs retrievers why you should consider off breed retriever,Pets & Animals - Pets
dogs rottweiler breed,Pets & Animals - Pets
dogs rottweilers and other large breeds,Pets & Animals - Pets
dogs schnitzel the mixed breed,Pets & Animals - Pets
family friendly dog breeds that dont shed,Pets & Animals - Pets
giant breed dogs for sale uk,Pets & Animals - Pets
how raise wolfhusky dog breed,Pets & Animals - Pets
easy exotic pets to look after,Pets & Animals - Pets
easy to maintain exotic pets,Pets & Animals - Pets
england buy sell pets cats exotic search,Pets & Animals - Pets
entertainment fails deaths pet owners dear exotic pets owners beware,Pets & Animals - Pets
exotic animal pets porthleven school fundraiser story detail story,Pets & Animals - Pets
exotic animals and pets,Pets & Animals - Pets
exotic animals appropriately owned pets or innapropriately owned problems,Pets & Animals - Pets
Exotic Animals as Pets Statistics,Pets & Animals - Pets
forums other pets exotics rex rabbits magpie,Pets & Animals - Pets
forums other pets exotics rice pudding rats,Pets & Animals - Pets
forums other pets exotics sheba mini yak guinea pigs,Pets & Animals - Pets
forums other pets exotics shetlands,Pets & Animals - Pets
forums other pets exotics shikoku inu,Pets & Animals - Pets
forums other pets exotics short tailed opossums question,Pets & Animals - Pets
best fish for easy maintenance pets,Pets & Animals - Pets
best fish for pets,Pets & Animals - Pets
best fish pets for home aquarium,Pets & Animals - Pets
best fish to have as a pet,Pets & Animals - Pets
best freshwater fish as pets,Pets & Animals - Pets
big fish as pets,Pets & Animals - Pets
fish for sale pet breed betta,Pets & Animals - Pets
fish for sale pet breed cichlid,Pets & Animals - Pets
fish for sale pet breed haplochromis,Pets & Animals - Pets
fish for sale pet breed leporinus,Pets & Animals - Pets
fish for sale pet breed tetra sex male,Pets & Animals - Pets
middlesbrough buy sell pets fish guppies guppies,Pets & Animals - Pets
middlesbrough buy sell pets fish tropical fish sale,Pets & Animals - Pets
pet fish breeds,Pets & Animals - Pets
Pet gold fish,Pets & Animals - Pets
types of fish kept as pets,Pets & Animals - Pets
types of freshwater pet fish,Pets & Animals - Pets
types of tropical pet fish,Pets & Animals - Pets
keeping pet rabbits safe from foxes,Pets & Animals - Pets
kent ashford animals pets rabbits,Pets & Animals - Pets
rabbits are rubbish pets,Pets & Animals - Pets
rabbits as pets indoors,Pets & Animals - Pets
rabbits as pets outdoors in winter,Pets & Animals - Pets
talk pets mother rabbit rejecting her babies,Pets & Animals - Pets
talk pets my rabbit can t seem to move her back,Pets & Animals - Pets
talk pets rabbit banging why,Pets & Animals - Pets
talk pets rabbit gerbil or guinea pig,Pets & Animals - Pets
talk pets rabbits and ticks,Pets & Animals - Pets
talk pets rabbits having a phantom pregnancy again,Pets & Animals - Pets
talk pets rabbits with recurrent teeth problems,Pets & Animals - Pets
uk buy sell pets rabbits british giant,Pets & Animals - Pets
uk buy sell pets rabbits chinchilla giganta adult male dwarf bunny so cute view,Pets & Animals - Pets
uk buy sell pets rabbits chinchilla giganta baby bunnies lopenglish spot view,Pets & Animals - Pets
uk buy sell pets rabbits chinchilla giganta baby bunnies view,Pets & Animals - Pets
uk buy sell pets rabbits dwarf lop dwarf mini lop bunnies rabbits view,Pets & Animals - Pets
uk buy sell pets rabbits english lop baby bunnies weeks old view,Pets & Animals - Pets
uk buy sell pets rabbits harlequin,Pets & Animals - Pets
uk buy sell pets rabbits lionhead beautiful young lionhead rabbit view,Pets & Animals - Pets
uk buy sell pets rabbits lionhead bunnys ready for christmas view,Pets & Animals - Pets
pet reptile s female bearded dragon won t eat poop frantic,Pets & Animals - Pets
pet reptiles for 5 year olds,Pets & Animals - Pets
pet reptiles for beginners,Pets & Animals - Pets
pet reptile sg hi month old blue tongue lizard over,Pets & Animals - Pets
pet reptile soq sudan plated lizard seems sick week,Pets & Animals - Pets
pet reptile sovw bearded dragon keeping one eye closed probably,Pets & Animals - Pets
pet reptile spf water dragon respiratory infection signs lead,Pets & Animals - Pets
pet reptile spk bearded dragon baby shedding,Pets & Animals - Pets
pet reptile sqeh month old baby sulcata recently become lethargic,Pets & Animals - Pets
pet reptile sxdw turtle broke beak bottom mouth anything,Pets & Animals - Pets
pet reptile sxw hi baby male leopard tortoise inch not,Pets & Animals - Pets
pet reptile sxyp tortoise opening closing its mouth its head,Pets & Animals - Pets
reptile pet giant gecko,Pets & Animals - Pets
uk buy sell pets reptiles lizards basilisks green basilisk view,Pets & Animals - Pets
k buy sell pets reptiles snakes boas red tail female boa with viv view,Pets & Animals - Pets
uk buy sell pets reptiles snakes boas reptiles,Pets & Animals - Pets
uk buy sell pets reptiles snakes boas sharp albino boa probed female ono cb view,Pets & Animals - Pets
uk buy sell pets reptiles snakes pythons viv accessories view,Pets & Animals - Pets
uk buy sell pets reptiles snakes pythons x burmese pythons male large foot small baby albino burmese view,Pets & Animals - Pets
uk buy sell pets reptiles snakes rat snakes black rat snake with setup view,Pets & Animals - Pets
uk buy sell pets reptiles terrapins pair of terrapins view,Pets & Animals - Pets
uk buy sell pets reptiles terrapins terrapins and tank for sale view,Pets & Animals - Pets
uk buy sell pets reptiles terrapins terrapins with full fish tank sent up view,Pets & Animals - Pets
uk buy sell pets reptiles tortoises african spurred tortoise spur thighed tortoises exeter view,Pets & Animals - Pets
uk buy sell pets reptiles tortoises breeding group of pancake tortoises for sale view,Pets & Animals - Pets
which reptile makes the best pet,Pets & Animals - Pets
wigan buy sell pets reptiles lizards crested geckos,Pets & Animals - Pets
blog best place see reptiles wild,Pets & Animals - Wildlife
blog best place see reptiles wild www teletextholidays co uk guides florida,Pets & Animals - Wildlife
shpuld shops quarebteen wild caught reptiles,Pets & Animals - Wildlife
The Best Place to See Reptiles in the Wild,Pets & Animals - Wildlife
wild life lets see some reptiles,Pets & Animals - Wildlife
Wild World Reptiles,Pets & Animals - Wildlife
forums exotic mammals releasing harvest mice into wild,Pets & Animals - Wildlife
human gets devoured by whale mammals gone wild,Pets & Animals - Wildlife
national native turkeys marsupials and other mammals return to north west nsw following wild dog culling gkaex,Pets & Animals - Wildlife
Scottish wild mammals,Pets & Animals - Wildlife
wild life post your mammals,Pets & Animals - Wildlife
wild mammals incaptivity,Pets & Animals - Wildlife
wild mammals in france,Pets & Animals - Wildlife
wild mammals of jura,Pets & Animals - Wildlife
difference between insects amnd spiders science,Pets & Animals - Wildlife
difference between pests and insects,Pets & Animals - Wildlife
differnt kinds of insects,Pets & Animals - Wildlife
diurnal variation flight activity aquatic insects,Pets & Animals - Wildlife
do insects breathe underwater,Pets & Animals - Wildlife
do insects get headaches,Pets & Animals - Wildlife
do insects have brains and heart,Pets & Animals - Wildlife
do insects hibernate uk,Pets & Animals - Wildlife
do insects like essential oils,Pets & Animals - Wildlife
do insects like peppermint n,Pets & Animals - Wildlife
english vocabulary bugs insects,Pets & Animals - Wildlife
enormous and horrible insects,Pets & Animals - Wildlife
example of insects found in moisty places,Pets & Animals - Wildlife
examples insects that are primary consumers,Pets & Animals - Wildlife
examples of insects with complete metamorphosis,Pets & Animals - Wildlife
facts about british moths the insects,Pets & Animals - Wildlife
facts beneficial harmful insects attracted lavender,Pets & Animals - Wildlife
facts flying insects garden,Pets & Animals - Wildlife
facts insects bugs do spiders eat,Pets & Animals - Wildlife
facts insects characteristics insects classification insects,Pets & Animals - Wildlife
flying insects from potted plants,Pets & Animals - Wildlife
flying insects harlequin ladybirds,Pets & Animals - Wildlife
flying insects identification,Pets & Animals - Wildlife
flying insects in kitchen,Pets & Animals - Wildlife
giant insects shrunk,Pets & Animals - Wildlife
giant lime green stick insects,Pets & Animals - Wildlife
giant stick insects,Pets & Animals - Wildlife
info insects eat holly leaves,Pets & Animals - Wildlife
info insects eat ivy plant leaves,Pets & Animals - Wildlife
info insects eat oak tree,Pets & Animals - Wildlife
info insects eat plant roots,Pets & Animals - Wildlife
info insects hatch water,Pets & Animals - Wildlife
info insects laurel shrub,Pets & Animals - Wildlife
info insects look like caterpillars,Pets & Animals - Wildlife
info kinds insects found bathrooms,Pets & Animals - Wildlife
info list leafeating insects,Pets & Animals - Wildlife
insects found in forest ecosystem,Pets & Animals - Wildlife
insects found in grassy habitats,Pets & Animals - Wildlife
insects that look like a daddy long legs,Pets & Animals - Wildlife
insects that look like blackheads,Pets & Animals - Wildlife
insects that look like scorpions in the uk,Pets & Animals - Wildlife
insects that look like worms with legs,Pets & Animals - Wildlife
list of bite and chew insects,Pets & Animals - Wildlife
list of few plants that drive away the insects,Pets & Animals - Wildlife
list of flying insects that sting,Pets & Animals - Wildlife
list of insects starting with a J,Pets & Animals - Wildlife
list of insects that can jump,Pets & Animals - Wildlife
Small Black Flying Insects in my plants n,Pets & Animals - Wildlife
small black insects in barley packet,Pets & Animals - Wildlife
small black insects in cupboards,Pets & Animals - Wildlife
small black insects in damp bathroom,Pets & Animals - Wildlife
small brown insects in pantry,Pets & Animals - Wildlife
small fast moving house insects,Pets & Animals - Wildlife
small flying insects attracred to red wine,Pets & Animals - Wildlife
small flying insects in my kitchen,Pets & Animals - Wildlife
small flying insects maybe fruitflies,Pets & Animals - Wildlife
small hardback insects,Pets & Animals - Wildlife
small insects affecting private parts of a man,Pets & Animals - Wildlife
small insects in bags,Pets & Animals - Wildlife
small insects inhabiting pine trees,Pets & Animals - Wildlife
wasp like insects,Pets & Animals - Wildlife
wasp looking insects uk AS,Pets & Animals - Wildlife
wasps insects how many stings,Pets & Animals - Wildlife
what are small brown insects in food,Pets & Animals - Wildlife
what are the black very small flying insects around my plants,Pets & Animals - Wildlife
what are the green flying insects in my shed,Pets & Animals - Wildlife
what are the insects that wil bite a person and the persons body wil start reacting,Pets & Animals - Wildlife
what are the little insects fly around fruits,Pets & Animals - Wildlife
what are the most common insects in the algarve3f,Pets & Animals - Wildlife
what are the three major ways of controlling harmful farm insects,Pets & Animals - Wildlife
what are the tiny black insects in my house,Pets & Animals - Wildlife
what are the tiny flying insects in my kitchen,Pets & Animals - Wildlife
what are the tiny little insects on line dried clothes,Pets & Animals - Wildlife
what are the white insects crawling on a slugs body,Pets & Animals - Wildlife
british mammals,Pets & Animals - Wildlife
british native mammals,Pets & Animals - Wildlife
british small mammals,Pets & Animals - Wildlife
ifference between birds and mammals,Pets & Animals - Wildlife
difference between mammals and plants inbreeding,Pets & Animals - Wildlife
difference between mammals and reptiles,Pets & Animals - Wildlife
egg laying mammals,Pets & Animals - Wildlife
empathy in mammals,Pets & Animals - Wildlife
Evolution of mammals,Pets & Animals - Wildlife
evolution of stripes in mammals,Pets & Animals - Wildlife
facts about mammals for kids,Pets & Animals - Wildlife
facts of life in siberia MAMMALS,Pets & Animals - Wildlife
Features of Mammals,Pets & Animals - Wildlife
hard shelled mammals,Pets & Animals - Wildlife
how did placental mammals evolve,Pets & Animals - Wildlife
how do mammals absorb oxygen,Pets & Animals - Wildlife
how do mammals breathe,Pets & Animals - Wildlife
how do mammals survive,Pets & Animals - Wildlife
only mammals to jump,Pets & Animals - Wildlife
opinions should marine mammals be in captivity,Pets & Animals - Wildlife
protected mammals UK,Pets & Animals - Wildlife
protection of mammals act scotland,Pets & Animals - Wildlife
red foxes eat what mammals,Pets & Animals - Wildlife
references on rabbits are small furry mammals,Pets & Animals - Wildlife
sea mammals of the world,Pets & Animals - Wildlife
weight of mammals camel,Pets & Animals - Wildlife
Where to Watch Mammals in Britain and Ireland,Pets & Animals - Wildlife
which came first birds or mammals,Pets & Animals - Wildlife
why are sharks fish and whales mammals,Pets & Animals - Wildlife
why are there no green mammals,Pets & Animals - Wildlife
why can mammals locomote for a long time,Pets & Animals - Wildlife
why hipops mammals,Pets & Animals - Wildlife
why is temperature important for mammals,Pets & Animals - Wildlife
wiki list of largest mammals,Pets & Animals - Wildlife
reptiles amphibians gaboon viper loose in south carliona,Pets & Animals - Wildlife
reptiles and amphibians of the philippines,Pets & Animals - Wildlife
thread extant reptiles figures,Pets & Animals - Wildlife
thread reptiles amphibians,Pets & Animals - Wildlife
three characteeristics that are related to reptiles,Pets & Animals - Wildlife
what is the difference between amphibians and reptiles,Pets & Animals - Wildlife
what is the size of reptiles,Pets & Animals - Wildlife
crocodile attacks a male lion latest wildlife sightings,Pets & Animals - Wildlife
crocodile attacks bungee jumper,Pets & Animals - Wildlife
crocodile attacks egypt,Pets & Animals - Wildlife
Crocodile Attacks Elephant at Watering Hole,Pets & Animals - Wildlife
crocodile attacks elephant bloody fight,Pets & Animals - Wildlife
crocodile attacks in the sea,Pets & Animals - Wildlife
animals in zoos that are extinct in the wild,Pets & Animals - Wildlife
bbc under fire over use of wild animals in new six part drama our zoo,Pets & Animals - Wildlife
behaviour differences in zoo and wild animals,Pets & Animals - Wildlife
opinions are zoos simply bleak prisons for wild animals,Pets & Animals - Wildlife
reasons on why people say animals should be in a zoo and not in the wild,Pets & Animals - Wildlife
reviews family days out safari parks and zoos port lympne wild animal park,Pets & Animals - Wildlife
should animal be kept in zoos or the wild,Pets & Animals - Wildlife
theme parks zoos national howletts wild animal park,Pets & Animals - Wildlife
uk buy sell leisure hobbies toys games gadgets pretend play animal toys zoo and wild animals big box view,Pets & Animals - Wildlife
using wild animal populations to inform zoos,Pets & Animals - Wildlife
what are the animals that run around wild at Whipsnade zoo,Pets & Animals - Wildlife
why cant animals bred in zoos repopulate the wild,Pets & Animals - Wildlife
why do zoo animals are ambassadors for their cousins in the wild,Pets & Animals - Wildlife
wild animals in the zoo,Pets & Animals - Wildlife
aquarium which animal is found,Pets & Animals - Wildlife
debates should animals be kept in zoos and aquariums,Pets & Animals - Wildlife
dyed animals reef aquarium,Pets & Animals - Wildlife
endangered animals vanish at the audubon zoo and aquarium,Pets & Animals - Wildlife
life features animal rescue protecting our marine treasures with exploris aquarium,Pets & Animals - Wildlife
most hardy animal to keep in aquarium,Pets & Animals - Wildlife
news nature king penguin penguins water animals ocean aquarium,Pets & Animals - Wildlife
opinions should animals be prohibited from entertainment uses such as circuses zoos aquariums and rodeos,Pets & Animals - Wildlife
other animals insects a british aquarium claims to have the worlds first vegetarian,Pets & Animals - Wildlife
waikiki aquarium management head sand animal deaths,Pets & Animals - Wildlife
what to see zoos parks aquariums zoodyssee animal park,Pets & Animals - Wildlife
sightseeing national cotswold wild life park,Pets & Animals - Wildlife
burford wild life park,Pets & Animals - Wildlife
cotswold wild life park,Pets & Animals - Wildlife
Los Glaciares Nationional Park wild life,Pets & Animals - Wildlife
paradise wild life park offers PF,Pets & Animals - Wildlife
things to do and see in north yorkshire theme parks and wild life parks and zoos n,Pets & Animals - Wildlife
washington wild life park,Pets & Animals - Wildlife
wild life park fakenham,Pets & Animals - Wildlife
wild life park nr. bromley kent,Pets & Animals - Wildlife
wild life parks,Pets & Animals - Wildlife
Wild life parks around Aviemore,Pets & Animals - Wildlife
wild life parks north west london,Pets & Animals - Wildlife
yorkshire wild life park,Pets & Animals - Wildlife
engal tiger top 20 facts,Pets & Animals - Wildlife
bengal tiger food,Pets & Animals - Wildlife
bengal tiger gets stuck zoo tower story detail story,Pets & Animals - Wildlife
bear kills tiger n,Pets & Animals - Wildlife
bear lion and tiger,Pets & Animals - Wildlife
can i own a tiger in the uk,Pets & Animals - Wildlife
chimpanzee feeding a baby tiger,Pets & Animals - Wildlife
Different characteristics between a lion and a tiger,Pets & Animals - Wildlife
different types of tigers,Pets & Animals - Wildlife
difference between lion tiger leopard and cheetah,Pets & Animals - Wildlife
dog adopts orphaned siberian tigers,Pets & Animals - Wildlife
dog adopts tiger cubs abandoned by their mother,Pets & Animals - Wildlife
do tigers breed in zoos,Pets & Animals - Wildlife
do tigers have night vision,Pets & Animals - Wildlife
do tigers like pepper,Pets & Animals - Wildlife
do tigers live in africa,Pets & Animals - Wildlife
Wild Elephants Animals,Pets & Animals - Wildlife
wild animals that eat apples uk,Pets & Animals - Wildlife
wild animals that have ascaped in the uk,Pets & Animals - Wildlife
hat is scotlands largest wild animal,Pets & Animals - Wildlife
top ten countries that have largest wild animals,Pets & Animals - Wildlife
top ten most smartest wild animals n,Pets & Animals - Wildlife
Top Ten Places to See Animals in the Wild,Pets & Animals - Wildlife
most common scottish wild animals,Pets & Animals - Wildlife
most expensive fish animal crossing wild world,Pets & Animals - Wildlife
how many wild animals are kept in captivity,Pets & Animals - Wildlife
how many wild animals are killed each,Pets & Animals - Wildlife
how many wild animals are killed each year to get their body parts,Pets & Animals - Wildlife
how animals in the wild get out of traps,Pets & Animals - Wildlife
how can we help wild animals during snow,Pets & Animals - Wildlife
dangerous wild animal licence uk,Pets & Animals - Wildlife
dangerous wild animals,Pets & Animals - Wildlife
