1 bbc report,News - International News
a courrier international l atlas des atlas le monde vu d ailleurs en cartes,News - International News
ablon sur seine attentat au siege de charlie hebdo des rassemblements prevus dans le val de marne,News - International News
abonné courrier international,News - International News
abonnement le nouvel observateur,News - International News
abonnement magazine actualites news actualites generales abonnement charlie hebdo,News - International News
abonnement magazine actualites news actualites generales abonnement l obs le nouvel observateur,News - International News
abonnement magazine actualites news hebdomadaires abonnement charlie hebdo,News - International News
abonnement magazine loisirs masculin abonnement charlie hebdo,News - International News
accueil detail actualite article euronews demarre la chaine africanews en decembre prochain,News - International News
accueil detail actualite article euronews lance sa chaine africaine le avril,News - International News
actions actualites news alstom contrat pour l extension de la ligne du metro du caire,News - International News
actions actualites news alstom et le metro de londres recompenses,News - International News
actions actualites news faiveley retenu par alstom pour le futur metro parisien le mp,News - International News
actions actualites news le metro de londres echappe a jcdecaux,News - International News
actions actualites news vinci bouygues remportent un nouveau contrat pour la construction du metro du caire,News - International News
actualite medias article airy routier quitte le nouvel observateur,News - International News
actualite medias article comment le nouvel observateur entend se relancer,News - International News
actualite news nouvelles internationales carbonic island,News - International News
actualite news nouvelles internationales des vieux meubles comme structures architecturales,News - International News
actualites courrier international nouvelle formule article,News - International News
actualites euronews,News - International News
affranchissement courriers tarif marchandise internationale,News - International News
amiens amiens les bons et mauvais points du nouveau chu video courrier picard,News - International News
amiens hollande rencontre des representants dagriculteurs a amiens le point,News - International News
amorçage de stéréotype raciste dans charlie hebdo,News - International News
an apres david vincent les journalistes de charlie hebdo ne sont pas des martyrs de la liberte dexpression,News - International News
analyses hypocrisie de la liberte d expression a la suite de l attaque contre charlie hebdo article,News - International News
anglais a lire courrier international consacre a londres,News - International News
angleterre television euronews uk,News - International News
anniversaire des attentats contre charlie hebdo rappel des faits voici pourquoi certains etaient persuades quil complot,News - International News
annonce deces charlie hebdo hommage aux victimes paris temoignage,News - International News
annonce revue l expansion courrier international,News - International News
archives Le nouvel observateur,News - International News
article afrique du sud hors serie de courrier international,News - International News
article coupe du monde au qatar combien de morts faudra t il source courrier international,News - International News
article courrier international analyse la situation de la coree du nord sous la direction de kim jong un,News - International News
article courrier international du decembre,News - International News
article espagne la voiture electrique un moteur de la croissance verte video euronews net,News - International News
article la chaine euronews va engager un plan de developpement pour donner plus de caractere a ses contenus,News - International News
article le monde fr blogs en palestine les chretiens donnent gout au vin par florence trainar,News - International News
article le monde fr l attrait du djihad un nihilisme generationnel qui depasse la sphere musulmane une inter,News - International News
article le monde fr l enorme succes des legendaires,News - International News
article le monde fr la resistance des insectes ravageurs s accroit face aux plantes ogm,News - International News
article le monde fr les negociations avec israel sont une faillite par piotr smolar,News - International News
article le monde fr les opposants iraniens affichent desormais leur solidarite avec les palestiniens par,News - International News
article le monde fr m khaddam des dirigeants de l armee syrienne savent que le regime est fini par christoph,News - International News
article le monde fr nous vous deconseillons formellement d y aller par elise barthet,News - International News
article le monde fr veut savoir comment tu parles,News - International News
article le monde grec ceramiques,News - International News
article le mythe de la convergence la chronique d alain gerard slama le figaro,News - International News
article le nouvel observateur cherche un ou des actionnaires capables d injecter a millions d euros,News - International News
article le nouvel observateur com israel pourquoi les migrants ne se taisent plus par celine lussato,News - International News
article le nouvel observateur com le plus palestine ans apres la nakba est une plaie toujours ouverte par,News - International News
article le nouvel observateur en parle aussi notaires des etudes trop verrouillees,News - International News
article le nouvel observateur et la pub,News - International News
article le nouvel observateur et les pervers narcissiques,News - International News
article le nouvel observateur le magazine de la gauchitude viktor dedaj,News - International News
article le nouvel observateur reaffirme son identite a travers sa nouvelle formule,News - International News
article le pouvoir de la meditation article du nouvel observateur,News - International News
article le president de la cour d appel de paris dans charlie hebdo,News - International News
article le rappeur booba justifie l attaque contre charlie hebdo quand on joue avec le feu on se brule regardez,News - International News
article les affaires,News - International News
article les affaires criminelles marquantes du departement,News - International News
article les affaires de corruption dilapidation et detournement de fonds se multiplient,News - International News
article les affaires de marylin monroe s arrachent toujours a prix d or,News - International News
article les athees musulmans sortent de l ombre par charlie hebdo,News - International News
article les attentats contre charlie hebdo une operation sous faux drapeau,News - International News
article les belges repondent a la une de charlie hebdo,News - International News
article les bureaux ensanglantes de charlie hebdo apres le massacre,News - International News
article les jt de bbc one massivement suivis apres accident helicoptere londres,News - International News
article les livres a lire selon la bbc,News - International News
article les medailles camerounais de la fuite racontent leur exploit a un journaliste de la bbc,News - International News
article les mensonges de pierre avril dans le figaro pensee unique propagande cia anti russe,News - International News
article les resultats du veolia environnement wildlife photographer of the year le fameux concours bbc et le bonheur d une image runner up,News - International News
article les ventilo radiateurs font leur entree avec le bbc,News - International News
article maputo nouveau port de l espoir des portugais fuyant la crise par rfi,News - International News
attentats bruxelles euronews,News - International News
bible retrouvée en turquie euronews,News - International News
billets charlie hebdo et le sport,News - International News
blog charlie hebdo cover je suis panama i am panama charlie hebdo panama papers je suis charlie parody cs,News - International News
blog charlie hebdo journal officiel de la republique,News - International News
blog charlie hebdo pourquoi des dessinateurs de presse ont ils ete assassines,News - International News
blog charlie hebdo un internaute met en ligne une video diffusee par erreur par les medias francais,News - International News
blog ils en parlent le figaro liberation medias france france france le parisien le point les echos minutes le quotidien du medecin,News - International News
bref jai pris le metro news,News - International News
chroniqueurs du point emmanuel berretta le petit modele euronews ou l anti france,News - International News
conseils construction maison bbc aides financieres maison bbc passive,News - International News
conseils construction maison bbc combien coute maison bbc passive,News - International News
coopérations internationales nouvelles,News - International News
dans le plus du nouvel observateur decheance de nationalite le ps tourne le dos a ses valeurs une experience traumatisante,News - International News
dgse tout le site les espions francais en quete de notoriete le figaro avril,News - International News
dmitrii medvedev sur euronews entretien exclusif,News - International News
documents obs la premiere critique litteraire du premier numero du nouvel observateur,News - International News
droit de reponse le nouvel observateur,News - International News
en espace juridique decisions du csa message diffuse sur euronews reponse au plaignant,News - International News
entreprise cha euronews privatisee restera une chaine neutre selon son futur proprietaire,News - International News
entreprises l amende infligee a charlie hebdo pour sa caricature de renaud dutreil en nazi,News - International News
esa euronews exomars entame sa quete de traces de vie sur mars video,News - International News
etat islamique boko haram je dis que la cia et le mossad sont derriere ces organisations le president du soudan sur euronews,News - International News
flash actu filwww cinema la e ceremonie des cesar en direct avec le figaro,News - International News
flash actu filwww en images les unes du figaro du jour,News - International News
flash actu filwww info figaro proces des cols rouges de drouot le jugement sera rendu le septembre,News - International News
flash actu filwww info le figaro carlos renvoye devant les assises speciales pour l attentat du drugstore publicis,News - International News
flash actu filwww info le figaro comment le drian va renforcer la reserve militaire,News - International News
flash actu filwww info le figaro essai clinique mortel de rennes de nouvelles revelations troublantes,News - International News
flash actualite culture charlie hebdo cabu inhume a chalons en champagne dans l intimite,News - International News
flash actualite culture charlie hebdo lancement d un prix litteraire pour les jeunes,News - International News
flash actualite culture charlie hebdo millions d euros bientot distribues aux proches des victimes,News - International News
flash actualite culture charlie hebdo un an apres des mots toujours difficiles a dire,News - International News
flash actualite culture houellebecq rien ne sera plus comme avant apres l attentat contre charlie hebdo,News - International News
flash actualite culture japon un livre sur charlie hebdo pour aviver le debat sur la liberte d expression,News - International News
flash actualite culture luz le soutien a charlie hebdo est a contre sens de ses dessins,News - International News
flash actualite culture meme pas peur renaud reprend la plume pour charlie hebdo,News - International News
flash actualite culture rap disiz regrette les clivages provoques par la tragedie de charlie hebdo,News - International News
flash actualite economie affaire ioukos la part de la russie dans euronews saisie par la justice,News - International News
flash actualite economie euronews un spectaculaire nouveau siege au service de grandes ambitions,News - International News
flash actualite economie le qatar s offre l immeuble du figaro a paris,News - International News
flash actualite economie y aura t il un effet charlie hebdo pour la presse papier,News - International News
formule le francais jules bianchi grievement blesse a la tete le nouvel observateur,News - International News
fr fr video other charlie hebdo nous sommes arrivés à une impasse zineb el rhazoui vi bbqvqar,News - International News
fre esa in your country france euronews exomars entame sa quete de traces de vie sur mars,News - International News
fre esa in your country switzerland francais esa euronews exomars entame sa quete de traces de vie sur mars,News - International News
groupes bordeaux discussions le nouvel observateur,News - International News
heure du tirage euromillions sur tf1,News - International News
high tech charlie hebdo et boko haram parmi les mots les plus recherches en,News - International News
hollande a vole et perverti les mots le nouvel observateur,News - International News
info medias detail le nouvel observateur repond aux critiques de la police belge,News - International News
informations tv5 monde,News - International News
itm david bowie le nouvel observateur du mars,News - International News
itunes les inedits des beatles la bbc sur l itunes store,News - International News
journal le nouvel observateur,News - International News
l islamophobie subliminale du nouvel observateur a,News - International News
La fin de Hollande selon le Nouvel observateur,News - International News
la revue de presse éco business du challenges le point lexpress le nouvel observateur courr,News - International News
lancement du courrier pirate international,News - International News
lantarctique sans defense face au tourisme courrier international,News - International News
le portrait du nouveau ministre de la justice le figaro,News - International News
le presentateur de la bbc confond sa tablette avec une rame de papier,News - International News
le president soudanais omar el bechir declare sur euronews je dis que la cia et le mossad sont derriere les organisations de l etat,News - International News
le prix de l independance a l afp et au figaro,News - International News
le prochain voilier de course figaro beneteau iii aura des foils et sera signe vplp,News - International News
le rapporteur de la reforme penale accuse le figaro a deforme ses propos sur la delinquance sexuelle,News - International News
le rwanda veut interdire la bbc,News - International News
le scan tele etranger artfig attentats parisiens la bbc devoile un documentaire inedit sur le bataclan,News - International News
le scan tele etranger artfig cannibalisme un journaliste de la bbc tente l experience,News - International News
Les 12 meilleurs livres du 21e siècle selon la BBC,News - International News
les jeunes et la lecture analyse le nouvel observateur,News - International News
lesechos ech arnaud aubron le patron geek de courrier international,News - International News
lesechos ech cardinal emporte le contrat du futur siege d euronews,News - International News
lesechos ech euronews confie sa regie a la rai,News - International News
lesechos ech le nouvel observateur l incroyable cession au monde,News - International News
lesechos fr le nouvel observateur l incroyable cession au monde,News - International News
lettre au president de la republique par la redaction du nouvel observateur,News - International News
liberation change de formule avec une campagne pompee sur courrier international liberation,News - International News
metro co uk chelsea transfer news domingos quina free to join manchester united edinson cavanis antonio conte hint mats hummels enquiry,News - International News
metro latest news,News - International News
nasa bbc nouvelles,News - International News
nasa bbc nouvelles rayon cosmique hoax,News - International News
nasa et google bbc nouvelle,News - International News
Nasi BBC Nouvelles sur le rayon cosmique 2016.,News - International News
national security bbc launches sexy smear campaign against pope john paul ii,News - International News
nature animaux animaux sauvages un bebe ecureuil sauve par un journaliste de la bbc shtml,News - International News
news releases artprice euronews explore en degres le musee dart contemporain siege social dartprice sortie avancee du rapport annuel sur le marche de lart mondial,News - International News
quand les usa fournissent des armes a al qaida euronews,News - International News
quebec quatre saison documentaire tf1 fevrier 2016,News - International News
queen and brexit bbc,News - International News
quel a été le discours prononcé par obama après les attentats de charlie hebdo,News - International News
quel satellite pour capter la bbc,News - International News
quelques caricatures de charlie hebdo sur les prisons,News - International News
quentin letts le nikolai yezhov britannique censure par la bbc pour un reportage sceptique sur le changement climatique,News - International News
quotidien le figaro,News - International News
reportage decouvrez la demeure du chaos hq artprice lieu artistique extraordinaire par euronews,News - International News
revue de presse charlie hebdo csa illustrateurs de presse el capitan al jazeera ert data gif,News - International News
revue du web renaud reprend la plume dans charlie hebdo et annonce quil va lire le coran,News - International News
rhone alpes euronews lyon un spectaculaire nouveau siege au service de grandes ambitions,News - International News
services de renseignements libanais un attentat encore plus violent que celui de charlie hebdo en preparation sur le sol francais ht,News - International News
services en ligne espace documentaire videos ceremonie hommage aux victimes de l attentat terroriste a la redaction de charlie hebdo thierry foucaud vice president,News - International News
show le matin d cartman et stephanie loire annulent l emission apres l attentat a charlie hebdo,News - International News
telecharger euronews en français,News - International News
telecharger métro news pour smartphone,News - International News
television en direct regarder euronews allemagne,News - International News
television euronews,News - International News
tv bbc cancels survivors,News - International News
Ukraine euronews,News - International News
voila comment le figaro transforme une victime israelienne en ass,News - International News
vu des etats unis reforme du code du travail hollande doit gagner la bataille courrier international,News - International News
1 mois gratuit canal plus,News - Local News
10 actualité monde,News - Local News
12-13 national france 3 présentatrice,News - Local News
13 de France 3 MEUSE,News - Local News
2 redacteur journaliste,News - Local News
abonnement le figaro histoire,News - Local News
abonnement le figaro hors serie,News - Local News
abonnement le figaro version papier,News - Local News
abonnement magazine actus infos politique opinions abonnement le courrier de latlas,News - Local News
abonnement magazine duree libre actus infos quotidiens abonnement le figaro,News - Local News
abonnement magazine le courrier de mantes,News - Local News
abonnement moins cher le courrier des yvelines,News - Local News
abonnements le figaro,News - Local News
accueil infos locales acces plages,News - Local News
accueil infos locales bretagne carnac marches a proximite,News - Local News
accueil infos locales marches a proximite du camping,News - Local News
accueil infos locales navettes,News - Local News
actualite bienvenu sur les archives de francesoirfr,News - Local News
actualite francesoir,News - Local News
actualites et nouveautes nouvelles offres locales dans l est le centre le sud est et le sud ouest,News - Local News
actualites et nouveautes nouvelles offres locales dans l est le nord est en ile de france et en outre mer (language) fre fr,News - Local News
actualites et nouveautes nouvelles offres locales dans l ouest et l est,News - Local News
actualites et nouveautes nouvelles offres locales dans le nord est le sud est et le sud ouest (language) fre fr,News - Local News
actualites info locale article a toulouse la regie des transports,News - Local News
actualites info locale article agriculture revenir aux sources,News - Local News
actualites info locale article aix en provence represailles,News - Local News
actualites locales vichy dcf accueil nouvelles entreprises,News - Local News
amiens hollande et cameron jeudi a amiens pour un sommet domine par la le point,News - Local News
an blogs liberation fr decheance de notabilite un troll perd son badge bleu sur twitter,News - Local News
android applications vivez lactualite sur votre mobile avec lapplication le figaro sur android,News - Local News
animateur canal plus,News - Local News
annoncer gratuitement dans info locale,News - Local News
applis gratuites voyages et infos locales telecharger captain train billets sncf,News - Local News
article chikungunya reprise de la chasse au moustique tigre le er mai francesoir fr,News - Local News
article douzens infos locales,News - Local News
article le monde le figaro liberation et le parisien vont augmenter leurs prix en janvier,News - Local News
article le monde un journal partisan qui ignore,News - Local News
article le myosotis du dauphine savoie ferme jusqu a dimanche,News - Local News
article le nouveau maillot de l equipe de france,News - Local News
article le nouvel observateur annonce une vague de departs de journalistes et une nouvelle formule,News - Local News
article le on n l avenir appartient au journaliste pigiste,News - Local News
article le parcours du criterium du dauphine devoile a lyon,News - Local News
article le parcours du criterium du dauphine libere,News - Local News
article le pavillon dauphine demande des comptes a la mairie de paris et s engage sur l emploi,News - Local News
article le petit journal de canal plus reconnait avoir fait une erreur,News - Local News
article le philosophe ancien ministre de l education assure dans une tribune au figaro que toutes les c,News - Local News
article le piege se referme sur les francais qui ont emprunte en francs suisses le figaro,News - Local News
article le president du club de foot auxerre en prend un journaliste,News - Local News
article le printemps des poetes article du dauphine libere mars,News - Local News
article le proces de journalistes passe inaper u des medias fran ais,News - Local News
article le qatar s offre l immeuble du figaro a paris avec tous les journalistes,News - Local News
article le quotidien le figaro presente ses excuses apres avoir publie une breve sexiste,News - Local News
article les championnats du lyonnais et du dauphine savoie,News - Local News
article les fromages des alpes du nord le dauphine,News - Local News
article les guerres dauphine savoie,News - Local News
article les miss meteo de canal plus,News - Local News
article les pommes dauphines maison c est extra,News - Local News
article les rdv techniques de la ligue dauphine savoie,News - Local News
article lu dans la presse locale deux infos fondamentales,News - Local News
article ouverture de paris plage foule et soleil dans une bulle de vacances francesoir fr,News - Local News
article petites infos locales,News - Local News
audio agenda direct de romilly foire a tout et infos locales,News - Local News
bienvenu à l'équipe,News - Local News
Bienvenue sur le site officiel du Journal L'Illustration de son fonds documentaire et de ses archives historiques,News - Local News
big brother un journaliste de france clairement incompetent se moque de nous,News - Local News
bilan dauphine domotique,News - Local News
blog le figaro sciences la terre nest pas aussi ronde quon le dit,News - Local News
bon plans le figarofr actualites,News - Local News
brezet infos magasins vie locale detail detail vie locale,News - Local News
bruges infos magasins vie locale detail detail vie locale,News - Local News
calais actualite locale dernieres infos,News - Local News
capbreton infos magasins vie locale detail detail vie locale,News - Local News
carcassonne infos magasins vie locale detail detail vie locale,News - Local News
catalogue livres ressources professionnelles les nouvelles politiques locales n,News - Local News
Ce Soir a Canal Plus,News - Local News
ce soir à la télé sur canal plus sport,News - Local News
chaine régionale france 3,News - Local News
chaine télévision france 3 direct gratuit,News - Local News
chambery infos magasins vie locale detail detail vie locale,News - Local News
conctacter service client canal plus,News - Local News
conditions abonnement canal plus bein,News - Local News
dimanche juin animations a st joseph infos locales et musique,News - Local News
dimanche novembre infos locales direct de charleval foire a tout et musique,News - Local News
en le dauphiné ardèche,News - Local News
enregistrer sur canal plus,News - Local News
ete fr infos vie locale,News - Local News
ete fr infos vie locale espace saisonnier,News - Local News
ete fr infos vie locale superdevoluy fete ses ans en,News - Local News
finances et fiscalites locales communes nouvelles la fusion des acca dans les communes nouvelles pourrait devenir facultative article,News - Local News
flash actualite economie actualite foot le parisien monetise ses infos locales sur mobile,News - Local News
flash actualite economie avec ccm benchmark le figaro va devenir le n francais sur internet,News - Local News
flash actualite economie axel springer et samsung lancent leur fil d infos pour mobile courant mars,News - Local News
flash actualite high tech infosys se choisit un nouveau directeur general son co fondateur se retire,News - Local News
flash btp actualites generales infos produits polyane liquide,News - Local News
FORUM France 3,News - Local News
fr actualites article infos locales,News - Local News
fr infos pratiques culture locale,News - Local News
haute savoie l equipe,News - Local News
haute savoie le dauphine libere distribue,News - Local News
haute savoie le dauphine libere le journal le plus haut d europe,News - Local News
haute savoie le dauphine libere vous offre des places pour etg dijon ce soir,News - Local News
haute savoie le dauphine un semestre entre paris et cluses attachment logo le dauphine libere,News - Local News
haute savoie le journal d antoine vielliard excede monteil et duby muller,News - Local News
haute savoie une nouvelle edition pour le dauphine libere,News - Local News
hauts de seine des infos pour les chomeurs et eremistes une formation d auxiliaire parentale offerte aux demandeurs d emploi du sport dans les parcs pour les ans,News - Local News
hauts de seine ils veulent plus d infos sur les ecrans pub espions,News - Local News
hc fr articles comment feuilleter le journal numérique et charger le pdf de l édition du jour,News - Local News
hebdomadaire du PS L Unité et ses journalistes,News - Local News
information du jour 20 minutes,News - Local News
infos 20 minutes journal,News - Local News
infos du journal 20 minutes,News - Local News
jeudi avril ephemeride retour sur le week end dernier infos locales et idees de sortie,News - Local News
jeudi juillet ephemeride premiere fete de la fraise a gaillon infos locales et musique,News - Local News
journal 20 minutes en pdf AS,News - Local News
journl francesoir,News - Local News
la meteo sur meteo-de-france info consultez météo facilement toutes les villes de france prévisions à 15 jours des plages montagnes j 15 previsisons locale montagne mer plage alerte carte,News - Local News
la vie locale et associative infos pratiques,News - Local News
le petit rapporteur canal plus,News - Local News
le point le figaro,News - Local News
les emissions infos locales,News - Local News
les infos locales d avril,News - Local News
lesparre infos magasins vie locale detail detail vie locale,News - Local News
locales calais actualite secteur calais article le ccas va construire trois nouvelles re shtml,News - Local News
locales hazebrouck actualite secteur hazebrouck article deux nouvelles enseignes dans la zone co shtml,News - Local News
lundi decembre infos locales sortie scolaire annulee a l ecole marcel lefevre et musique,News - Local News
lundi juin ephemeride motocross a bouafles infos locales et musique,News - Local News
mes nouvelles locales,News - Local News
nantes loire atlantique nantes il boxait les enfants de sa compagne le dauphine libere,News - Local News
netflix canal plus,News - Local News
news locales info routes circulation delicate dans le,News - Local News
news vie locale le creusot message aux fideles de creusot infos,News - Local News
news vie locale le creusot un petit truc pour consulter facilement creusot infos sur votre smartphone,News - Local News
news vie locale le creusot une seule adresse mail pour contacter creusot infos,News - Local News
nom des présentateurs de musique classique sur France 3,News - Local News
ouest france annonce info locale,News - Local News
passer de canal plus à free,News - Local News
politiques publiques amenagement territoire energie collectivites locales communes nouvelles,News - Local News
portail nord nous connaitre notre journal regional rec,News - Local News
portrait journal liberation,News - Local News
quelle appli pour infos gratuites,News - Local News
quelle application choisir pour les infos,News - Local News
quelle application pour lire infos sur ma tablette,News - Local News
quotidien 20 minutes,News - Local News
quotidien le figaro sommaire,News - Local News
r etudes journaliste,News - Local News
recrutement journal 20 minutes,News - Local News
résultats mots fléchés 20 minutes,News - Local News
services en ligne actualites,News - Local News
services en ligne espace documentaire documents a telecharger les conseils de quartier flammarion comptes rendus et publications le journal la lorgnette la lorgnette,News - Local News
services en ligne espace documentaire documents a telecharger les conseils de quartier paul bert comptes rendus et publications le journal le fil du corbon le fil du corbon,News - Local News
services en ligne espace documentaire les publications de la ville oissel hebdo le journal municipal,News - Local News
services en ligne espace documentaire les publications de la ville oissel hebdo le journal municipal oissel hebdo du er avril,News - Local News
services en ligne espace documentaire publications municipales journal municipal sallaumines infos,News - Local News
services en ligne espace documentaire publications municipales journal municipal sallaumines infos sallaumines infos n janvier,News - Local News
services en ligne espace documentaire videos le journal journal courir a montigny fete ses ans,News - Local News
services en ligne espace documentaire videos le journal journal inauguration de luxant group a noyelles godault,News - Local News
services en ligne espace documentaire videos le journal journal inauguration du saj fam aj les copains a bord a courrieres apei,News - Local News
services en ligne espace documentaire videos le journal journal la mediatheque de courrieres,News - Local News
services generaux le courrier,News - Local News
services infos pratiques urgences locales,News - Local News
site france3.fr les carnets de julie france 3 recettes,News - Local News
site france3.fr météo a la carte france 3,News - Local News
sites en ligne le figaro,News - Local News
tag canal plus en direct,News - Local News
tag des medias et des journalistes,News - Local News
tag infos locales venissieux,News - Local News
tag le courrier des amies,News - Local News
tag le courrier des lecteurs,News - Local News
tag le nouveau courrier,News - Local News
tag voyages et infos locales,News - Local News
tandem série france 3,News - Local News
tarif canal plus,News - Local News
tignes info ledition locale du avril,News - Local News
tignes info ledition locale du mars,News - Local News
toulouse france midi pyrenees le personnel craint pour l avenir de l info locale,News - Local News
tv france 3 live,News - Local News
tv orange france 3 en direct sur tablette,News - Local News
un article paru le janvier sur le dauphine libere,News - Local News
un attentat contre des militaires dejoue a toulon le figaro,News - Local News
v journal de bord actualites,News - Local News
vie locale infos pratiques culte religieux,News - Local News
vie locale infos pratiques marches brocantes,News - Local News
vie locale infos pratiques nouveaux arrivants,News - Local News
vie locale infos pratiques permanences publiques,News - Local News
vie locale infos pratiques salles communales,News - Local News
vitre infos magasins,News - Local News
vitre infos magasins hypermarche,News - Local News
voile concarneau les figaro en route pour le depart du trophee guy cotten,News - Local News
voir france 3 auvergne en direct,News - Local News
voir france 3 de hier 19h00,News - Local News
voir france 3 en direct gratuit,News - Local News
voir france 3 en direct plus belle la vie,News - Local News
voir france 3 en replay,News - Local News
voir france 3 en replay la vie secrete des chansons,News - Local News
voir france 3 en streaming,News - Local News
web jeu de mots 20 minutes,News - Local News
a mika journal d un optimiste accidentel,News - National News
abdelhak lamiri economiste la situation economique est tres dangereuse,News - National News
abdeslam el jaidi ou le brillant faquîh devenu économiste,News - National News
abonnement journal le canard enchaine shtml,News - National News
achat les dossiers du canard enchaine histoire de belges juillet,News - National News
activites autres activites specialisees scientifiques et techniques a activite des economistes de la construction haute savoie bons en chablais,News - National News
actualite articles bfm tv nouveau logo pour le passage de la tnt en hd,News - National News
actualite economique avenir de l euro l inquietant pronostic de economistes de renom,News - National News
actualite economique des meilleurs economistes francais buchent sur les reformes en france,News - National News
actualite emploi carole couvert sera l invitee de bfm tv ce soir a h,News - National News
actualite en direct bfm tv,News - National News
actualite medias article bfm tv et dominique rizet condamnes pour avoir diffuse des photos de la tuerie de chevaline,News - National News
actualite medias bfm tv le cabinet de najat vallaud belkacem tente de censurer un reportage,News - National News
amical l equipe de france b s impose devant verona d italienne a,News - National News
amiens amiens des braqueurs profitent de la manifestation des lyceens et france info,News - National News
amiens amiens la mission anti sectes annule une conference sur des francetv info,News - National News
amiens amiens le reveil des betteraves pour un changement de cap a france info,News - National News
amiens amiens pres de personnes dans la rue contre la loi travail francetv info,News - National News
amiens amiens salon de lapprentissage et de lalternance jusquau mars francetv info,News - National News
amiens amiens securite renforcee autour des lieux de culte pendant la francetv info,News - National News
amiens amiens un enfant sauve de la noyade par un adolescent francetv info,News - National News
amiens journal presse et magazines le courrier picard sige social,News - National News
amour et sexe actualite articles infos pour se sentir moins nulle,News - National News
amour et sexe actualite articles infos qui donnent la peche illico,News - National News
analyse loi travail par economistes atteres,News - National News
annonce dessinateur metreur economiste de la construction h f,News - National News
apolline de malherbe bfm tv paris direct politique premiere,News - National News
article l enjeu du miel et des abeilles en pyrennees orientales interview de michel barcelo president de,News - National News
article l enorme bourde de bfm tv qui telephone en direct a jean marie le guen au lieu de jean marie le pen regardez,News - National News
article l insecurite en france les infos detaillees ville par ville,News - National News
article le numero un de la cfdt laurent berger tres en colere contre la une de l express,News - National News
article le patron de l express traite anonymous de voleurs le site du magazine bloque en,News - National News
article le patron de rmc et bfm tv decore par nicolas sarkozy,News - National News
article le porte parole du gouvernement engueule alain weill le patron de bfm tv je suis pas le syndicaliste du coin je suis pas importe quoi regardez,News - National News
article le porte parole du parti socialiste accuse la chaine bfm tv de voyeurisme obscene apres la diffusion d une video,News - National News
article le prefet repond au canard enchaine,News - National News
article le president du modem gironde attaque le canard enchaine,News - National News
article le site internet de bfm tv pirate cette nuit par un groupe anonyme,News - National News
article le soutien gorge en transparence de fanny agostini bfm tv,News - National News
article les dossiers du canard enchaine avril,News - National News
article les economistes atterres aux mardis de l essec,News - National News
article les fonctionnaires a la diete j m canon sur bfm tv le fevrier,News - National News
article les programmes de bfm tv brutalement interrompus aujourd hui a h regardez,News - National News
article lettre ouverte au canard enchaine en droit de reponse pour son bibi fricoteur fev antisemitis,News - National News
article lu dans le canard enchaine pan sur le bec de dominique voynet,News - National News
article marine le pen definitivement deboutee d une action en diffamation contre le canard enchaine,News - National News
article martin laurent le canard enchaine ou les fortunes de la vertu histoire d un journal satirique flammarion p,News - National News
bien etre forme choisir son sport rugby mode d emploi pour les neophytes la composition d une equipe o,News - National News
blocus du lycee corot a savigny sur orge sur bfm tv,News - National News
blog alerte info france attentats se paris violente fusillade a saint denis,News - National News
blog alerte info france lelysee annonce la liberation de la francaise detenue au yemen,News - National News
blog alerte info france tel aviv sur seine anne hidalgo porte plainte pour une caricature,News - National News
blog alerte info nigeria lagence france presse afp prise en flagrant delit de falsification,News - National News
blog bfm tv en direct,News - National News
blog dernieres infos du trophee de france,News - National News
blogs raveaud loi travail les arguments des economistes qui sont pour,News - National News
Bougnoules et insultes à des policiers Marine Le Pen déboutée face au Canard Enchaîné,News - National News
bourgogne une mort suspecte l hopital de dijon la procureure de dijon decouvre l histoire par le canard enchaine,News - National News
bretigny sur orge le canard enchaine attribue une palme au secretaire departemental du fn de haute loire,News - National News
breves urgent urgent urgent attaque de bassam le canard enchaîné accuse ouattara compaoré et les,News - National News
brigitte bardot s exprime dans l histoire en direct bfm tv er avril,News - National News
bruxelles fortes audiences pour bfm tv et i tele,News - National News
céline dion accorhotels arena in paris france accorhotels arena 24 juin,News - National News
celine dion bfm tv jeu,News - National News
censure de bfm tv concernant nadja vallaud belkacem,News - National News
challenges soir cha loi travail pourquoi le soutien des economistes stars a fait un flop,News - National News
collections special catholiques golias canard enchaine eglise,News - National News
convention collective brochure actualite economiste construction metreurs verificateurs economistes de la construction cabinets,News - National News
convention collective brochure metreurs verificateurs economistes de la construction cabinets,News - National News
crise des migrants la video que vous ne verrez jamais sur bfm tv,News - National News
critique canard enchaine spectacle la mer edwards bond,News - National News
culture accidentee fanny agostini sera privee de meteo sur bfm tv pendant un mois mpat!dpnfpbghkmoe,News - National News
culture bfm tv fanny agostini ne rejoindra pas france mnca!lpjdabmwke,News - National News
culture ces communicants bien republicains de bfm tv qui agacent l elysee lexpress cntkfsmq,News - National News
culture loisirs culture article henri beraud du canard enchaine a,News - National News
culture marine le pen definitivement deboutee d une action en diffamation contre le canard enchaine afp cntllxqu,News - National News
cumul le canard enchaine parlait lui aussi de la demission forcee de m beschizza a la region,News - National News
dans un article publie aujourd hui dans le canard enchaine on apprend que la position de la france sur l agression a,News - National News
detail salvador dali a l occasion d un interview pour le journal televise consacre au livre dali de gala,News - National News
differentes structuree professsionnelles de l'économiste,News - National News
dijon dijon au lycee simone weil on combat les discriminations et le francetv info,News - National News
dijon dijon clameurs les rencontres litteraires ou les voix sont livres francetv info,News - National News
dijon dijon des incidents ont emaille la manifestation contre la loi travail francetv info,News - National News
dijon dijon la cite internationale de la gastronomie et du vin est francetv info,News - National News
dijon dijon la librairie le barde bourguignon fete ses vingt ans francetv info,News - National News
dijon dijon un homme blesse par balle retrouve dans sa voiture le figaro,News - National News
direct element selon le canard enchaine un humoriste harcele a porte plainte contre hanouna,News - National News
documentation abus quand le canard enchaine se dechaine sur un administrateur judicaire lire,News - National News
dominique mari quitte france et arrive sur bfm tv,News - National News
economie article aristote manageur et economiste de l equation a la prudence,News - National News
économistes intervenant sur bfm tv,News - National News
election presidentielle video toulon des militants ump agressent les journalistes de bfm tv,News - National News
emilie loubens journaliste antisemite pour bfm tv souhaite linterdiction du elfassisccopblog com et de la ldj,News - National News
en foot qui porte le numero 9 dans l equipe de france,News - National News
enquete francetv info abattoirs elevages couvoirs l agent secret de l raconte ses infiltrations,News - National News
enquete francetv info jihadistes français à nîmes ville,News - National News
enquetes economie chomage et si francois hollande lisait les rapports des economistes,News - National News
entraide recherche france info ondes courtes,News - National News
entreprise afp la france aura sa troisieme chaine d info gratuite lci des le avril,News - National News
entreprises lalande aurore économiste de la construction,News - National News
espace premium actu le scoop mondial de bfm tv,News - National News
espace premium culture loisirs le parisien aujourd hui en france s associe a bfm tv,News - National News
evenement florian philippot vice president du front national sera linvite de bfm tv et rmc,News - National News
evenement marion marechal le pen depute de vaucluse sera linvitee de bfm politique sur bfm tv et bfm business radio,News - National News
flash actu filwww apres deux ans a matignon manuel valls ne convainc les francais barometre figaro magazine,News - National News
flash actu filwww france televisions la chaine d info publique des septembre,News - National News
flash actu filwww info le figaro hopital la carte de france des suppressions de lits,News - National News
flash actu filwww info le figaro la carte des radars qui flashent le plus en france,News - National News
flash actualite culture espagne la tour d hercule inscrite au patrimoine mondial de l humanite,News - National News
flash actualite culture l impression express un avant gout du livre du futur,News - National News
flash actualite culture opera de lyon un festival pour l humanite en forme de manifeste,News - National News
flash actualite economie en inde le chomage est une bombe a retardement selon les economistes,News - National News
flash actualite economie espagne adopte un budget juge optimiste par les economistes,News - National News
flash actualite economie etats unis le livre de l economiste francais thomas piketty best seller,News - National News
flash actualite economie europe l economiste en chef de la bce met en garde contre la montee du populisme,News - National News
flash actualite economie fmi un economiste lui reproche son parti pris europeen,News - National News
flash actualite economie france economistes lancent un appel pour sortir de l impasse economique,News - National News
flash actualite economie jacques sapir l economiste que s arrachent les souverainistes,News - National News
flash actualite economie l annee piketty l economiste prophete partout sauf en son pays,News - National News
flash actualite economie la commission europeenne interdit le rachat de tnt express par ups,News - National News
flash actualite economie patrick drahi va racheter tous les titres de l express roularta,News - National News
flash actualite economie sncf pas de billets gratuits pour les migrants mais des consignes d humanite,News - National News
flash actualite monde alcool les beuveries express en progression inquietante chez les jeunes occidentaux,News - National News
florian philippot etait l invite de jean jacques bourdin sur rmc et bfm tv,News - National News
football rmc sport et bfm tv en deuil apres le deces d olivier schwarz,News - National News
forum ab science la soeur bogdanov sur bfm tv,News - National News
fr fr conseils beaute le magazine rituel beaute express matin,News - National News
fr fr finance actualite chômage et si françois hollande lisait les rapports des économistes ar bbrduxy,News - National News
fr items productions les noces de figaro opera royal du chateau de versailles,News - National News
fr nouvelles culture fr lavocat economiste frederic viale analysera dans le forum social les consequences du ttip,News - National News
fr politique economique marche du travail pour les economistes limmigration nest pas un prob,News - National News
fr une journaliste de bfm tv se fait faucher par une vague a st malo en direct,News - National News
h carole coatsaliou bfm tv premiere edition les sports,News - National News
hommage a charlie bfm tv censure leur journaliste,News - National News
jacques chirac et l Humanite,News - National News
jacques guimet journalste à l'humanité,News - National News
jean cyrille boutmy presente le er salon des antiquites et du design sur bfm tv,News - National News
jean luc mélenchon sur bfm tv la principale lutte qu on peut mener contre l extrémisme c est de changer la politique qu applique l,News - National News
le petit journal l interview sans concession de silvio berlusconi par salhia brakhlia,News - National News
le petit journal sarkozy reinvente son interview chez chazal l instant president,News - National News
le scan tele polemiques artfig assaut a saint denis interpelles par la police apres avoir donne une interview a bfm tv,News - National News
le scan tele polemiques artfig hyper casher dominique rizet bfm tv je m en voudrai jusqu a la fin de mes jours,News - National News
le scan tele polemiques artfig temoignage sur les attentats bfm tv et rmc denoncent des pressions du gouvernement,News - National News
lesechos ech gary becker l economiste qui voyait l economie partout,News - National News
lesechos ech hausse des impots ou baisse des depenses le debat enflamme les economistes,News - National News
lesechos ech i tele fait evoluer son modele pour se differencier de bfm tv,News - National News
lesechos ech jacques attali economiste president de la fondation positive planet et du groupe a a,News - National News
manifestations en grèce un journaliste de bfm tv agressé en plein direct,News - National News
manuel valls demande a ses services didentifier les sources dun journaliste du figaro,News - National News
mariage pour tous bernadette chirac reagit au projet de loi sur bfm tv,News - National News
marine le pen bfm tv marine le pen s en prend a apolline de malherbe art,News - National News
marion marechal le pen invitee du grand jury rtl le figaro lci,News - National News
marseille a paris et marseille les etrangers se mobilisent pour nettoyer les le figaro,News - National News
nantes cannes et ajaccio rennes les finales de coupe de france de volley en direct sur l equipe,News - National News
nantes euro l equipe de france se jaugera face au cameroun et l ecosse,News - National News
nathalie levy pour edition speciale le suite aux attentats du en belgique sur bfm tv,News - National News
news evenement euro de football france insolite un journaliste de bfm tv annonce par erreur la mort de yoann gourcuff,News - National News
news invite business gilbert cette economiste et professeur a l universite d aix marseille,News - National News
news invite business robin rivaton economiste et chroniqueur a l opinion,News - National News
news le canard enchaine,News - National News
news people actu people fanny agostini la miss meteo de bfm tv privee d antenne a cause d un accident de ski,News - National News
pascale de la tour du pin dans premiere edition le sur bfm tv,News - National News
pascale de la tour du pin pour edition speciale le suite aux attentats du en belgique sur bfm tv,News - National News
pays de la loire avec l application france regions restez connecte avec l info des pays de la loire,News - National News
pays de la loire info bretignolles france nature environnement reagit,News - National News
people politique remaniement manuel valls premier ministre annonce bfm tv,News - National News
portail ile de france la cfdt ile de france qui sommes nous l equipe de l union regionale cfdt ile de france recette,News - National News
portail jcms p la france dans l union europeenne et dans le monde,News - National News
pourquoi Hondelatte a t il arrêté Bfm tv,News - National News
pourquoi le site bfm tv rmc a t il brusquement supprime le a h son sondage sur la popularite de francois hollande,News - National News
question de l'internaute france tv info fr3,News - National News
radio le vrai du faux numerique sur france info les rumeurs tissent leur toile,News - National News
radio radio france pourquoi on n entendra plus la meteo de joel collado sur france inter et france info,News - National News
resultats du classement france info des maisons de retraite,News - National News
revue du web info france air cocaine le francais christophe naudin a ete extrade vers la republique dominicaine,News - National News
revue du web info france louisa une des deux mineures radicalisees en fuite est rentree chez elle en haute,News - National News
revue du web info francetv info attentats du novembre personnes sont toujours hospitalisees,News - National News
sandra gandoin pour non stop le sur bfm tv,News - National News
similaires appoline malherbe stephanie muru journalistes presentatrices bfm tv posent devoilent match professionnelles jour,News - National News
similaires eddy mitchell coeur documentaire inedit france infos etonnantes schmoll,News - National News
similaires enquete francetv info rachide boubala detenu emmerde prisons,News - National News
similaires jean jacques bourdin animateur rmc bfm tv du quitter direct,News - National News
t actualites ecologie p cosse et duflot se sont fait payer leurs deplacements a l universite d ete de leur parti par le conseil regional france tv info,News - National News
t championnat de france officiel mai toutes les infos,News - National News
t une mine d infos sur la e les prepas d epoque,News - National News
table infos locales isere accueil,News - National News
tech medias la radio france info craint le scenario jf chercherait appartement,News - National News
tech medias medias audiences radio europe et france info en hausse nrj en baisse,News - National News
une info suedoise qui peut etre adaptee la france reflechissez,News - National News
une nouvelle etude scientifique alerte sur la presence de pesticides dans l eau france info,News - National News
1235 canard enchaine mot croise,News - Newspapers
a notre dame des landes bruxelles met valls dans les choux canard enchaine,News - Newspapers
abbott les echos,News - Newspapers
abonement canard enchaine,News - Newspapers
abonnement canard enchainé étranger,News - Newspapers
abonnement charlie hebdo,News - Newspapers
abonnement journal le progrés,News - Newspapers
abonnement le canard enchaine pas cher,News - Newspapers
abonnement le progrès de lyon,News - Newspapers
abonnement le progrès par internet,News - Newspapers
abonnement les echos avis,News - Newspapers
abonnement les echos journal changement adresse,News - Newspapers
abonnement les echos papier,News - Newspapers
abonnement magazine la tribune,News - Newspapers
abonnement mixte charlie hebdo,News - Newspapers
accueil detail actualite article tribune generation beyonce le reportage de la discorde,News - Newspapers
actualite le canard enchaine,News - Newspapers
amiens amiens le prince william refuse dans un hotel le figaro,News - Newspapers
analyse personnages le mariage de figaro,News - Newspapers
archives les echos de la station,News - Newspapers
article le monde ondes electromagnetiques l inquietude des conducteurs du metro parisien,News - Newspapers
article le parisien a la rescousse des betonneurs a romainville,News - Newspapers
article le parisien alain geismar reprend du service a l agospap,News - Newspapers
article le parisien anne hidalgo est agacee par sa condamanation pour atteinte au droit du travail,News - Newspapers
article le parisien anne hidalgo sur les rangs pour remplacer christophe girard a la culture,News - Newspapers
article le pays de retz au figaro,News - Newspapers
article le point sur metro the last refuge,News - Newspapers
article le progrès,News - Newspapers
article le progres arbois violence au couteau 2 juin 2015,News - Newspapers
article le progres au service de l homme pour n oublier personne,News - Newspapers
article le progres de l ain novembre,News - Newspapers
article le progres derape avec un article sur la delinquance par nationalite racisme,News - Newspapers
article le sondage ifop le figaro du aout mele collusion entre la presse de droite l ifop et laurence parisot et la sarkozie biaise les qu,News - Newspapers
article les albums echos,News - Newspapers
article les echos bourse titre paris enfonce les points,News - Newspapers
article les echos business strategie de conquete pour la grande distribution pour tpe pme,News - Newspapers
article les echos castonetois,News - Newspapers
article les echos cession d entreprise ou d immobilisation une imposition alourdie,News - Newspapers
article les jours de la semaine chez valerie tribune libre,News - Newspapers
article les sabliers chez la maicresse tribune libre,News - Newspapers
article les trucs de la periode chez vihyko tribune libre,News - Newspapers
article lire le journal la tribune,News - Newspapers
article lu pour vous dans le canard enchaine les nouveaux embarras de paris au mali,News - Newspapers
article sur le site internet metro news du avril,News - Newspapers
bienveillance entreprise les echos,News - Newspapers
big data agriculture les échos,News - Newspapers
biographie elon musk les echos,News - Newspapers
biotechs article dans investir les échos,News - Newspapers
biz la tribune aubenas,News - Newspapers
biz la tribune de lyon lyon,News - Newspapers
blog brevet quiz de francais le discours argumentatif monologue de figaro de beaumarchais,News - Newspapers
blog charlie hebdo cover je suis panama cs,News - Newspapers
blog complaisance migrants quand le figaro interroge sarkozy en eludant la libye,News - Newspapers
blog des nouvelles tous les jours samedi et ses echos,News - Newspapers
blogs la tribune des europeennes trib combien percoit un depute europeen,News - Newspapers
ce que contient le dernier numero de charlie hebdo,News - Newspapers
cercle les echos accenture,News - Newspapers
chiffres de la tribune,News - Newspapers
chronique de lacour canard enchaine,News - Newspapers
combien coute le canard enchaine,News - Newspapers
concours le figaro,News - Newspapers
contacter journaliste les echos,News - Newspapers
dans le canard enchaine ce matin,News - Newspapers
dans le dernier Canard Enchaîné,News - Newspapers
de tout coeur avec charlie hebdo,News - Newspapers
diaporama attentat a charlie hebdo les unes des journaux du monde,News - Newspapers
diaporama les dessinateurs rendent hommage a charlie hebdo n,News - Newspapers
enquete sur attentat charlie hebdo,News - Newspapers
eoliennes charlie hebdo le canard enchaine,News - Newspapers
f la dauphine de france,News - Newspapers
flux rss les echos,News - Newspapers
fr information les echos municipaux,News - Newspapers
fr information les echos saint denis ferment,News - Newspapers
fr information marcenod dans le progres,News - Newspapers
fr le festival les echos de la presse,News - Newspapers
fr les echos de la semaine,News - Newspapers
haute savoie metz tessy eurexo dauphine savoies segis,News - Newspapers
henri frederic amiel poeme le progres de letude,News - Newspapers
histoire les échos,News - Newspapers
hsbc les echos,News - Newspapers
infos a la une des explosions et des morts dans le metro et a l aeroport panique generale a bruxelles urn newsml afp com doc za,News - Newspapers
itm paquet de cigarettes publicitaire gitanes le progres annee,News - Newspapers
japon fukushima canard enchaîné indignations croisées,News - Newspapers
journal anniversaire canard enchaine cx,News - Newspapers
journal edition du la tribune de l ete regions un pain le renouveau du seiglou,News - Newspapers
journal edition du les plus de la tribune le jour ou tout a commence airbus a naissance d un geant en pays cathare,News - Newspapers
journaux le canard enchaine du,News - Newspapers
l actu news de stars sebastien chabal quitte son club du racing metro,News - Newspapers
le petit journal trolle des supporters parisiens avant psg barca,News - Newspapers
le pilou pilou en toulon en hommage a charlie hebdo,News - Newspapers
le pouvoir de l'image charlie hebdo,News - Newspapers
le prix charlie hebdo,News - Newspapers
Le prix du dernier numéro de Charlie Hebdo s'envole sur eBay,News - Newspapers
le prochain charlie hebdo sera tire a un million d exemplaires,News - Newspapers
le professionnalisme des terroristes qui ont attaque charlie hebdo,News - Newspapers
le programme des republicains vu par charlie hebdo,News - Newspapers
le progres la tribune,News - Newspapers
lepouvoirmondial net qui a commandite lattentat contre charlie hebdo,News - Newspapers
lequotidien le figaro,News - Newspapers
ma tribune sur la vie économique du novembre,News - Newspapers
manifestation charlie hebdo a paris parcours heure,News - Newspapers
news article plainte de yayi contre le journal la nouvelle tribune le depute idji ecrit a la haac,News - Newspapers
news canard enchaine publie ecoutes telephoniques accablantes lom deschamps,News - Newspapers
news petit journal menace vincent bollore selon canard enchaine,News - Newspapers
newspapers le figaro du vendredi mars,News - Newspapers
nos breves le couple royal hollande a sous estime son isf accuse le canard enchaine,News - Newspapers
nouvelles international journaux satiriques francais charlie hebdo canard enchaine shtml,News - Newspapers
pdf la tribune pdf,News - Newspapers
pentagone francais le canard enchaine sen sort bien,News - Newspapers
périodicité le canard enchainé,News - Newspapers
porte journaux le figaro,News - Newspapers
pour etre informe la tribune,News - Newspapers
presse le figaro,News - Newspapers
quiz quiz en kiosque le canard enchaine,News - Newspapers
quotidien la tribune algerie sub,News - Newspapers
quotidien les echos,News - Newspapers
quotidiens les echos et le parisien a beaugrenelle arl,News - Newspapers
rayon le figaro histoire,News - Newspapers
recherche paris canard enchaine,News - Newspapers
recherche resultat pour le canard enchaine,News - Newspapers
rédaction le canard enchainé,News - Newspapers
resultat 10 km tremblay le parisien,News - Newspapers
resultat du dauphine libere 2016,News - Newspapers
résultat mots croises le parisien,News - Newspapers
resultats de l'enquête charlie hebdo,News - Newspapers
résumé les echos,News - Newspapers
revelation du canard enchaine,News - Newspapers
revue du web charlie hebdo millions deuros bientot distribues aux victimes,News - Newspapers
revue les tribunes de la sante,News - Newspapers
t charlie hebdo vous avez dit abject,News - Newspapers
t couverture de charlie hebdo,News - Newspapers
t dicton du jour de charlie hebdo,News - Newspapers
tag le canard enchaine,News - Newspapers
tag le parisien journal de paris du jeudi avril,News - Newspapers
tag le parisien journal de paris du jeudi mars fichier,News - Newspapers
tag le parisien journal de paris du lundi fevrier torrent,News - Newspapers
tag le progres,News - Newspapers
tag les echos de la presse,News - Newspapers
tag les unes de charlie hebdo,News - Newspapers
tag polemique couverture charlie hebdo,News - Newspapers
un collaborateur du canard enchaine,News - Newspapers
une conference de reussie pour la tribune paris,News - Newspapers
web la tribune le progres loire,News - Newspapers
wiki le canard enchaîné,News - Newspapers
a chaine météo les deux alpes,News - Weather
accueil centres de meteo france,News - Weather
accueil la canicule qui se presente est presque un sosie de celle de,News - Weather
acheres la foret plan canicule en seine et marne le prefet active le niveau,News - Weather
actions actualites la canicule et les economies ont soutenu les resultats,News - Weather
activites recherche en direct des labos la recherche a meteo france,News - Weather
actualite agricole europe international article canicule et incendies meurtriers en europe,News - Weather
actualite agricole europe international article encore au moins une semaine de canicule,News - Weather
actualite agricole europe international article la canicule fait souffrir l elevage et innover les zoos,News - Weather
actualite agricole france local article apres le gel et la canicule thierry cerealier voit rouge,News - Weather
actualite agricole france local article bonne recolte de pommes et de poires cet automne malgre la canicule,News - Weather
actualite agricole france local article des pompiers a la rescousse de la volaille victime de la canicule,News - Weather
actualite agricole france local article une meteo catastrophique pour les agriculteurs du sud ouest,News - Weather
actualite anjou meteo france confirme ses previsions a cm de neige attendus,News - Weather
actualite economie consommation air guyane victime de la greve de meteo france,News - Weather
actualite meteo h des visiteurs revolutionnaires font irruption a la chaine meteo,News - Weather
actualite meteo h la chaine meteo change de canal sur numericable,News - Weather
actualite meteo h suivi neige ce jeudi edition speciale sur la chaine meteo,News - Weather
actualite meteo h tempete de l analyse de la chaine meteo,News - Weather
actualite meteo h votre meteo des plages sur la chaine meteo,News - Weather
actualite sources la chaine météo,News - Weather
anais baydemir france la meteo,News - Weather
anais baydemir la nouvelle miss meteo de france,News - Weather
annonce aussi chaude que la canicule,News - Weather
applis gratuites meteo telecharger chaine meteo,News - Weather
article actualites allergique a la canicule venez passer minutes a degres,News - Weather
article actualites pour lutter contre la canicule a marseille letat fait du vent,News - Weather
article du nouveau pour la chaine meteo,News - Weather
article l impact des trainees d avions par meteo france,News - Weather
article le monsieur meteo de france philippe verdier s est marie avec son compagnon,News - Weather
article le mr meteo de france info et inter joel collado affirme avoir ete sanctionne et a ete oblige de quitter l antenne hier soir,News - Weather
article le point meteo du printemps,News - Weather
article le presentateur meteo d europe laurent cabrol victime d un cambriolage a son domicile,News - Weather
article le presentateur meteo de france derape et donne le numero du ministere des affaires sociales en direct regardez,News - Weather
article le tour de france aerien perturbe par la meteo,News - Weather
article le vin de la canicule refroidit les encheres,News - Weather
article les meteos de france et france evoluent avec de nouvelles cartes,News - Weather
article les meteos de france et france font peau neuve,News - Weather
article les previsions meteo saisonnieres dans france soir,News - Weather
article les trainees d avions expliquees par meteo france,News - Weather
article mesures temperature humidite relative,News - Weather
article nerac la canicule a attire du monde dans l eau,News - Weather
bien il fait beau aujourd'hui,News - Weather
bien etre douche froide douche chaude quelles vertus,News - Weather
bien etre et loisirs bien etre accessoire chauffant et rafraichissant sur matelas double chaud froid,News - Weather
bien etre jai toujours froid que faire,News - Weather
blog meteo france a place departements du sud ouest en vigilance orange a partir de h,News - Weather
bonne journee meteo france bison fute sytadin miss avril ectac fil infos conference climat mairie paris flash sport culture,News - Weather
chaine météo france 12 jours,News - Weather
chargement france meteo,News - Weather
chargement météo mbandaka par Yahoo météo France,News - Weather
condition météo autoroute,News - Weather
condition meteo dans les landes lac leon au mois d'aout,News - Weather
condition météo route grenoble,News - Weather
condition météo viticulture 2013,News - Weather
condition météo vol lyon bordeaux,News - Weather
conduire en temps de pluie,News - Weather
conjoncture artfig canicule pourquoi la chaleur impacte les infrastructures,News - Weather
conseil pour supporter la canicule,News - Weather
conseils conduire lors de la canicule,News - Weather
conseils pratiques pour passer la canicule,News - Weather
coulombs en valois meteo france prévisions météo france,News - Weather
détail météo heure par heure,News - Weather
discussion france meteo cote azur en mars d,News - Weather
discussion france meteo en corse en avril d,News - Weather
dormir canicule astuces insomnie chaud chaleur n,News - Weather
en general le météo le mois de mai cest comment de Madagascar sub,News - Weather
environnement inondations meteo france place departements en alerte orange,News - Weather
environnement meteo france l hiver a ete le plus chaud depuis,News - Weather
environnement meteo france maintient deux departements du sud en alerte orange,News - Weather
environnement meteo france place quatre departements en alerte orange,News - Weather
environnement meteo france prevoit un week end d une douceur exceptionnelle,News - Weather
environnement meteo la france manque de pluie depuis septembre,News - Weather
environnement meteo la france n avait plus eu aussi chaud depuis,News - Weather
environnement meteo la neige arrive en ile de france,News - Weather
f meteo des circuits meteo france,News - Weather
figaro video meteo en algerie le bulletin du avec la chaine meteo,News - Weather
figaro video meteo en france le bulletin du avec la chaine meteo,News - Weather
figaro video meteo en luxembourg le bulletin du avec la chaine meteo,News - Weather
figaro video meteo en suisse le bulletin du avec la chaine meteo,News - Weather
flash actualite economie meteo france pas d eclaircie pour les salaries en restructuration depuis,News - Weather
force du vent meteo france,News - Weather
forum probleme avec application chaine meteo t,News - Weather
fr fr meteo aujourd hui,News - Weather
fr fr meteo aujourd hui abbeville picardie france we city,News - Weather
meteo aujourd hui abidjan région des lagunes côte d'ivoire we city,News - Weather
meteo aujourd hui achenheim alsace france we city,News - Weather
meteo aujourd hui achy picardie france we city,News - Weather
fr gestion de le humidite,News - Weather
fr magasin chroniques comment prendre des truites durant la canicule,News - Weather
fr news n canicule en france de nombreux records battus ce mercredi,News - Weather
fr pologne camp douches choquent visiteurs auschwitz nazi gaz canicule,News - Weather
fr pour survivre a la canicule dans berlin une petite viree champetre aller au lac,News - Weather
fr television chaine meteo,News - Weather
france canicule des perturbations prevoir sur les trains,News - Weather
france drame canicule voiture oubli dans bebe,News - Weather
haute savoie de la neige du monde sur les routes et des arbres au sol,News - Weather
haute savoie des accidents sans gravite a cause de la neige,News - Weather
haute savoie météo aujourd hui meteo m,News - Weather
haute savoie meteo gratuite,News - Weather
haute savoie neige en abondance des m a partir de mercredi soir,News - Weather
haute-savoie humidité,News - Weather
hautmont meteo,News - Weather
hawaii météo,News - Weather
heures par heures meteo adilly europe france deux sevres,News - Weather
histoires canicule paris,News - Weather
idees boissons anti canicule,News - Weather
idees coiffures anti canicule,News - Weather
itm station meteo exterieur capteur temperature humidite barometre lcd clock new,News - Weather
itm station meteo sans fil avec temperature humidite barometre lcd couleur affichage,News - Weather
itm station meteo sans fil ecran lcd portee m temperature humidite vitesse vent,News - Weather
itm station meteo sans fil horloge temperature humidite barometre capteur interieur,News - Weather
j25 hausse de température,News - Weather
jeu sur le cycle de l'eau météo France,News - Weather
journal de la canicule de thierry beinstingel,News - Weather
journal le reseau de stations meteo ne permet pas de realiser des etudes climatologiques fiables,News - Weather
journal lec finance et marches meteo axa se developpe dans lassurance indicielle,News - Weather
journal lec france le coup de chaud meteo jette un froid sur le commerce,News - Weather
journal lec idees et debats meteor la dynastie de la biere alsacienne,News - Weather
journaliste météo france 2,News - Weather
le pond du gard meteo,News - Weather
les causes de l humidite,News - Weather
les coulisses de meteo france,News - Weather
lesechos ech canicule forte augmentation des ventes de volvic,News - Weather
lesechos ech canicule raffarin demande un rapport sur les dysfonctionnements des systemes d alerte,News - Weather
lesechos ech comment la rigueur a aide meteo france a se reinventer,News - Weather
lesechos ech comment les data centers ont surmonte la canicule,News - Weather
lesechos ech eckes granini veut consolider les volumes gagnes pendant la canicule,News - Weather
lesechos ech francois jacq un x mines atypique chez meteo france,News - Weather
lesechos ech l ouest de l europe frappe par une canicule precoce,News - Weather
lesechos ech la canicule fait flamber le marche des glaces,News - Weather
lesechos ech meteo france cherche a accroitre ses recettes commerciales,News - Weather
logiciels mobile loisir famille meteo telecharger la chaine meteo pour tablette,News - Weather
medias television le presentateur meteo de france philippe verdier auteur d un livre climatosceptique prive d antenne,News - Weather
medias une sequence meteo pour france culture,News - Weather
météo dans le journal,News - Weather
nantes loire atlantique meteo france promet neige peine emballer,News - Weather
nathalie rihouet france la meteo,News - Weather
neige dans le maine et loire le dernier bulletin de meteo france,News - Weather
neige ile de france bulletin meteo,News - Weather
news mode tendance alerte canicule,News - Weather
news tv canicule quelle chaine a ete la plus fiable dans ses bulletins meteo tf ou france,News - Weather
pays de la loire segre gerard releve la pluviometrie pour meteo france depuis,News - Weather
pratique environnement meteo france quel temps fera t il en a,News - Weather
pratique meteo meteo l italie sous la neige la france a froid,News - Weather
présentateurs météo france 2,News - Weather
présentatrice de couleur météo france 2,News - Weather
présentatrice de la météo sur France 3,News - Weather
présentatrice météo grand journal,News - Weather
printemps pourri canicule mortelle quid du réchauffement climatique,News - Weather
quant l ete sera chaud,News - Weather
quantite de pluie annuelle par ville,News - Weather
québec canada météo en avril,News - Weather
r humidite temperature,News - Weather
raisons d aimer la canicule a paris,News - Weather
Résultats meteo du mois Février en Pays de loire,News - Weather
retour a sydney avec la pluie mais demain meteo dit soleil,News - Weather
rétro meteo de tf1,News - Weather
risque de tempete les dernieres previsions meteo france,News - Weather
risques naturels canicule,News - Weather
ro news suisse story tous les salaries ne sont pas egaux face a la canicule,News - Weather
saint denis saint denis elles rassurent personnes agees pendant la canicule,News - Weather
services en ligne meteo france,News - Weather
services en ligne meteo france postele,News - Weather
services en ligne meteo france utiliser,News - Weather
services meteo abonnement balise previsions meteo marine,News - Weather
services meteo abonnement meteo premium arc en ciel,News - Weather
services meteo abonnement phare previsions meteo marine,News - Weather
services meteo abonner aux previsions meteo marine detaillees,News - Weather
services meteo applications meteo marine gratuites,News - Weather
tableau de bord meteo en temp reel,News - Weather
tunisie alerte meteo canicule avec des temperatures atteignant pour demain,News - Weather
tunisie meteo temperatures en hausse entre et degres,News - Weather
tunisie meteo temperatures en legere hausse,News - Weather
tv chaleur et canicule couvrir sol,News - Weather
tv news tele philippe verdier meteo de france sest marie avec son compagnon,News - Weather
un systeme depressionnaire present dans la zone suivi par meteo france a,News - Weather
un temps perturbe pour la meteo en france ce avril,News - Weather
une climatisation pour lutter contre la canicule,News - Weather
une meteo quatre departements de l ouest places en vigilance orange au vent aux vagues et a la submersion francetv cntkxude,News - Weather
videos meteo video actualites france des visiteurs revolutionnaires a la chaine meteo,News - Weather
voyage france corse climat meteo,News - Weather
