1 manuel vétérinaire,Pets & Animals - Animal Products & Services
10 croquettes chats,Pets & Animals - Animal Products & Services
4 manteau pour petit chien,Pets & Animals - Animal Products & Services
achat graine sesame oiseau,Pets & Animals - Animal Products & Services
actualites santé animale français ceva vacciné,Pets & Animals - Animal Products & Services
actualites sante animale un nouveau passeport europeen pour le chien chat et furet,Pets & Animals - Animal Products & Services
alimentation oiseaux de cage et voliere souffleuse trieur graines metal transport offert p,Pets & Animals - Animal Products & Services
amilly clinique veterinaire rue de la vallee,Pets & Animals - Animal Products & Services
animalerie arbres a chats arbres a chat moyen arbre a chat avec niche et hamac douillets,Pets & Animals - Animal Products & Services
animalerie collier etrangleur pour chien grands maillons chrome p,Pets & Animals - Animal Products & Services
animalerie collier pour animal f mar,Pets & Animals - Animal Products & Services
animalerie melange de graines pour oiseaux exotiques p,Pets & Animals - Animal Products & Services
animalerie oiseaux lf graines,Pets & Animals - Animal Products & Services
animaux chats doute conseils veto sujet,Pets & Animals - Animal Products & Services
animaux chats veto confiance sujet,Pets & Animals - Animal Products & Services
animaux chiens offrez veto remercier sujet,Pets & Animals - Animal Products & Services
article les meilleurs conseils veterinaires en ligne,Pets & Animals - Animal Products & Services
article les veterinaires aiment ils davantage les animaux que les docteurs leurs patients,Pets & Animals - Animal Products & Services
article litiere a base de compost m par vache,Pets & Animals - Animal Products & Services
article ma litiere pour chat,Pets & Animals - Animal Products & Services
article manteau tout doux et chaud petit chien,Pets & Animals - Animal Products & Services
article un toiletteur pour chien devenu menuisie,Pets & Animals - Animal Products & Services
autres animaux cherche bon plan graines pour oiseaux ciel,Pets & Animals - Animal Products & Services
bien etre veterinaire complement alimentaire animaux,Pets & Animals - Animal Products & Services
bien etre veterinaire tiques et puces,Pets & Animals - Animal Products & Services
biscuits pour chien croquettes,Pets & Animals - Animal Products & Services
bistro le distributeur de croquettes connecte avec reconnaissance faciale pour chat,Pets & Animals - Animal Products & Services
boite litiere chat,Pets & Animals - Animal Products & Services
bon plan soins veto paris,Pets & Animals - Animal Products & Services
boutique graines exotiques oiseau de paradis mandela gold ref,Pets & Animals - Animal Products & Services
boutique manteaux chien,Pets & Animals - Animal Products & Services
breves un collier qui verifie que votre animal va bien,Pets & Animals - Animal Products & Services
brosser un chien toiletteur,Pets & Animals - Animal Products & Services
c collier etrangleur et collier metal pour chien collier sanitaire pour chien etrangleur chromes qualite pro hs,Pets & Animals - Animal Products & Services
centre de soins veterinaire pas cher paris,Pets & Animals - Animal Products & Services
centre dispansaire veterinaire republique,Pets & Animals - Animal Products & Services
cette niche a vraiment du chien,Pets & Animals - Animal Products & Services
cfa toiletteur canin,Pets & Animals - Animal Products & Services
changer la litiere chat d'emplacement,Pets & Animals - Animal Products & Services
chat au véto,Pets & Animals - Animal Products & Services
chat hygiene et soins litieres,Pets & Animals - Animal Products & Services
chat refuse manger apres véto,Pets & Animals - Animal Products & Services
Chien manteau jaune,Pets & Animals - Animal Products & Services
chiens conseil quels vaccins pour votre animal et a quelle frequence,Pets & Animals - Animal Products & Services
concours d'entree dans une ecole veterinaire,Pets & Animals - Animal Products & Services
concours entrer ecole de medecine veterinaire,Pets & Animals - Animal Products & Services
conseil mon chat refuse d utiliser sa litiere,Pets & Animals - Animal Products & Services
conseils bac litiere chat,Pets & Animals - Animal Products & Services
coupe ongles toiletteur canin,Pets & Animals - Animal Products & Services
croqui d un passeport animal de compagnie,Pets & Animals - Animal Products & Services
ctm toiletteur canin et felin,Pets & Animals - Animal Products & Services
devenir assistante veterinaire,Pets & Animals - Animal Products & Services
devenir toiletteur pour chien,Pets & Animals - Animal Products & Services
dispensaire veto,Pets & Animals - Animal Products & Services
distributeur graines oiseaux,Pets & Animals - Animal Products & Services
diy manteau pour chien,Pets & Animals - Animal Products & Services
docteur chiot chez le veto,Pets & Animals - Animal Products & Services
doudounes pour chiens manteau mix grey milkpepper,Pets & Animals - Animal Products & Services
dressage d une chienne avec un collier etrangleur,Pets & Animals - Animal Products & Services
enquete d action policiers veterinaires eleveurs les incroyables coulisses du salon de l agriculture,Pets & Animals - Animal Products & Services
entretenir litiere du chat,Pets & Animals - Animal Products & Services
entretien quelle litiere pour mon lapin,Pets & Animals - Animal Products & Services
fabriquer patron manteau chien,Pets & Animals - Animal Products & Services
fabriquer une boule graine pour oiseau,Pets & Animals - Animal Products & Services
famille animal de compagnie soins vaccins chaton i,Pets & Animals - Animal Products & Services
foin lapin nain vétérinaire AS,Pets & Animals - Animal Products & Services
fonction assistante vétérinaire,Pets & Animals - Animal Products & Services
formation certificat toiletteur canin adultes,Pets & Animals - Animal Products & Services
forum affich mon chat fait caca ailleurs que dans sa litiere,Pets & Animals - Animal Products & Services
forum f fabriquer un manteau pour chien t page,Pets & Animals - Animal Products & Services
fr fr non à leuthanasie des animaux non malade ni méchant cher les cliniques vétérinaire,Pets & Animals - Animal Products & Services
fr fr public mag alimentation sante chat les methodes douces du diagnostic veterinaire html bbc c e bb de,Pets & Animals - Animal Products & Services
fr fr video other un chiot effrayé réconforté par un vétérinaire moment tendresse vi bbqftmz,Pets & Animals - Animal Products & Services
fr graines de tournesol pour oiseaux,Pets & Animals - Animal Products & Services
fr hiver infos pratiques services sante sitracos veterinaire delacoste magali samoens,Pets & Animals - Animal Products & Services
fr jouets boulier animal julia le canard,Pets & Animals - Animal Products & Services
fr mangeoire oiseaux pour graines mangeoire gazebo suspension,Pets & Animals - Animal Products & Services
harnais et colliers d education harnais non pull company of animals,Pets & Animals - Animal Products & Services
haute touche veterinaire,Pets & Animals - Animal Products & Services
hauteville lompnes veterinaire,Pets & Animals - Animal Products & Services
Hill's chat croquettes k/d,Pets & Animals - Animal Products & Services
home niche abri animaux du pres offre speciale a emporter,Pets & Animals - Animal Products & Services
hundemantel manteau pour chien catalogue,Pets & Animals - Animal Products & Services
hygiene de la litiere du chat,Pets & Animals - Animal Products & Services
index php boutique colliers collier etrangleur rembourre pour chien detail,Pets & Animals - Animal Products & Services
itm cloture eletrique m fil collier shock invisible anti fugue chien animal,Pets & Animals - Animal Products & Services
itm niche avec terrasse grand luxe pour grand chien,Pets & Animals - Animal Products & Services
itm niche pour chien,Pets & Animals - Animal Products & Services
itm pawz road leopard harnais laisse set pour chien chat toison tissu mou beige,Pets & Animals - Animal Products & Services
itm petit collier animaux chiot chien entrainement marche corde de laisse laisse,Pets & Animals - Animal Products & Services
jeux chats chaton jeu toiletteur chat,Pets & Animals - Animal Products & Services
katheen toiletteur pour chien,Pets & Animals - Animal Products & Services
le certificat de toiletteur canin,Pets & Animals - Animal Products & Services
liste produit idx mot animal planet jouet liste produit,Pets & Animals - Animal Products & Services
maison jardin cabane lapins petits rongeurs niche chien maison,Pets & Animals - Animal Products & Services
maison litiere tamis,Pets & Animals - Animal Products & Services
maisons alfort ecole veterinaire p,Pets & Animals - Animal Products & Services
maisons alfort laboratoire vétérinaire,Pets & Animals - Animal Products & Services
maisons alfort vacance des consultations a l ecole veterinaire,Pets & Animals - Animal Products & Services
manteau a capuche pour chien,Pets & Animals - Animal Products & Services
manteau blanc pour chien,Pets & Animals - Animal Products & Services
materiel d'un toiletteur canin,Pets & Animals - Animal Products & Services
melange de graines oiseaux,Pets & Animals - Animal Products & Services
metiers toiletteur,Pets & Animals - Animal Products & Services
mon animal chat jouets souris a remonter,Pets & Animals - Animal Products & Services
mon animal chat jouets souris fretillante,Pets & Animals - Animal Products & Services
natura niche a toit plat brun pour chiens x x cm,Pets & Animals - Animal Products & Services
nav manteaux pour chiens,Pets & Animals - Animal Products & Services
nettoyer une litiere,Pets & Animals - Animal Products & Services
nf ts manteau chien laine~manteaux pour chiens,Pets & Animals - Animal Products & Services
Niche pour chien caravane,Pets & Animals - Animal Products & Services
Niche pour chien ferme,Pets & Animals - Animal Products & Services
niche pour chien labrador,Pets & Animals - Animal Products & Services
offres d emploi toiletteur toiletteuse canin caen,Pets & Animals - Animal Products & Services
pas cher veterinaire dermatologie voir tous les produits,Pets & Animals - Animal Products & Services
passeport européen pour animal de compagnie,Pets & Animals - Animal Products & Services
pelle à litière pour chat,Pets & Animals - Animal Products & Services
peut o appeler un veto la nuit?,Pets & Animals - Animal Products & Services
peut on passer concour veto belgique et en an france,Pets & Animals - Animal Products & Services
photos toiletteur gros chien,Pets & Animals - Animal Products & Services
pictures toiletteur gros chien,Pets & Animals - Animal Products & Services
portfolio items clinique veterinaire du lion,Pets & Animals - Animal Products & Services
post fabriquer une cabane a oiseaux et echanger des graines fid,Pets & Animals - Animal Products & Services
pot a croquettes chien,Pets & Animals - Animal Products & Services
prod formation toiletteur canin,Pets & Animals - Animal Products & Services
produit distributeur doughnut pure graines pour oiseaux lxlxh cm,Pets & Animals - Animal Products & Services
puis je donner mon animal qui lui manque ces vaccins,Pets & Animals - Animal Products & Services
qualité pour etre toiletteur canin,Pets & Animals - Animal Products & Services
quand un chat infirmier reconforte les animaux malades chez le veterinaire,Pets & Animals - Animal Products & Services
quantité croquette bichon 4 mois,Pets & Animals - Animal Products & Services
quantité croquette chiot bouledogue francais,Pets & Animals - Animal Products & Services
quantité croquette royal canin julior,Pets & Animals - Animal Products & Services
quantité croquettes chat stérilisé,Pets & Animals - Animal Products & Services
que ituliser pour faire un toit de niche pour chien,Pets & Animals - Animal Products & Services
quel age litiere chat,Pets & Animals - Animal Products & Services
quelle bois pour construire une niche,Pets & Animals - Animal Products & Services
Quelle formation exige toiletteur,Pets & Animals - Animal Products & Services
quelle litiere choisir chat,Pets & Animals - Animal Products & Services
r grande niche maison chien en tissus,Pets & Animals - Animal Products & Services
recherche amberieu en bugey toiletteur pour chien,Pets & Animals - Animal Products & Services
recherche aunay sur odon toiletteur pour chien,Pets & Animals - Animal Products & Services
recherche petit manteaux pour petit chient fait au trico a la maind,Pets & Animals - Animal Products & Services
restriction d'usage des antibiotiques vétérinaires,Pets & Animals - Animal Products & Services
resultats niche pour chien,Pets & Animals - Animal Products & Services
rongeur litiere chambiose l,Pets & Animals - Animal Products & Services
s ciseaux toiletteur chien,Pets & Animals - Animal Products & Services
s w jouet pour animal kong,Pets & Animals - Animal Products & Services
s w jouets animal de compagnie,Pets & Animals - Animal Products & Services
salon toiletteur canin,Pets & Animals - Animal Products & Services
sante risque vaccinal vaccinose et reflexions a propos de l innocuite des vaccins en sante animale,Pets & Animals - Animal Products & Services
search graines oiseaux exotique,Pets & Animals - Animal Products & Services
search table de toiletteur pour chien,Pets & Animals - Animal Products & Services
secher votre chien comme chez le toiletteur,Pets & Animals - Animal Products & Services
sens collier etrangleur chien,Pets & Animals - Animal Products & Services
services la clinique veterinaire,Pets & Animals - Animal Products & Services
services pharmacie veterinaire,Pets & Animals - Animal Products & Services
services veterinaires,Pets & Animals - Animal Products & Services
shampoing chien toiletteur,Pets & Animals - Animal Products & Services
shds jouet animal jam,Pets & Animals - Animal Products & Services
shds manteau pour chien,Pets & Animals - Animal Products & Services
shop aliment therapeutique veto accessoires complements aide mobilite chien,Pets & Animals - Animal Products & Services
shop chats litieres litiere extreme classic chat,Pets & Animals - Animal Products & Services
shop oiseaux nourriture accessoires perruche friandises perruche epis graines perruche,Pets & Animals - Animal Products & Services
shop oiseaux oiseaux sauvages boules graisse graines,Pets & Animals - Animal Products & Services
sr q animalis collier anti aboiement,Pets & Animals - Animal Products & Services
sr q animalis collier chien anti puce et tique,Pets & Animals - Animal Products & Services
sr q animalis collier lumineux chien,Pets & Animals - Animal Products & Services
sub 10 Meilleurs Toiletteurs Pour Animaux Sur Poissy,Pets & Animals - Animal Products & Services
t confection de manteaux pour chiens,Pets & Animals - Animal Products & Services
t graine a oiseaux,Pets & Animals - Animal Products & Services
t un bon veterinaire specialise dans les nac et reptiles en auvergne,Pets & Animals - Animal Products & Services
t urgent cherche veterinaire,Pets & Animals - Animal Products & Services
t veterinaire,Pets & Animals - Animal Products & Services
tag boulettes et croquettes,Pets & Animals - Animal Products & Services
tag conseil veterinaire,Pets & Animals - Animal Products & Services
tag conseils de veto,Pets & Animals - Animal Products & Services
tag croquettes pour chat,Pets & Animals - Animal Products & Services
tag etudes veterinaires,Pets & Animals - Animal Products & Services
tag litiere pour chat,Pets & Animals - Animal Products & Services
taille manteau chien,Pets & Animals - Animal Products & Services
tarif pour enlever un tique veto,Pets & Animals - Animal Products & Services
tarif toilettage toiletteur,Pets & Animals - Animal Products & Services
tarif transport chien au toiletteur,Pets & Animals - Animal Products & Services
tarif veto injection tique,Pets & Animals - Animal Products & Services
toiletteur a bessoncourt,Pets & Animals - Animal Products & Services
tuto manteau pour chien tricot,Pets & Animals - Animal Products & Services
tuto tricot manteau petit chien. AS,Pets & Animals - Animal Products & Services
type de bois pour niche,Pets & Animals - Animal Products & Services
un bon veto sur paris pas trop cher,Pets & Animals - Animal Products & Services
un chien avec un collier semi étrangleur,Pets & Animals - Animal Products & Services
un manteau pour chien,Pets & Animals - Animal Products & Services
un peu de graines aux oiseaux,Pets & Animals - Animal Products & Services
un temps de chien toiletteur à quissac,Pets & Animals - Animal Products & Services
une litiere deux chats,Pets & Animals - Animal Products & Services
v maison loisirs manteau pour chien n r dpwcano,Pets & Animals - Animal Products & Services
v niche pour chien,Pets & Animals - Animal Products & Services
valise de rangement pour toiletteur pour chien,Pets & Animals - Animal Products & Services
vivre un chien calme chez le veterinaire,Pets & Animals - Animal Products & Services
vntes privées croquettes,Pets & Animals - Animal Products & Services
web manteaux pour chiens lévriers,Pets & Animals - Animal Products & Services
10 bonnes raisons davoir un furet,Pets & Animals - Pets
100 bebe chaton a etre ne,Pets & Animals - Pets
2 cochons d inde,Pets & Animals - Pets
actualites emmenez votre animal de compagnie en vacances avec vous,Pets & Animals - Pets
ami des chien boxer val de marne,Pets & Animals - Pets
amiral course cheval,Pets & Animals - Pets
amis du cheval et du poney du leon,Pets & Animals - Pets
amnt chaton à donner,Pets & Animals - Pets
amoureux des chiots,Pets & Animals - Pets
ampoule chauffante tortue,Pets & Animals - Pets
anciens chiots,Pets & Animals - Pets
animal compagnie pou enfant,Pets & Animals - Pets
animalerie boutique furet c,Pets & Animals - Pets
animalerie reptiles les geckos,Pets & Animals - Pets
article l enfant face au chien,Pets & Animals - Pets
article l entretien du chien,Pets & Animals - Pets
article le scorbut chez le cochon d inde,Pets & Animals - Pets
article le sevrage des cochons d inde,Pets & Animals - Pets
article les chatons a donner,Pets & Animals - Pets
article les cochons d inde coquelicot et rose,Pets & Animals - Pets
article les furets debarque chez cromimi,Pets & Animals - Pets
article les geckos,Pets & Animals - Pets
article les poux broyeurs du cochon d inde,Pets & Animals - Pets
article lezard ou salamandre ou gecko,Pets & Animals - Pets
article mes cochons d inde skinny,Pets & Animals - Pets
bien choisir la couverture de son cheval,Pets & Animals - Pets
bien choisir son chaton,Pets & Animals - Pets
bien choisir son poisson aquarium,Pets & Animals - Pets
bien choisir un terrarium pour tortue terrestre,Pets & Animals - Pets
bien detendre son cheval,Pets & Animals - Pets
bien donner à son chat fortiflora,Pets & Animals - Pets
bien eduquer son chat pour pas faire ses griffes,Pets & Animals - Pets
bien éduquer un chiot,Pets & Animals - Pets
bien nourrir mon chaton,Pets & Animals - Pets
bien nourrir oiseaux hiver,Pets & Animals - Pets
bien nourrir son oiseau,Pets & Animals - Pets
bien preparer maison nid d'oiseau,Pets & Animals - Pets
bien s'occuper d'un lapin domestique,Pets & Animals - Pets
bien s'occuper de son lapin,Pets & Animals - Pets
bienfaits animal de compagnie,Pets & Animals - Pets
blette et cochon d'inde,Pets & Animals - Pets
blog article comment bien nourrir son furet,Pets & Animals - Pets
books guide du cochon d'inde,Pets & Animals - Pets
boule de sang furet,Pets & Animals - Pets
ce magnifique chat a lair dun chaton et ca toute sa vie trop beau,Pets & Animals - Pets
ce truc est un croisement entre cochon d inde et un chien rat,Pets & Animals - Pets
ce un expose sur le cochon d inde,Pets & Animals - Pets
chat cochon d'inde ensemble,Pets & Animals - Pets
chats actu un animal de compagnie pour noel bonne ou mauvaise idee,Pets & Animals - Pets
chien berger allemand male loire atlantique gecko,Pets & Animals - Pets
chien bien etre animal de compagnie pour enfant,Pets & Animals - Pets
chien jack russel male pyrenees orientales gecko,Pets & Animals - Pets
chien le spitz nain est un animal de compagnie par excellence pic,Pets & Animals - Pets
concour pour gagner un chaton,Pets & Animals - Pets
concours canin concours agility au saut du chiot,Pets & Animals - Pets
concours club et poney,Pets & Animals - Pets
concours de beaute furet,Pets & Animals - Pets
concours de dressage cheval,Pets & Animals - Pets
Condition d'élevage Gecko Leopard,Pets & Animals - Pets
conditions de vente chiots rottweiler,Pets & Animals - Pets
conditions de vente chiots staffie,Pets & Animals - Pets
conditions de vente de nos chatons,Pets & Animals - Pets
conditions de vente et prix dun chaton du jardin,Pets & Animals - Pets
condoléances pour un animal de compagnie,Pets & Animals - Pets
connaitre l'age de sa tortue,Pets & Animals - Pets
connaitre le cochon d inde,Pets & Animals - Pets
conseil sur les furets,Pets & Animals - Pets
conseils de base gecko a crete,Pets & Animals - Pets
conseils or soigner furet,Pets & Animals - Pets
couple gecko,Pets & Animals - Pets
detail miaulement de chaton de mois,Pets & Animals - Pets
detail petit chien,Pets & Animals - Pets
detail promotions niche a oiseaux pastel,Pets & Animals - Pets
detail reservation de chiot dalmatien,Pets & Animals - Pets
diabete du furet,Pets & Animals - Pets
diarrhée cochon d'inde que faire,Pets & Animals - Pets
différents cris de furet,Pets & Animals - Pets
dire aurevoir a son animal de compagnie,Pets & Animals - Pets
en pleine incubation gecko qui marche plus,Pets & Animals - Pets
enfant a cheval,Pets & Animals - Pets
enfant avec chat,Pets & Animals - Pets
enfant avec cochons d inde,Pets & Animals - Pets
ensemble toilettage lapins cochon furets dp bgrvppp,Pets & Animals - Pets
espérance de vie cochon d'inde,Pets & Animals - Pets
essai auto animal de bonne compagnie,Pets & Animals - Pets
est'ce que je peux donner du jus d'orange c3 a0 mon cochon d'inde,Pets & Animals - Pets
f les furets a l adoption,Pets & Animals - Pets
forum animaux cochon d inde,Pets & Animals - Pets
forum est ce que les furets ou les fouines mangent les lapins fd,Pets & Animals - Pets
forum la famille animaux de compagnie c est pas trop contraignant d avoir un animal t aspx,Pets & Animals - Pets
fr fr chien conseils comportement et dressage,Pets & Animals - Pets
fr fr chien products and services services,Pets & Animals - Pets
fr fr video divertissement un escargot comme animal de compagnie pourquoi pas vi bbrbe,Pets & Animals - Pets
fr furets adorables photographie,Pets & Animals - Pets
fr jeune male cochons d inde aspx,Pets & Animals - Pets
fr justice ils maltraitent leur animal de compagnie et sont relaches,Pets & Animals - Pets
fr rongeur habitations cochons inde,Pets & Animals - Pets
haute savoie ti loup le chien qui se prend pour un chat,Pets & Animals - Pets
haute savoie un couple et leur chien retrouves morts,Pets & Animals - Pets
haute savoie une chienne husky abattue pour quelques volailles,Pets & Animals - Pets
hauteur d'un chat,Pets & Animals - Pets
hauteur de cloture pour chien dangereu,Pets & Animals - Pets
hc documents animal de compagnie,Pets & Animals - Pets
hd chaton au pelage roux,Pets & Animals - Pets
hd chaton et poussins,Pets & Animals - Pets
hd deux chiots beagle,Pets & Animals - Pets
hibernation des furets,Pets & Animals - Pets
hygiene soins cochon d inde,Pets & Animals - Pets
ideal animal de compagnie peu d'entretien,Pets & Animals - Pets
image blog mon chien n est pas juste un animal de compagnie,Pets & Animals - Pets
itm plastique litiere animal de compagnie chat sable dechets scooper pelle outil fr,Pets & Animals - Pets
jai un animal de compagnie pas commun et hors norme,Pets & Animals - Pets
je donne cochons d inde avec cage a,Pets & Animals - Pets
jeu cochon d'inde à l'adoptation,Pets & Animals - Pets
le permis chiens categorises,Pets & Animals - Pets
le perroquet le chien l enfant,Pets & Animals - Pets
le petit chaton fait dodo,Pets & Animals - Pets
le petit du rat,Pets & Animals - Pets
le prix d'un cochon d'inde,Pets & Animals - Pets
le serpent est il un bon animal de compagnie,Pets & Animals - Pets
les accessoires indispensable pour nos amis les cochon d inde,Pets & Animals - Pets
les animaux a ladoption les furets,Pets & Animals - Pets
les animaux le furet,Pets & Animals - Pets
les cousins du furet,Pets & Animals - Pets
maison hotes chien region parisienne,Pets & Animals - Pets
maitre chiens chiots a,Pets & Animals - Pets
maladide des chiot bouldogue francais,Pets & Animals - Pets
maladie cardiaque du furet,Pets & Animals - Pets
meilleure animal de compagnie,Pets & Animals - Pets
nature animaux magazine chiots adorables terre neuve shtml,Pets & Animals - Pets
nettoyage cage cochon d'inde,Pets & Animals - Pets
nettoyer les oreilles du cochon d inde,Pets & Animals - Pets
nf gs furet animal domestique,Pets & Animals - Pets
nf gs furet domestique,Pets & Animals - Pets
nf gs prix furet animalerie,Pets & Animals - Pets
p attelage pour poney,Pets & Animals - Pets
Parc pour chat,Pets & Animals - Pets
paru vendu chiots malinois à vendre,Pets & Animals - Pets
paru vendu var vente oiseaux,Pets & Animals - Pets
paruvendu chien a donner,Pets & Animals - Pets
pas cher transport chat,Pets & Animals - Pets
patte cassé furet,Pets & Animals - Pets
petit animal de compagnie pas encombrant,Pets & Animals - Pets
portee chiots chez soi reflexion s impose actualite,Pets & Animals - Pets
portée chiots fiscalité,Pets & Animals - Pets
Portée d'un chaton,Pets & Animals - Pets
portée d'une furette,Pets & Animals - Pets
portée de 3 chiots papillon,Pets & Animals - Pets
portées chatons à vendre,Pets & Animals - Pets
pourquoi assurer son animal de compagnie,Pets & Animals - Pets
pourquoi le furet comme animal de compagnie,Pets & Animals - Pets
pourquoi les cochon d'inde couine,Pets & Animals - Pets
pourquoi mon cochon d inde perd ses poils,Pets & Animals - Pets
pourquoi un animal de compagnie,Pets & Animals - Pets
Quand un chat a les oreilles baissées,Pets & Animals - Pets
quand un chat croise son reflet dans le miroir,Pets & Animals - Pets
quand un chat dort beaucoup et ne s alimente pas,Pets & Animals - Pets
quand un chat frotte son derrière au sol,Pets & Animals - Pets
quand un chat pense qu il est un chien,Pets & Animals - Pets
quand un chat reconforte un chiot,Pets & Animals - Pets
quand un chien aboie et hurle sans cesse,Pets & Animals - Pets
quand un chien devient adulte,Pets & Animals - Pets
Quand un chien dort sur le dos,Pets & Animals - Pets
quand un chiot arrive a la maison,Pets & Animals - Pets
quand un chiot debarque dans ta vie,Pets & Animals - Pets
quand un chiot est il propre,Pets & Animals - Pets
quand un chiot fait ses crottes,Pets & Animals - Pets
quand un chiot male leve la patte,Pets & Animals - Pets
quante je prend mon rat li crie,Pets & Animals - Pets
quantite de fumier de cheval au m2,Pets & Animals - Pets
que choisir entre un hamster et un cochon d'inde,Pets & Animals - Pets
que donner a manger a une tortue,Pets & Animals - Pets
que font les furet,Pets & Animals - Pets
que mange le lézard gris,Pets & Animals - Pets
quel animal de compagnie choisir,Pets & Animals - Pets
quel animal de compagnie en appartement,Pets & Animals - Pets
quel animal de compagnie est fait pouyr moi,Pets & Animals - Pets
quel animal le furet craint,Pets & Animals - Pets
quelle aliment attire le lézard,Pets & Animals - Pets
quelle temperature pour Geckos,Pets & Animals - Pets
r mon cochon d inde s arrache les poils,Pets & Animals - Pets
reste a reserver chiots,Pets & Animals - Pets
s'occuper d'un gecko léopard,Pets & Animals - Pets
services echographie chien chat,Pets & Animals - Pets
services elevage chats norvegiens toulouse,Pets & Animals - Pets
services elevage prix chiens chiots,Pets & Animals - Pets
services en ligne chiens dangereux,Pets & Animals - Pets
services et conseils chat,Pets & Animals - Pets
sexualité du cochon d'inde,Pets & Animals - Pets
t adopte reptiles serpents tortues lezards mais aussi mygales,Pets & Animals - Pets
t un abri pour tortues,Pets & Animals - Pets
t un chiot qui ne tete pas,Pets & Animals - Pets
t un furet qui ne veut pas boire,Pets & Animals - Pets
tableau d animal compagnie,Pets & Animals - Pets
tache noire sur le museau cochon d'inde,Pets & Animals - Pets
taille adulte cochon d'inde,Pets & Animals - Pets
test quel est l'animal de compagnie qui vous correspond,Pets & Animals - Pets
un chien husky qui a lair tres surpris et un lezard super mignon,Pets & Animals - Pets
vivre avec des rats ateinte a la sante du locataire,Pets & Animals - Pets
vivre avec son lapin,Pets & Animals - Pets
1 panthère noire,Pets & Animals - Wildlife
1. La vie de l'orang-outan,Pets & Animals - Wildlife
a new scientist pourquoi les orangs outans sont ils orange,Pets & Animals - Wildlife
accouplement de kangourou,Pets & Animals - Wildlife
activite la vie sauvage du marais,Pets & Animals - Wildlife
actualite des orangs outans brules vifs en indonesie,Pets & Animals - Wildlife
actualite deux hippopotames nouvelles vedettes du zoo de beauval,Pets & Animals - Wildlife
actualite l hippopotame valecek dernier ne du zoo de prague,Pets & Animals - Wildlife
actualite rosa l hippopotame voyageuse,Pets & Animals - Wildlife
actualites france hippopotames au zoo de beauval ouverture d un enclos unique au monde,Pets & Animals - Wildlife
aire protégée réserve spéciale ankarana,Pets & Animals - Wildlife
amitié homme lion,Pets & Animals - Wildlife
amitie kangourou chien,Pets & Animals - Wildlife
amitie ours lion tigre,Pets & Animals - Wildlife
amitie ours loup,Pets & Animals - Wildlife
amour chez les elephants,Pets & Animals - Wildlife
amours de dauphins,Pets & Animals - Wildlife
animal la reaction etonnante d un orang outan face a une femme enceinte art,Pets & Animals - Wildlife
Animal Qui Ressemble AU Kangourou,Pets & Animals - Wildlife
animal totem la panthere noire ou leopard,Pets & Animals - Wildlife
animaux bebe orang outan rescape de lhorreur,Pets & Animals - Wildlife
animaux caméléon panthère,Pets & Animals - Wildlife
animaux carnivores panthere du sri lanka,Pets & Animals - Wildlife
animaux deux rescapes orangs outans dun incendie de foret sauves de justesse,Pets & Animals - Wildlife
animaux grands mammiferes obs insolite un orang outan mange un ecureuil,Pets & Animals - Wildlife
animaux herbivores hippopotame,Pets & Animals - Wildlife
animaux hippopotame,Pets & Animals - Wildlife
animaux un gorille reconnait la fille de son sauveur ans apres etre retourne la vie sauvage,Pets & Animals - Wildlife
article l ete avec les kangourous,Pets & Animals - Wildlife
article l hippopotame fetiche tue le directeur du zoo,Pets & Animals - Wildlife
article l orang outan,Pets & Animals - Wildlife
article le mouton le lion et le serpent,Pets & Animals - Wildlife
article le mystere de l augmentation des attaques de requin le monde,Pets & Animals - Wildlife
article le mystere du loup de troncens,Pets & Animals - Wildlife
article le nombre d ours a augmente dans les pyrenees,Pets & Animals - Wildlife
article le paradoxe du bebe kangourou,Pets & Animals - Wildlife
article le plus vieux requin du monde,Pets & Animals - Wildlife
article le point d esprit kangourou petit truc,Pets & Animals - Wildlife
article le rassemblement des elephants de a ans,Pets & Animals - Wildlife
article le rat kangourou un rongeur nocturne et solitaire,Pets & Animals - Wildlife
article le refuge du requin a bloc,Pets & Animals - Wildlife
article le repas de aigle,Pets & Animals - Wildlife
article le requin blanc s affaiblit et risque de disparaitre,Pets & Animals - Wildlife
article les grands fauves d algerie guepard lion de l atlas et panthere,Pets & Animals - Wildlife
article les kangourous merveilles d australie,Pets & Animals - Wildlife
article les orangs outans de semenggoh,Pets & Animals - Wildlife
article les pantheres la panthere noire,Pets & Animals - Wildlife
article les photos du kangourou et du koala,Pets & Animals - Wildlife
article les yeux de la panthere,Pets & Animals - Wildlife
article orang outan de borneo,Pets & Animals - Wildlife
article oui ont peux caresser un hippopotame,Pets & Animals - Wildlife
balaine bleu,Pets & Animals - Wildlife
balaine et son baleinau,Pets & Animals - Wildlife
bienvenue au zoo de paris,Pets & Animals - Wildlife
bienvenue dans la foret des ours,Pets & Animals - Wildlife
billet parc safari de peaugres,Pets & Animals - Wildlife
budi le petit orang outan recueilli et soigne apres une annee de maltraitrances,Pets & Animals - Wildlife
bukit lawang et les orangs outangs du parc leuser sumatra indonesie episode,Pets & Animals - Wildlife
ce nid d aigle suite lavandes chantal bartet,Pets & Animals - Wildlife
ce que mange les hippopotame,Pets & Animals - Wildlife
ce requin a ete vu a km d une cote marocaine,Pets & Animals - Wildlife
ce requin blanc impressionnant est le plus grand jamais filme par l homme,Pets & Animals - Wildlife
center parc l'aigle,Pets & Animals - Wildlife
centre loir et cher zoo de beauval des hippopotames dans le loir et cher,Pets & Animals - Wildlife
combien de temps la giraffe a de gestation,Pets & Animals - Wildlife
comment les hommes protegent l orang outan,Pets & Animals - Wildlife
comment s appelle la femelle de la giraffe,Pets & Animals - Wildlife
comment s appelle le bébé orang outan,Pets & Animals - Wildlife
comment s'appelle le nez de la giraffe,Pets & Animals - Wildlife
couple adopte un orang outan,Pets & Animals - Wildlife
culture medias quand un orang outan joue la maman avec des bebes tigres video,Pets & Animals - Wildlife
dans un zoo thailandais un orang outan se fait un hamac pour une petite sieste tranquille,Pets & Animals - Wildlife
déforestation orang outan,Pets & Animals - Wildlife
des cameras capturent un rare moment alors quune maman orang outan met au monde un petit,Pets & Animals - Wildlife
detail plage des dauphins mandelieu la napoule,Pets & Animals - Wildlife
detail un bodyboarder tué par un requin en californie,Pets & Animals - Wildlife
deux freres sauvent un requin marteau pris par des hamecons video,Pets & Animals - Wildlife
deux kangourous se battent dans la rue australie,Pets & Animals - Wildlife
deux kangourous se battent en pleine rue en australie,Pets & Animals - Wildlife
deux orangs outangs avec bebe,Pets & Animals - Wildlife
deux plongeurs devores par un requin blanc au large de st mandrier,Pets & Animals - Wildlife
deux recompenses pour attaques de requin a la reunion de remy tezier a,Pets & Animals - Wildlife
deux requins blancs se battent sous les yeux d un plongeur,Pets & Animals - Wildlife
devenez observateur les raies et les requins,Pets & Animals - Wildlife
difference entre jaguar panthere guepard once puma couguar et leopard,Pets & Animals - Wildlife
différence entre la pantère de neige et la panthère de perse,Pets & Animals - Wildlife
Différence entre le jaguar et la panthère,Pets & Animals - Wildlife
difference entre panthere et guepard,Pets & Animals - Wildlife
différence panthère léopard,Pets & Animals - Wildlife
discussion aider soigner orangs outans borneo d,Pets & Animals - Wildlife
discussion meilleur endroit voir orangs outans borneo d,Pets & Animals - Wildlife
discussions meilleur lieu voir orang outans en indonesie d,Pets & Animals - Wildlife
dossiers parcs nationaux et reserves protegees de madagascar,Pets & Animals - Wildlife
en le pingouin penguin,Pets & Animals - Wildlife
enfant 5 ans a peur du loup,Pets & Animals - Wildlife
enfant maman gorille zoo,Pets & Animals - Wildlife
enfants animaux singe bebe,Pets & Animals - Wildlife
ennemis de l'hippopotame,Pets & Animals - Wildlife
enorme requin tigre attaque bateau du dispositif post attaque,Pets & Animals - Wildlife
environnement nature indonesie trois orang outans pieges dans un incendie volontaire,Pets & Animals - Wildlife
environnement nature une vraie reserve de vie sauvage,Pets & Animals - Wildlife
est ce que la giraffe est mamifere,Pets & Animals - Wildlife
Est-ce que l'hippopotame sait nager,Pets & Animals - Wildlife
f la plage aux kangourous,Pets & Animals - Wildlife
flash actualite culture accuse de maltraitance le cirque bouglione retire son numero avec une elephante agee,Pets & Animals - Wildlife
flash actualite insolite femme emportee par un requin en australie le bonnet et les lunettes retrouves,Pets & Animals - Wildlife
flash actualite monde grande barriere de corail un garcon de ans mordu par un requin,Pets & Animals - Wildlife
flash actualite monde record d attaques de requins dans le monde en mais pas plus de morts,Pets & Animals - Wildlife
fonction des pattes arrières du kangourou,Pets & Animals - Wildlife
force de l'orang-outan,Pets & Animals - Wildlife
fr animaux orang outan,Pets & Animals - Wildlife
fr fr arrêter de tuer les dauphins,Pets & Animals - Wildlife
fr fr dauphin a sauver,Pets & Animals - Wildlife
fr hippopotame afrique namibie nature,Pets & Animals - Wildlife
fr hippopotame des animaux sauvage zoo,Pets & Animals - Wildlife
france monde des orangs outans brules vifs en indonesie,Pets & Animals - Wildlife
france monde deux hippopotames nouvelles vedettes du zoo de beauval,Pets & Animals - Wildlife
haute savoie plusieurs milliers de personnes attendues pour soutenir le tueur de loup,Pets & Animals - Wildlife
haute savoie un nouveau loup surpris par des promeneurs au petit matin,Pets & Animals - Wildlife
hautes pyrennées parc des loups,Pets & Animals - Wildlife
Hauteur Elephant,Pets & Animals - Wildlife
hayabusa aigle ou faucon indien,Pets & Animals - Wildlife
hd aigle juvenile,Pets & Animals - Wildlife
hd aigle royale dresse a la chasse,Pets & Animals - Wildlife
henri des les oursons les requins les kangourous et les,Pets & Animals - Wildlife
hippopotame animal le plus dangereux d'afrique,Pets & Animals - Wildlife
image cms orang outan sous la pluie jpg,Pets & Animals - Wildlife
images stock singe mâle énorme d orang outan orange du bornéo asie image,Pets & Animals - Wildlife
indonesie aidez les orangs outans pas les,Pets & Animals - Wildlife
itm pins ours polaire vie sauvage,Pets & Animals - Wildlife
la belle histoire du jour une mere orang outan et son bebe sauves par des soigneurs animaliers,Pets & Animals - Wildlife
le petit de l aigle,Pets & Animals - Wildlife
le petit de l ours,Pets & Animals - Wildlife
le petit de l'élephant,Pets & Animals - Wildlife
le petit de la giraffe,Pets & Animals - Wildlife
le pic de l'aigle,Pets & Animals - Wildlife
le plu enorme requin du monde,Pets & Animals - Wildlife
le plus grand marche divoire au monde ferme ses portes une nouvelle geniale pour la survie des elephants,Pets & Animals - Wildlife
le plus grand requin blanc,Pets & Animals - Wildlife
le plus gros elephant actuel,Pets & Animals - Wildlife
le plus gros requin baleine,Pets & Animals - Wildlife
le plus gros requin blanc du monde,Pets & Animals - Wildlife
le retour a la vie sauvage,Pets & Animals - Wildlife
les orang outan,Pets & Animals - Wildlife
lexicographie orang outan,Pets & Animals - Wildlife
malaisie les orangs outans,Pets & Animals - Wildlife
mars journee mondiale de la vie sauvage,Pets & Animals - Wildlife
meilleurs saison balaines tadoussac,Pets & Animals - Wildlife
milieu de vie du orang- outan,Pets & Animals - Wildlife
mission survie orangs outans,Pets & Animals - Wildlife
monde indonesie des orangs outans brules vifs en indonesie,Pets & Animals - Wildlife
musique des loutres et un orang outan s essayent a la musique art,Pets & Animals - Wildlife
namibie safaris et dunes,Pets & Animals - Wildlife
nat géo wild tueurs nés le grand requin blanc,Pets & Animals - Wildlife
nature aigle,Pets & Animals - Wildlife
nature animaux animaux dossier especes menacees top requin blanc shtml,Pets & Animals - Wildlife
nature animaux animaux sauvages cris d animaux l hippopotame shtml,Pets & Animals - Wildlife
nature animaux animaux sauvages photo tigres marquer son territoire shtml,Pets & Animals - Wildlife
nature animaux les plus belles photos sous marines le requin baleine shtml,Pets & Animals - Wildlife
nature animaux magazine photo moments insolites de la vie animale le repos du tigre shtml,Pets & Animals - Wildlife
nature vie sauvage evasion,Pets & Animals - Wildlife
observer un orang outan sauvage ca se,Pets & Animals - Wildlife
passion dauphin lancetre du dauphin,Pets & Animals - Wildlife
qu'avons nous fait pour protéger l'habitat des ours polaire ?,Pets & Animals - Wildlife
quand un tigre se promene au milieu dune route au qatar,Pets & Animals - Wildlife
quand un tigre un ours et un lion deviennent inseparables,Pets & Animals - Wildlife
quax tour de parc hippopotame,Pets & Animals - Wildlife
que faire si vous rencontrez un requin,Pets & Animals - Wildlife
que fait le tigre dans la savane,Pets & Animals - Wildlife
que mange le kangourou,Pets & Animals - Wildlife
que mange un hippopotame AS,Pets & Animals - Wildlife
quel animal sauvage ne vie pas dans la savane,Pets & Animals - Wildlife
quel animal vied a l etat sauvage en inde soit la girafe ou le lion,Pets & Animals - Wildlife
Quel est l'animal qui tue les elephant,Pets & Animals - Wildlife
quel est l'oiseau capable de soulever un éléphant,Pets & Animals - Wildlife
quel est le nom du bébé requin,Pets & Animals - Wildlife
quel est le plus grand des aigles,Pets & Animals - Wildlife
quel est le poids maximal d’un elephant simon ans,Pets & Animals - Wildlife
quel est le requin le plus dangereux,Pets & Animals - Wildlife
quiz combien de doigts l hippopotame possede t il a chaque pied,Pets & Animals - Wildlife
sauver les balaines,Pets & Animals - Wildlife
sexe dauphin,Pets & Animals - Wildlife
similaires hippopotames nouvelles vedettes zoo beauval,Pets & Animals - Wildlife
societe droit des animaux liberte ordonnee pour un orang outan en argentine,Pets & Animals - Wildlife
steve bloom et les familles danimaux orang outan,Pets & Animals - Wildlife
t comment appelle t on un bebe hippopotame,Pets & Animals - Wildlife
t il y avait des crocodiles et des orangs outans pv kaori,Pets & Animals - Wildlife
t un dauphin,Pets & Animals - Wildlife
tableau le tigre et le buffle,Pets & Animals - Wildlife
tvreplay france emission la vie sauvage,Pets & Animals - Wildlife
un elephant retourne un hippopotame avec sa trompe,Pets & Animals - Wildlife
un hippopotame aide un caneton a sortir du bassin video,Pets & Animals - Wildlife
un hippopotame attaque un bateau de touristes botswana,Pets & Animals - Wildlife
un hippopotame attaque un bateau v,Pets & Animals - Wildlife
un hippopotame d ostrava au parc de beauval,Pets & Animals - Wildlife
un penguin fait en papier,Pets & Animals - Wildlife
vive les loups xd,Pets & Animals - Wildlife
vla le monstre vla l elephant d afrique,Pets & Animals - Wildlife
voisins du kangourous,Pets & Animals - Wildlife
voyages vos voyages de reve afrique du sud une nature rare et sublime afrique du sud hippopotames,Pets & Animals - Wildlife
