10 raisons d'aimer le college,Jobs & Education - Education
activites bricolage materiel scolaire fabriquer des marque pages,Jobs & Education - Education
activites bricolage materiel scolaire fabriquer un pot crayons,Jobs & Education - Education
activites bricolage materiel scolaire fabriquer une trousse de star,Jobs & Education - Education
aide en materiel scolaire,Jobs & Education - Education
amren association marnaise des reeducateurs de l education nationale,Jobs & Education - Education
anatomie insecte école primaire,Jobs & Education - Education
anglais le materiel scolaire,Jobs & Education - Education
article l engagement associatif une education la citoyennete,Jobs & Education - Education
article l enseignement au college,Jobs & Education - Education
article l enseignement des fonctions en college et lycee,Jobs & Education - Education
article le moteur de recherche de l education,Jobs & Education - Education
article le musee national de education rouen,Jobs & Education - Education
article le niveau global des collegiens en math se degrade depuis six ans selon une etude du ministere de l education,Jobs & Education - Education
article le nouveau principal a la recontre des partenaires du college,Jobs & Education - Education
article le numerique arrive au college hubert reeves,Jobs & Education - Education
article le parcours d education artistique et culturelle,Jobs & Education - Education
article le petit jardin extraordinaire des ecoliers,Jobs & Education - Education
article le plus vieil ecolier du monde,Jobs & Education - Education
article le premier jour a l ecole primaire,Jobs & Education - Education
article le progres des connaissances,Jobs & Education - Education
article le theatre a l ecole primaire un espace d expression,Jobs & Education - Education
article les ecoles maternelles et primaires,Jobs & Education - Education
article les enfants de l ecole primaire visitent l hippodrome,Jobs & Education - Education
article les regles de vie a l ecole primaire,Jobs & Education - Education
article materiel scolaire pour la rentree,Jobs & Education - Education
bi-licence d'histoire des arts et d'archéologie,Jobs & Education - Education
bien choisir mon parcours les differents statuts formation continue,Jobs & Education - Education
bien choisir sa formation,Jobs & Education - Education
bien choisir sa formation universite,Jobs & Education - Education
bien choisir son ecole art,Jobs & Education - Education
bien choisir son ecole cest important,Jobs & Education - Education
bien choisir son ecole d ingenieurs,Jobs & Education - Education
bien choisir son ecole de commerce,Jobs & Education - Education
bien choisir son ecole de commerce post bac le classement,Jobs & Education - Education
bien dans ton college,Jobs & Education - Education
bien être au collège,Jobs & Education - Education
bien etre des étudiants,Jobs & Education - Education
bien etre social pour etudiant,Jobs & Education - Education
bien preparer sa formation,Jobs & Education - Education
bien réussir son brevet des colléges,Jobs & Education - Education
bien s'organiser au quotidien college ...,Jobs & Education - Education
bien vivre familles education,Jobs & Education - Education
bien vivre familles education accompagnement a la fonction parentale,Jobs & Education - Education
bien vivre familles education accompagnement a la fonction parentale ateliers parents,Jobs & Education - Education
bientot au college,Jobs & Education - Education
bienvenue au lycee,Jobs & Education - Education
c est beau la vie d ecolier,Jobs & Education - Education
ce grammaire identifier le groupe sujet les eleves du college preparent un voyage,Jobs & Education - Education
cegep etudiants programmes d etudes liste des programmes,Jobs & Education - Education
cegep etudiants programmes d etudes techniques d education specialisee fiche du programme,Jobs & Education - Education
cegep etudiants services aux etudiants accueil,Jobs & Education - Education
cegep etudiants services aux etudiants bibliotheque notre equipe,Jobs & Education - Education
cegeps formation techniques,Jobs & Education - Education
cegn autres pages centres centre national de formation a la securite routiere cnfsr,Jobs & Education - Education
cegn autres pages centres centre national de formation au commandement cnfc,Jobs & Education - Education
cegn autres pages centres centre national de formation de police judiciaire cnfpj,Jobs & Education - Education
cegn autres pages centres centre national de formation du corps de soutien technique et administratif de la gendarmerie nationale cnf cstagn,Jobs & Education - Education
cegn formation continue formation des sous officiers de gendarmerie grades,Jobs & Education - Education
celebration de paques pour le college,Jobs & Education - Education
censure a l universite de savoie,Jobs & Education - Education
Concevoir et animer un stage de formation,Jobs & Education - Education
conclusion sur les ecoles de managment,Jobs & Education - Education
concour agent de service dans les collége,Jobs & Education - Education
concours assistant d'éducation,Jobs & Education - Education
concours assistante de service sociale de l'éducation nationale,Jobs & Education - Education
concours chef etudiant,Jobs & Education - Education
concours cuisine participez au concours de cuisine etudiante de la smeco poitiers,Jobs & Education - Education
concours quizzes quizzes de culture generale arts testez vos connaissances sur la peinture la sculpture et l architecture apm,Jobs & Education - Education
concours quizzes quizzes de culture generale citations celebres testez vos connaissances sur les citations celebres apm,Jobs & Education - Education
concours quizzes quizzes de culture generale economie testez vos connaissances sur l economie et les entreprises apm,Jobs & Education - Education
concours quizzes quizzes de culture generale europe testez vos connaissances sur leurope apm,Jobs & Education - Education
conseil d école conseils d école primaire,Jobs & Education - Education
conseil d école maternelle et primaire,Jobs & Education - Education
définition de matériels scolaire,Jobs & Education - Education
detail maths au college,Jobs & Education - Education
detail modules de formation module croissance,Jobs & Education - Education
detail modules de formation module fondations,Jobs & Education - Education
detail modules de formation module professionnalisation,Jobs & Education - Education
detail procedure affectation eleves etudiants aspx,Jobs & Education - Education
detail professeur d espagnol diplomee langue maternelle a toulouse,Jobs & Education - Education
details mon cv etudiante,Jobs & Education - Education
deux jeune a l universite,Jobs & Education - Education
enfance a jeunesse ecole primaire conseils decole,Jobs & Education - Education
enfance college et remise des prix,Jobs & Education - Education
enfance ecole maternelle,Jobs & Education - Education
enfance ecoles et college,Jobs & Education - Education
enfance education,Jobs & Education - Education
enfance education accueil de loisirs,Jobs & Education - Education
enfance education activites scolaires,Jobs & Education - Education
enfance education ensembles scolaires lycees,Jobs & Education - Education
enfance education etablissements scolaires colleges et lycees,Jobs & Education - Education
enfance education jeunesse education colleges,Jobs & Education - Education
enfance education jeunesse education ecoles primaires,Jobs & Education - Education
enfance education jeunesse education lycees detail,Jobs & Education - Education
enfance education scolarite colleges et lycees,Jobs & Education - Education
enfance education vie etudiante enseignement superieur,Jobs & Education - Education
enfance education vie etudiante enseignement superieur luniversite de reims champagne ardenne,Jobs & Education - Education
enfance education vie etudiante enseignement superieur neoma business school,Jobs & Education - Education
enfance et ados jeunesse colleges et lycees,Jobs & Education - Education
enfance et education accueil scolaire colleges et lycees,Jobs & Education - Education
enfance et education college et apres,Jobs & Education - Education
enfance et education college et lycee,Jobs & Education - Education
enfance et jeunesse colleges et lycee ca petille d idees du cote du college perier,Jobs & Education - Education
enfance et jeunesse colleges et lycee concours de lecture des colleges,Jobs & Education - Education
enfance et jeunesse colleges et lycee lycee placide courtoy portes grandes ouvertes aux filieres multiples,Jobs & Education - Education
enfance et jeunesse ecole primaire presentation et inscriptions,Jobs & Education - Education
enfance et jeunesse ecole primaire vie des ecoles,Jobs & Education - Education
enfance et jeunesse ecoles maternelles et primaires,Jobs & Education - Education
enfance et jeunesse ecoles maternelles et primaires faceties carnavalesques a l ecole du sacre caeur,Jobs & Education - Education
enfance jeunesse emploi formation pole emploi,Jobs & Education - Education
enfance jeunesse enseignements formations professionnelles,Jobs & Education - Education
etudes matériel scolaire autre carton plume,Jobs & Education - Education
f la clef des connaissances,Jobs & Education - Education
f les connaissances economiques,Jobs & Education - Education
faire une commande materiel scolaire,Jobs & Education - Education
flash actualite culture au cinema le succes surprise de documentaires sur l ecole,Jobs & Education - Education
fonctionnement ecole primaire,Jobs & Education - Education
fr fr article le centre universitaire les ecoles a paris,Jobs & Education - Education
haute savoie diversite et qualite au college gaspard monge,Jobs & Education - Education
haute savoie montessori implante son er college en rhone alpes,Jobs & Education - Education
haute savoie portes ouvertes au college du verney,Jobs & Education - Education
le permis de conduire peut il etre pris en charge dans une formation,Jobs & Education - Education
le petit guide des meilleures formations superieures mondiales,Jobs & Education - Education
le pharmacien comment devenir pharmacien formations initiales,Jobs & Education - Education
le point education,Jobs & Education - Education
le pôle education,Jobs & Education - Education
le pole education jeunesse,Jobs & Education - Education
le pôle education l education les horaires,Jobs & Education - Education
le president de l'université lyon 1 croix rousse,Jobs & Education - Education
le programme de formation au trading du master tkl,Jobs & Education - Education
le rapport de stage d'ecole primaire,Jobs & Education - Education
maisons de retraite formation,Jobs & Education - Education
maisons de retraite formation mettre en place un accueil de jour,Jobs & Education - Education
maitre d'éducation permanente,Jobs & Education - Education
malaise avec perte de connaissance,Jobs & Education - Education
nanterre master droit pénal,Jobs & Education - Education
nanterre master humanité et manangement,Jobs & Education - Education
nanterre master psychologie clinique,Jobs & Education - Education
pascal les limites de la connaissance,Jobs & Education - Education
portail de l'école,Jobs & Education - Education
portail des universites,Jobs & Education - Education
portail grand public fiches pratiques jeux pedagogiques jeux educatifs de prevention et d education a la sante,Jobs & Education - Education
portail grand public reseaux inpes institut national de prevention et d education pour la sante inpes institut national de prevention et d education pour la sante,Jobs & Education - Education
pose ta question en quoi le college est different de l ecole primaire,Jobs & Education - Education
qu'appelle t on réfoerme du collège,Jobs & Education - Education
qu'apporte l' inclusion des handicapés dans un collège,Jobs & Education - Education
qu'apporte la formation a l'entreprise,Jobs & Education - Education
qu'apporte le coin jeux avec des poupées dans une école,Jobs & Education - Education
qu'apporte une ecole de commerce,Jobs & Education - Education
qu'apporte une formation,Jobs & Education - Education
quand va tu a l' ecole,Jobs & Education - Education
quand visiter ecole maternelle,Jobs & Education - Education
quatrieme education civique,Jobs & Education - Education
restauration collective formation,Jobs & Education - Education
services de l etat education,Jobs & Education - Education
services de l etat education direction academique,Jobs & Education - Education
services de l etat education direction academique des services de l education nationale dasen,Jobs & Education - Education
services de l etat education direction des services departementaux de l education nationale dans le doubs,Jobs & Education - Education
services de l etat education inspection academique,Jobs & Education - Education
services de l etat education nationale,Jobs & Education - Education
services diplomes diplome licence,Jobs & Education - Education
services diplomes licence d informatique,Jobs & Education - Education
services diplomes licence economie et gestion,Jobs & Education - Education
services diplomes licence information communication,Jobs & Education - Education
services diplomes licence mathematiques appliquees et sciences sociales,Jobs & Education - Education
services diplomes licence professionnelle assurance banque finance,Jobs & Education - Education
services diplomes licence professionnelle hotellerie et tourisme,Jobs & Education - Education
services diplomes licence professionnelle management de l evenementiel,Jobs & Education - Education
services diplomes licence professionnelle management de projets,Jobs & Education - Education
services diplomes licence professionnelle management des organisations,Jobs & Education - Education
services du college,Jobs & Education - Education
services du college elaboration d une fiche metier,Jobs & Education - Education
services du college sante,Jobs & Education - Education
services du lycee vie scolaire,Jobs & Education - Education
services ecole de dj formation dj en belgique stage de mix c,Jobs & Education - Education
services ecole de francais inscriptions informations sur les cours de francais a bruxelles,Jobs & Education - Education
services ecole de pilotage hs,Jobs & Education - Education
services ecole de ski,Jobs & Education - Education
services ecole du chiot,Jobs & Education - Education
services ecoles et collège,Jobs & Education - Education
services et ressources questions reponses base de connaissances,Jobs & Education - Education
services scolaires ecoles maternelles et primaires,Jobs & Education - Education
services scolaires ecoles maternelles et primaires vous souhaitez effectuer une demande de,Jobs & Education - Education
tableau année lycee college superieur,Jobs & Education - Education
tableau d'excellence au college,Jobs & Education - Education
tableau d'honneur college,Jobs & Education - Education
tableau d'honneur et félicitations collège,Jobs & Education - Education
tableau périodique des étudiants,Jobs & Education - Education
tableau sur l'éducation,Jobs & Education - Education
tablettes numeriques au lycee,Jobs & Education - Education
tablettes pour enseigner le francais en lycee,Jobs & Education - Education
un atelier philosophie autour de la laicite au cycle de l ecole primaire et au college,Jobs & Education - Education
une ecole primaire idyllique,Jobs & Education - Education
V - La connaissance unitaire et pragmatique comme obstacle à la connaissance scientifique,Jobs & Education - Education
vivre culture mediatheques l universite populaire,Jobs & Education - Education
vivre universite parents quelques themes abordes,Jobs & Education - Education
0 analyste programmeur,Jobs & Education - Jobs
0 statistiques pour l'ingenieur,Jobs & Education - Jobs
1 architecte,Jobs & Education - Jobs
1 architecte intérieur,Jobs & Education - Jobs
1 ingénieur,Jobs & Education - Jobs
a michel serres ecrivains savants et philosophes font le tour du monde,Jobs & Education - Jobs
a mon ami l ecrivain meconnu,Jobs & Education - Jobs
abc lettres recherche emploi lettres motivation informatique internet analyste programmeur retard paiement loyer location logement,Jobs & Education - Jobs
about mix team and partners career opportunities analyste junior afrique,Jobs & Education - Jobs
acheter apprenti electricien,Jobs & Education - Jobs
activites electricien automobile,Jobs & Education - Jobs
actualite des eboueurs qui doivent s echauffer,Jobs & Education - Jobs
ami vendeur jeu world chef,Jobs & Education - Jobs
amiens () emploi vendeur,Jobs & Education - Jobs
amiens () emplois infirmier,Jobs & Education - Jobs
amortissement des honoraires d'architecte,Jobs & Education - Jobs
analyse cadre emploi ingénieur,Jobs & Education - Jobs
analyse chronologie sur l’ampleur et la gravité des faits dont les journalistes des médias privés,Jobs & Education - Jobs
analyste aéronautique,Jobs & Education - Jobs
analyste affaires,Jobs & Education - Jobs
analyste affaires -informatique -SQL,Jobs & Education - Jobs
Analyste Affaires banque,Jobs & Education - Jobs
analyste affaires collaboration et gestion des connaissances offre emploi montreal qc ca aspx,Jobs & Education - Jobs
Analyste Analyste-programmeur Cobol,Jobs & Education - Jobs
analyste développeur h f ingénieur d'etudes domaine epargne salariale job cergy idf fr aspx,Jobs & Education - Jobs
analyste financier ecole d'ingenieur forum,Jobs & Education - Jobs
Analyste-assurance,Jobs & Education - Jobs
anderson & jacoby insurance consultants,Jobs & Education - Jobs
angers plomberie outils du plombier outils,Jobs & Education - Jobs
angers plombier pour petits travaux,Jobs & Education - Jobs
anglais-consultant-recrutement,Jobs & Education - Jobs
annees etudes pour etre banquier,Jobs & Education - Jobs
anniversaire banquier,Jobs & Education - Jobs
annonce artisans artisanat electricien independant realise tout travaux electriques,Jobs & Education - Jobs
annonce artisans artisanat entreprise renovation plombiers electriciens carreleurs peintre construction,Jobs & Education - Jobs
article l emprise de l ordre des medecins sur la justice,Jobs & Education - Jobs
article l emprise de l ordre des medecins sur la societe,Jobs & Education - Jobs
article l engagement des ecrivains,Jobs & Education - Jobs
article l enjeu des medecines complementaires,Jobs & Education - Jobs
article l enseignant,Jobs & Education - Jobs
article l entrainement de l ecrivain selon hemingway,Jobs & Education - Jobs
article l equipe enseignante,Jobs & Education - Jobs
article l esprit du temps banquiers internationaux asservissement du monde,Jobs & Education - Jobs
article le mouvement des architectes s insurge contre valerie pecresse,Jobs & Education - Jobs
article le nouveau cuisinier saute son patron,Jobs & Education - Jobs
article le parrainage medical du medecin du present au medecin du futur,Jobs & Education - Jobs
article le plongeur et le dauphin,Jobs & Education - Jobs
article le pretre le banquier et l avocat,Jobs & Education - Jobs
article le recours obligatoire a l architecte des m,Jobs & Education - Jobs
article le refus de permis de construire peut conduire au remboursement par l architecte fautif des honorair,Jobs & Education - Jobs
article le sav de boulanger fiche ses clients,Jobs & Education - Jobs
article les astuces d un boulanger remois pour une bonne galette des rois,Jobs & Education - Jobs
article les aventures de mickey chez ton boulanger patissier panini,Jobs & Education - Jobs
article les bons vendeurs savent se taire,Jobs & Education - Jobs
article les cm cuisiniers d un jour avec sodexo,Jobs & Education - Jobs
article les competences d un consultant,Jobs & Education - Jobs
article les cuisiniers au travail,Jobs & Education - Jobs
article les eleves infirmiers decouvrent les rites musulmans la mosquee,Jobs & Education - Jobs
article les eleves infirmiers en journee d integration,Jobs & Education - Jobs
article les etudiants infirmiers oeuvrent pour eliott,Jobs & Education - Jobs
article les neuf cuisinieres,Jobs & Education - Jobs
article les relations client consultant,Jobs & Education - Jobs
article ma premiere femme de menage,Jobs & Education - Jobs
article marcillac vallon un nouvel electricien vient de s installer,Jobs & Education - Jobs
article mardi avril l electricien a bien travaille la trame est en place,Jobs & Education - Jobs
article metier chirurgien dentiste chirurgienne dentiste,Jobs & Education - Jobs
article pompiers eboueurs facteurs et si vous defalquiez leurs etrennes de vos impots,Jobs & Education - Jobs
article top meilleurs analystes financiers forbes,Jobs & Education - Jobs
bien être des enseignants,Jobs & Education - Jobs
bien etre et medecine complementair,Jobs & Education - Jobs
bien plus qu une cuisiniere a bois,Jobs & Education - Jobs
bien s'habiller homme vendeur,Jobs & Education - Jobs
biganos emplois plongeur,Jobs & Education - Jobs
biographie d un ecrivain,Jobs & Education - Jobs
blocage plongeur chariot,Jobs & Education - Jobs
blog comment presenter son dossier dinvestissement locatif au banquier,Jobs & Education - Jobs
bourse assurance les valeurs preferees des analystes,Jobs & Education - Jobs
bourse bourse les previsions des analystes independants,Jobs & Education - Jobs
ce que votre banquier vous cache sur le paiement en ligne,Jobs & Education - Jobs
ce que vous ne verrez pas au banquier,Jobs & Education - Jobs
celebre medecin americain revele recette plus puissant antibiotique naturel tue infections,Jobs & Education - Jobs
célèbres médecins légistes charles paul l homme aux cent mille autopsies,Jobs & Education - Jobs
centrale ecole ingenieur,Jobs & Education - Jobs
centre de formation plombier chauffagiste,Jobs & Education - Jobs
cercle des analystes,Jobs & Education - Jobs
cercle des analystes indépendants,Jobs & Education - Jobs
certificat de travail pour femme de menage cdi,Jobs & Education - Jobs
certificat de travail pour femme de menage pour faire un credit,Jobs & Education - Jobs
certificat de travail pour femme de menage suisse exemple,Jobs & Education - Jobs
chef de projet analyste programmeur,Jobs & Education - Jobs
chef de projet informatique analyste développeur confirmé h f job strasbourg als fr aspx,Jobs & Education - Jobs
chef de projet informatique analyste développeur confirmé h f offre emploi strasbourg alsace france aspx,Jobs & Education - Jobs
concevoir plans architecte,Jobs & Education - Jobs
concour d'entré pour etre analyste à la défence,Jobs & Education - Jobs
concour jeune architecte ville de lyon 2016,Jobs & Education - Jobs
concours advance session chat mars questions reponses ecoles ingenieurs fin inscriptions portail apb,Jobs & Education - Jobs
concours apprentis jeunes talents cuisiniers paris hugo fombonne,Jobs & Education - Jobs
concours architecte interieur,Jobs & Education - Jobs
concours cuisinier collectivitė territorial,Jobs & Education - Jobs
concours éboueur ville de paris,Jobs & Education - Jobs
concurrence restaurateur,Jobs & Education - Jobs
condition maitre restaurateur,Jobs & Education - Jobs
congé de femme de ménage,Jobs & Education - Jobs
connaitre les depassement honoraire dentiste,Jobs & Education - Jobs
conseil annuaire des dentistes,Jobs & Education - Jobs
conseil de plombier,Jobs & Education - Jobs
conseil général de l Essonne plombier recrutement,Jobs & Education - Jobs
conseils astuces pour ne pas se faire avoir par un plombier,Jobs & Education - Jobs
conservateur restaurateur,Jobs & Education - Jobs
consiller ou analyste financier,Jobs & Education - Jobs
content plongeur de haut vol,Jobs & Education - Jobs
contenu formation plongeur archeologue,Jobs & Education - Jobs
detail offre cadre de sante infirmier,Jobs & Education - Jobs
detail offre cuisinier,Jobs & Education - Jobs
detail offre electricien,Jobs & Education - Jobs
detail offre infirmiere en ehpad,Jobs & Education - Jobs
detail offre responsable du service de soins infirmiers a domicile ssiad h f,Jobs & Education - Jobs
detail offre urbaniste architecte fonctionnel du si,Jobs & Education - Jobs
detail pourcentage architecte,Jobs & Education - Jobs
details a vendre dans le comtat venaissin dans un village maison d architecte contemporaine avec de grands bureaux independants,Jobs & Education - Jobs
details a vendre en grece superbe villa d architecte au sein d une peninsule de hectares avec vues epoustouflantes,Jobs & Education - Jobs
details medecine bucco dentaire,Jobs & Education - Jobs
details medecins esthetiques,Jobs & Education - Jobs
details offre d emploi autres plongeur plongeuse en restauration cachan,Jobs & Education - Jobs
details offre d emploi autres plongeur plongeuse en restauration saint etienne du rouvray,Jobs & Education - Jobs
devenir analyste programmeur,Jobs & Education - Jobs
devenir banquier en suisse,Jobs & Education - Jobs
devenir eboueur,Jobs & Education - Jobs
devenir eboueur bordeaux,Jobs & Education - Jobs
devenir maitre restaurateur,Jobs & Education - Jobs
devoir de conseil du banquier et fiscalité,Jobs & Education - Jobs
en espace enseignant deposer une candidature offre demploi,Jobs & Education - Jobs
en espace enseignant deposer une candidature offre demploi er degre professeurs des ecoles,Jobs & Education - Jobs
en exhibitors arte charpentier architectes,Jobs & Education - Jobs
en exhibitors cerau architectes partenaires,Jobs & Education - Jobs
enfant chez le dentiste,Jobs & Education - Jobs
enseignes maitres restaurateurs,Jobs & Education - Jobs
fiscalité journaliste,Jobs & Education - Jobs
flash actualite economie aux etats unis la technologie change le banquier,Jobs & Education - Jobs
flash actualite economie le big bang numerique une revolution culturelle pour le metier de banquier,Jobs & Education - Jobs
flash actualite economie les bonus des traders et banquiers ont chute de a wall street en,Jobs & Education - Jobs
flash jeu du dentiste,Jobs & Education - Jobs
formation continue habilitation electrique bc be mesures be verifications h consignations et controles pour electriciens,Jobs & Education - Jobs
fr fr architectes et bureaux etudes,Jobs & Education - Jobs
fr fr architectes et bureaux etudes chauffer et rafraichir,Jobs & Education - Jobs
fr fr architectes et bureaux etudes fenetres portes et volets,Jobs & Education - Jobs
fr fr architectes et bureaux etudes installation electrique,Jobs & Education - Jobs
fr fr architectes et bureaux etudes materiaux de surface,Jobs & Education - Jobs
fr fr bourdes banquiers juniors carriere,Jobs & Education - Jobs
fr fr les bonus des banquiers juniors en france en nette diminution,Jobs & Education - Jobs
fr fr master vs mba finance banquiers juniors,Jobs & Education - Jobs
fr fr offres d emploi cslt epm idf consultant epm h f,Jobs & Education - Jobs
fr fr offres d emploi cslt mdm idf consultant mdm h f,Jobs & Education - Jobs
fr fr recrutement vendeurs caissiers directeurs,Jobs & Education - Jobs
fr job electricien automaticien,Jobs & Education - Jobs
fr job electricien exploitation,Jobs & Education - Jobs
haute savoie medecin generaliste,Jobs & Education - Jobs
hauts de seine hauts de seine mois avec sursis pour le banquier voyeur,Jobs & Education - Jobs
hecatombe de banquiers et surtout a la jp morgan,Jobs & Education - Jobs
hecatombe de banquiers un de plus,Jobs & Education - Jobs
IT Project Consultant,Jobs & Education - Jobs
it recruitment consultant,Jobs & Education - Jobs
itm offerte au banquier,Jobs & Education - Jobs
le petit journal montre lagression de ses journalistes au rassemblement fn,Jobs & Education - Jobs
le petit journaliste,Jobs & Education - Jobs
le plombier a l oeuvre,Jobs & Education - Jobs
le plongeur sous marin,Jobs & Education - Jobs
le plus grand vendeur du monde et son secret,Jobs & Education - Jobs
le restaurant le chef cuisinier,Jobs & Education - Jobs
le role du consultant,Jobs & Education - Jobs
les 10 plus grands chefs cuisiniers du monde,Jobs & Education - Jobs
maison plombieres les bains,Jobs & Education - Jobs
makeup consultant,Jobs & Education - Jobs
maman ecole lycee professionnel ingenieur cachin etablissement x,Jobs & Education - Jobs
management emploi cadres ces metiers meconnus qui paient bien ingenieur patrimonial,Jobs & Education - Jobs
nantes () emplois plombier,Jobs & Education - Jobs
payer sa femme menage meme si elle ne vient pas,Jobs & Education - Jobs
poste plongeur saison dete propriano,Jobs & Education - Jobs
quand un journaliste britannique raconte ses vacances en iran a,Jobs & Education - Jobs
quand un journaliste israelien croisedonald trump,Jobs & Education - Jobs
quand un journaliste sauve un homme de la noyade,Jobs & Education - Jobs
quand un journaliste septuagenaire ramene le combat de lufdg a la lutte pour lemancipation dune communaute,Jobs & Education - Jobs
quand un journaliste taille le community ma,Jobs & Education - Jobs
quand une journaliste canadienne pousse a bout marine le pen,Jobs & Education - Jobs
que fait le dentiste avant pose d'un pansement tue nerf,Jobs & Education - Jobs
que fait le dentiste lorsqu'une dent de devant se casse,Jobs & Education - Jobs
restauration plongeur,Jobs & Education - Jobs
resultat concours medecin dentiste,Jobs & Education - Jobs
retard salle d'attente dentiste,Jobs & Education - Jobs
retraite dentiste prive,Jobs & Education - Jobs
