abenteuerbucher spielgeschichten unterhaltung,Books & Literature
abenteuerromane für männer,Books & Literature
"berlin abenteuer krimi abenteuerromane von klaus kordon buecher von klaus kordon fuer kinder und jugendliche recordid,dfdbc expose",Books & Literature
frage kann mir jemand ein paar gute abenteuerromane empfehlen,Books & Literature
aktionen b wandern buch kulin,Books & Literature
angebote buchen costa aktionen all inclusive kreuzfahrten,Books & Literature
angebote buchen costa aktionen angebot der woche,Books & Literature
angebote buchen costa aktionen costaclub vorzugskreuzfahrten,Books & Literature
article lesenetzwerk aktion nimm und lies bucher bauen brucken des gymnasiums veitshochheim schrifts,Books & Literature
"bild plus gewinnspiele bildplus aktion fluege als bildplus kunde fluege mit eurowings zum sonderpreis buchen ,var=a bild",Books & Literature
frage werden clix bei euroclix gutgeschrieben wenn man bei einer aktion auf clix verdienen geht oder muss man unbedingt dran teilnehmenwie zb eine reise buchen,Books & Literature
kleinanzeigen ferienwohnung aktion in h v z naechte buchen nur a,Books & Literature
kreuzfahrt angebote buchen aida facebook aktion,Books & Literature
kreuzfahrt angebote buchen aktionen familienreisen,Books & Literature
kreuzfahrt angebote buchen aktionen just aida first minute,Books & Literature
kreuzfahrt angebote buchen aktionen just aida first minute just aida first minute etappe,Books & Literature
kreuzfahrt angebote buchen aktionen kombi reisen,Books & Literature
kreuzfahrt angebote buchen aktionen kombi reisen meergeniesser,Books & Literature
kreuzfahrt angebote buchen aktionen last minute kreuzfahrten,Books & Literature
nachrichten greenpeace schiffe bauen steinernen schutz gegen zerstoererische fischerei in deutscher bucht aktion vor sylt wird mehrere wochen dauern,Books & Literature
news guinness buch aktion hyundai sendet liebesgruesse iss,Books & Literature
riu class promo aktionen riu reisen guenstiger buchen t,Books & Literature
service aktionen das buch ist da darmstadts strassen,Books & Literature
2000 - Anthologie Vol 5 1966-1968,Books & Literature
"abdel halim hafez albums anthologie, vol",Books & Literature
aktuell feuilleton buecher frankfurter anthologie,Books & Literature
aktuell feuilleton buecher frankfurter anthologie frankfurter anthologie hans magnus enzensberger apus apus,Books & Literature
aktuell feuilleton buecher frankfurter anthologie frankfurter anthologie heinrich heine kluge sterne,Books & Literature
aktuell feuilleton buecher frankfurter anthologie frankfurter anthologie peter paul althaus in der traumstadt,Books & Literature
aktuell feuilleton buecher frankfurter anthologie frankfurter anthologie sandor petoefi freiheit liebe,Books & Literature
aktuell feuilleton buecher frankfurter anthologie frankfurter anthologie wiz awa szymborska aus erinnerungen,Books & Literature
album jacques berthier anthologie jacques berthier,Books & Literature
ausschreibung fuer alle mystery autoren das vermaechtnis der astronautengoetter wettbewerb des galactic bookstore verlag zu texten rund um die ancient aliens fuer eine buch anthologie,Books & Literature
autoren netzwerk anthologie sommer und mehr,Books & Literature
Autoren_Netzwerk-Anthologie Sommer und mehr.,Books & Literature
beispiellose verlagskooperation gratis erotik anthologie leselust,Books & Literature
deckenfluter anthologie quartett,Books & Literature
deckenfluter anthologie quartett milk testbericht,Books & Literature
deckenleuchte anthologie quartett coffee light light,Books & Literature
deutschland privat eine anthologie des volksfilms,Books & Literature
didier rimaud albums jacques berthier: anthologie,Books & Literature
die lyrik der romandie eine zweisprachige anthologie peter von matt philippe jaccottet hrsg,Books & Literature
dokumentarfilm wwe iron will die anthologie des haertesten matches der wwe dvd,Books & Literature
ebooks telecharger ben aaronovitch le dernier apprenti sorcier anthologie,Books & Literature
ENGLISH ANTHOLOGIES,Books & Literature
erwin kneihsl robert van ackeren deutschland privat eine anthologie des volksfilms,Books & Literature
forfamily familie freizeit familienleben anthologien vorstellung,Books & Literature
forum computerspiele counter strike anthologie cd key ist scheinbar schon benutzt,Books & Literature
fr blog ninteen fanzine anthologie fin du rock,Books & Literature
fr dvd animation dvd anthologie des freres max et dave fleischer vol,Books & Literature
fr fr store music album jean gabin ferdinand gabin intégrale jean gabin anthologie ferdinand gabin dkgxrpx,Books & Literature
frage japanischsprachige manga anthologien wie zb weekly shonen jump oder big comic spirits kaufen,Books & Literature
frage wo kann ich die anthologie alle alben von den boehsen onkelz kaufen,Books & Literature
Frankfurter Anthologie band 13,Books & Literature
frere hubert albums jacques berthier: anthologie,Books & Literature
genre anthologie gedichtsammlung anthology,Books & Literature
news gratis ebook handbuch zur objektorientierten programmierung als download,Books & Literature
news gratis ebook java ist auch eine insel als openbook gratis lesen,Books & Literature
nun also als ebook,Books & Literature
obeikanmodules ebooks index,Books & Literature
obeikanmodules ebooks index all all,Books & Literature
obtenir des ebooks,Books & Literature
OCA Java SE 8 Programmer Finegan 1Z0-808 pdf ebook,Books & Literature
Partage de ebook,Books & Literature
Partage Ebook Bit-Lit,Books & Literature
Partage ebooks,Books & Literature
passives einkommen ebook,Books & Literature
patterns frami kleid ebook schnittgefluester,Books & Literature
pc welt ebook lesezeichen,Books & Literature
pdf ebook italienisch 30 tagen,Books & Literature
premium ebooks excel vba in tagen zip,Books & Literature
pressemitteilungen snapload versorgt gaeste von ameropa reisen mit ebooks und hoerbuch downloads,Books & Literature
tag anthologie amerindienne,Books & Literature
tag anthologie libertarienne,Books & Literature
telecharger anthologie ii,Books & Literature
telecharger son de blaaz anthologie,Books & Literature
Texte und Themen. Einführung in die deutsche Literatur von den Anfängen bis zur Gegenwart mit Anthologie,Books & Literature
title deutsche gedichte eine anthologie oclc,Books & Literature
title geschichte des arabischen schrifttums schongeistige literatur poetik rhetorik und literaturtheorie dichterbucher anthologien kunstprosa von fuat sezgin oclc,Books & Literature
title mohnblumen auf schwarzem filz eine anthologie der initiative liberaturpreis oclc,Books & Literature
title texte zur poetik eine kommentierte anthologie oclc,Books & Literature
tolkiens erbe anthologie simon wahren,Books & Literature
video anne birch warburg fellation anthologie,Books & Literature
voyage chenier anthologie,Books & Literature
Werner Bergengruen Anthologie,Books & Literature
wettbewerbe anthologien 2016,Books & Literature
winter dresses beechtree anthologie winter linen collection,Books & Literature
wohnen selbermachen wohnideen bstr wohntrend moderne leuchten img haengeleuchte diamond von anthologie quartett,Books & Literature
aap ferg over de relatie met zn vader schilderen en nieuwe autobiographies,Books & Literature
"actualite kevin mitnick autobiographie,",Books & Literature
Agatha Christie Une autobiographie,Books & Literature
archiv forum th das geheime bad so seh ich das autobiographie eines einjaehrigen,Books & Literature
AUTOBIOGRAPHIE,Books & Literature
autobiographie beispiel,Books & Literature
autobiographie brubeck dave,Books & Literature
AUTOBIOGRAPHIE D UNE COURGETTE DE GILLES PARIS,Books & Literature
AUTOBIOGRAPHIE D'UNE ESCLAVE,Books & Literature
Autobiographie de David Bowie,Books & Literature
AUTOBIOGRAPHIE DE LOUANE,Books & Literature
AVANTAGE D UNE AUTOBIOGRAPHIE,Books & Literature
AZNAVOUR - AUTOBIOGRAPHIE,Books & Literature
beispiel für anfang einer autobiographie,Books & Literature
besser klettern buecher co jerry moffatt autobiographie,Books & Literature
best biograhies and autobiographies,Books & Literature
best selling autobiographies,Books & Literature
best WW2 autobiographies,Books & Literature
"BIC1 SU ""Autobiographies""",Books & Literature
bill tom kaulitz wollen autobiographie schreiben,Books & Literature
biographie die fantastischen vier die letzte besatzermusik die autobiographie niemczyk,Books & Literature
biographie was zaehlt die autobiographie des besten managers der welt jack welch,Books & Literature
books autobiographie marlene dietrich,Books & Literature
Dagmar Günther Autobiographie,Books & Literature
das lied der liebe autobiographie der seligen dina belanger mutter maria von der heiligen cacilia von rom rjm dina belanger,Books & Literature
de news xatar autobiographie angekuendigt,Books & Literature
de zu tiefst bewegend die teilige autobiographie der karin semelink erschienen im spikinet verlag,Books & Literature
DEFINITION AUTOBIOGRAPHIE,Books & Literature
der verschollene kafka autobiographie,Books & Literature
deutsche frauen autobiographie,Books & Literature
dewey decimal system autobiographies number,Books & Literature
Die Autobiographie der Tathotis,Books & Literature
ebooks autobiographie de rudolf steiner red,Books & Literature
ebooks livres telecharger melanie georgiades diam s autobiographie,Books & Literature
ebooks livres telecharger michel polnareff sperme autobiographie,Books & Literature
edition de forbach l autobiographie spirituelle de roger bichelberger,Books & Literature
entertainment films star wars autobiographies,Books & Literature
erfahrungsberichte broken music die autobiographie sting,Books & Literature
f news mit spannung erwartet max mosley praesentiert autobiographie,Books & Literature
female singer autobiographies,Books & Literature
frage beruehrende emotionle autobiographie,Books & Literature
frage buch autobiographie und persoenlichkeitsrechte wie weit darf man gehen,Books & Literature
frage gibt es auch eine deutsche autobiographie von nikola tesla,Books & Literature
frage gute und spannende autobiographien gesucht,Books & Literature
frage unterschied zwischen autobiographie und monographie und biographie,Books & Literature
frage wie kann man ein deckblattfuer eine autobiographie gestalten,Books & Literature
frage wie schreibe ich eine autobiographie ueber mich selbst,Books & Literature
frage wie schreibt man eine autobiographie,Books & Literature
frage wie wuerde der titel eurer autobiographie sein,Books & Literature
french and belgian autobiographies and,Books & Literature
french diams autobiographie pdf,Books & Literature
"Gesammelte Werke − Autobiographie, Aphorismen, historische Schriften",Books & Literature
herbstblond die autobiographie test,Books & Literature
ingrid van bergen autobiographie,Books & Literature
inspiring autobiographies,Books & Literature
jaclyn swedberg autobiographie,Books & Literature
kann ich ein buch autobiographie schreiben auch wenn gesetzteswiedrige dinge über mich darin enthalten sind,Books & Literature
kategorien autos von a z neu aufgelegt mansory range rover autobiographie lwb,Books & Literature
kleinanzeigen sonstiges in buecher zeitschriften autobiographien und biographien a,Books & Literature
kultur tv mike krueger veroeffentlicht autobiographie ueber sein komisches werk,Books & Literature
List Best Autobiographies,Books & Literature
list best autobiographies ever written bustermcdermott,Books & Literature
Livre Autobiographie de Schnitzler,Books & Literature
madonna moechte autobiographie schreiben,Books & Literature
marek halter autobiographie,Books & Literature
markus malo homepageneu dateien autobiographien bibliographie,Books & Literature
mehr als ein job autobiographie des skisprungbundestrainers hes reinhard theiner egon test,Books & Literature
meine gute alte zeit die autobiographie einer lady agatha christie,Books & Literature
michael jordan autobiographie,Books & Literature
neueste erfahrungsberichte top biographien autobiographien,Books & Literature
news betriebssystem andere apple mitbegruender steve wozniaks autobiographie,Books & Literature
news schweiz fake autobiographie von spiess hegglin sorgt fuer verwirrung bauchgefuehle in der zuger sex affaere id,Books & Literature
news und geruechte aus der welt dritter apple gruender ronald g wayne veroeffentlicht autobiographie,Books & Literature
nf gs autobiographie de,Books & Literature
pages autobiographies heinrich himmler,Books & Literature
pages bakery walter teltschik autobiographie,Books & Literature
pages georges jackson autobiographie,Books & Literature
people tv international michelle hunziker packt in ihrer autobiographie aus oben ohne ist nicht normal id,Books & Literature
poesie naturwissenschaften autobiographie richard dawkins dp,Books & Literature
PROLEGOMENA ZUR AUTOBIOGRAPHIE ALS QUELLE DER GESCHICHTSWISSENSCHAFT,Books & Literature
public partner service mein wunder von bern rezension zu boehm autobiographie,Books & Literature
Range Rover autobiographie,Books & Literature
rediger autobiographie,Books & Literature
rediger autobiographie methode,Books & Literature
review bernard sumner new order joy devision und ich die autobiographie,Books & Literature
s autobiographie bernard bitu,Books & Literature
s daebebccaa mein leben eine etwas andere autobiographie,Books & Literature
s fcedacccd was ich dir sagen moechte autobiographie,Books & Literature
sport fussball autobiographie lahm aetzt gegen klinsmann magath und van gaal,Books & Literature
sport kevin prince boateng und seine autobiographie ich prince boateng hier beichtet der fussballstar seine affaeren und alkohol probleme,Books & Literature
sub Best Autobiographies Ever Written,Books & Literature
tag autobiographie arnold schwarzenegger,Books & Literature
tag autobiographie garneray,Books & Literature
tags default gen tag=autobiographie,Books & Literature
telecharger ebooks telecharger livres michel polnareff spgerme autobiographie,Books & Literature
title zeitgenossische judische autobiographie oclc,Books & Literature
Top 10 Best Autobiographies,Books & Literature
total recall autobiographie arnold schwarzenegger,Books & Literature
v ebooks telecharger autobiographie de rudolf steiner,Books & Literature
v ebooks telecharger michel polnareff sperme autobiographie,Books & Literature
was bisher geschah autobiographie uwe ochsenknecht test,Books & Literature
was bisher geschah autobiographie uwe ochsenknecht test ratingvalid,Books & Literature
wie kann ich eine autobiographie schreiben,Books & Literature
der bachelor die geheimnisse der kandidatinnen im ueberblick,Books & Literature
der bachelor luegen und geheimnisse,Books & Literature
Der beliebteste Nichtraucher: Die enthüllende Geschichte über das mächtigste Geheimnis des Aufhörens ebook,Books & Literature
raeder poesie vase punkte zuhause porzellan pid,Books & Literature
rainer brambach poesie,Books & Literature
tkyaundjpu apr der reisefuhrer konnte mich thumb jpg,Books & Literature
toledo reiseführer,Books & Literature
Leseprobe Gregs Tagebuch,Books & Literature
letzter eintrag tagebuch anne frank,Books & Literature
leukämie kind tagebuch,Books & Literature
"Zeitschrift ""Die Gleichheit""",Books & Literature
Zeitschrift für Kinder- und Jugendpsychiatrie,Books & Literature
. Seume zitate.,Books & Literature
.zitat Glück,Books & Literature
1 jahr ist vergangen zitate,Books & Literature
British Colombia Reiseführer top,Books & Literature
Brooklyn Reiseführer,Books & Literature
Brügge Reiseführer Leseprobe pdf,Books & Literature
article biografie koning boudewijn aanzetten genoeg maar geen antwoorden,Books & Literature
artiest michael jackson biografie,Books & Literature
artiesten biografie jaap van zweden,Books & Literature
artikel heilsame brueche in der biografie,Books & Literature
