bilder blutendes herz,Non-Standard Content - Extreme Graphic/Explicit Violence
blutende fotzen bilder,Non-Standard Content - Extreme Graphic/Explicit Violence
blutende Hämorrhoiden bilder,Non-Standard Content - Extreme Graphic/Explicit Violence
bilder von starken blutungen am arm,Non-Standard Content - Extreme Graphic/Explicit Violence
punktartige blutungen bilder,Non-Standard Content - Extreme Graphic/Explicit Violence
a aegypten rache enthauptungen luftangriff libyen is,Non-Standard Content - Extreme Graphic/Explicit Violence
a irak is enthauptung kurdischer kaempfer,Non-Standard Content - Extreme Graphic/Explicit Violence
armenien enthauptung,Non-Standard Content - Extreme Graphic/Explicit Violence
bei enthauptung bewustsein,Non-Standard Content - Extreme Graphic/Explicit Violence
belgische islamisten enthauptung von zivilisten in syrien,Non-Standard Content - Extreme Graphic/Explicit Violence
de sputniknews com panorama tagesmutter enthauptung allahs befehl,Non-Standard Content - Extreme Graphic/Explicit Violence
de sputniknews com videos syrer is terror enthauptungen entfuehrungen,Non-Standard Content - Extreme Graphic/Explicit Violence
die enthauptung,Non-Standard Content - Extreme Graphic/Explicit Violence
Enthauptung,Non-Standard Content - Extreme Graphic/Explicit Violence
enthauptung arabien,Non-Standard Content - Extreme Graphic/Explicit Violence
enthauptung begriffserklärug,Non-Standard Content - Extreme Graphic/Explicit Violence
enthauptung bericht,Non-Standard Content - Extreme Graphic/Explicit Violence
enthauptung bewusst,Non-Standard Content - Extreme Graphic/Explicit Violence
enthauptung durch einen zug,Non-Standard Content - Extreme Graphic/Explicit Violence
frage enthauptung durch einen zug,Non-Standard Content - Extreme Graphic/Explicit Violence
frage enthauptung mit nur einem hieb wie soll das gehen,Non-Standard Content - Extreme Graphic/Explicit Violence
frage wie stirbt man bei einer enthauptung,Non-Standard Content - Extreme Graphic/Explicit Violence
Hinrichtung Enthauptung,Non-Standard Content - Extreme Graphic/Explicit Violence
infos todesstrafe enthauptung lebt man kurz weiter,Non-Standard Content - Extreme Graphic/Explicit Violence
Is enthauptung,Non-Standard Content - Extreme Graphic/Explicit Violence
is enthauptung unzensiert,Non-Standard Content - Extreme Graphic/Explicit Violence
Is Video Enthauptung,Non-Standard Content - Extreme Graphic/Explicit Violence
is wladimir putin gefangener enthauptung,Non-Standard Content - Extreme Graphic/Explicit Violence
Isis Enthauptung,Non-Standard Content - Extreme Graphic/Explicit Violence
isis enthauptung engländer,Non-Standard Content - Extreme Graphic/Explicit Violence
jihadi john Enthauptung,Non-Standard Content - Extreme Graphic/Explicit Violence
kinder bei enthauptung dabei,Non-Standard Content - Extreme Graphic/Explicit Violence
Kopf nach enthauptung,Non-Standard Content - Extreme Graphic/Explicit Violence
moskau enthauptung von kind,Non-Standard Content - Extreme Graphic/Explicit Violence
Moskauer Enthauptung von Mädchen,Non-Standard Content - Extreme Graphic/Explicit Violence
moskauer kinderfrau enthauptung mädchen mords beschuldigt,Non-Standard Content - Extreme Graphic/Explicit Violence
news ausland afghanistan massenprotest in kabul nach enthauptung von schiiten id,Non-Standard Content - Extreme Graphic/Explicit Violence
news ausland an enthauptung beteiligt malaysische is schlaechter identifizert id,Non-Standard Content - Extreme Graphic/Explicit Violence
news ausland anschlag in frankreich attentaeter gesteht enthauptung seines chefs id,Non-Standard Content - Extreme Graphic/Explicit Violence
news ausland enthauptung und explosionen is anschlag in frankreich id,Non-Standard Content - Extreme Graphic/Explicit Violence
news ausland enthauptung vor laufender kamera vermisster journalist angeblich von is hingerichtet id,Non-Standard Content - Extreme Graphic/Explicit Violence
news ausland is horror video deutscher ex rapper prahlt mit enthauptung id,Non-Standard Content - Extreme Graphic/Explicit Violence
news isis droht mit der enthauptung obamas,Non-Standard Content - Extreme Graphic/Explicit Violence
news pferdeschaender jugendliche soll tierquaelerei und enthauptung von pony in krefeld veruebt haben,Non-Standard Content - Extreme Graphic/Explicit Violence
nick berg enthauptung unzensiert video folter irak foto,Non-Standard Content - Extreme Graphic/Explicit Violence
oesterreich chronik oberoesterreich psychologe spricht nach kettensaegen enthauptung,Non-Standard Content - Extreme Graphic/Explicit Violence
panorama kindesmoerderin tat allahs befehl enthauptung,Non-Standard Content - Extreme Graphic/Explicit Violence
panorama stern crime enthauptung im bus kanadischer kannibale freigesprochen,Non-Standard Content - Extreme Graphic/Explicit Violence
panorama stern crime moskau kindermaedchen nach enthauptung von vierjaehriger vor gericht,Non-Standard Content - Extreme Graphic/Explicit Violence
politik ausland enthauptung von hervé gourdel frankreich im schockzustand,Non-Standard Content - Extreme Graphic/Explicit Violence
politik ausland graeueltaten araber nach enthauptung empoert,Non-Standard Content - Extreme Graphic/Explicit Violence
politik ausland irak krise enthauptung statt erschiessung,Non-Standard Content - Extreme Graphic/Explicit Violence
politik ausland is grausame enthauptung von palmyra archaeologen loest entsetzen aus,Non-Standard Content - Extreme Graphic/Explicit Violence
politik ausland is islamischer staat david haines merkel zu enthauptung a,Non-Standard Content - Extreme Graphic/Explicit Violence
politik ausland is islamischer staat denis cuspert deso dogg bei enthauptung dabei a,Non-Standard Content - Extreme Graphic/Explicit Violence
rumänische klöster enthauptung,Non-Standard Content - Extreme Graphic/Explicit Violence
Russland tagesmutter Enthauptung,Non-Standard Content - Extreme Graphic/Explicit Violence
schockvideo rapper deso dogg an enthauptung beteiligt,Non-Standard Content - Extreme Graphic/Explicit Violence
senegal enthauptung,Non-Standard Content - Extreme Graphic/Explicit Violence
Steinmeier wohnt landestypischer Enthauptung bei,Non-Standard Content - Extreme Graphic/Explicit Violence
syrien enthauptungen,Non-Standard Content - Extreme Graphic/Explicit Violence
tf verhalten bei enthauptung,Non-Standard Content - Extreme Graphic/Explicit Violence
tschetschenen enthauptung,Non-Standard Content - Extreme Graphic/Explicit Violence
unzensiert enthauptung,Non-Standard Content - Extreme Graphic/Explicit Violence
video enthauptungen,Non-Standard Content - Extreme Graphic/Explicit Violence
video syrische terroristen zwingen kind zur enthauptung,Non-Standard Content - Extreme Graphic/Explicit Violence
welt boko haram schockt mit enthauptungen,Non-Standard Content - Extreme Graphic/Explicit Violence
welt isis droht mit der enthauptung obamas,Non-Standard Content - Extreme Graphic/Explicit Violence
Bilder von der Enthauptung eines Mönchs,Non-Standard Content - Extreme Graphic/Explicit Violence
ausland news story zahl der exekutionen steigt rasant an,Non-Standard Content - Extreme Graphic/Explicit Violence
exekutionen in syrien,Non-Standard Content - Extreme Graphic/Explicit Violence
exekutionen is,Non-Standard Content - Extreme Graphic/Explicit Violence
exekutionen mit sprengschnur,Non-Standard Content - Extreme Graphic/Explicit Violence
fotostrecke gambia praesident jammeh kuendigt exekutionen an fotostrecke,Non-Standard Content - Extreme Graphic/Explicit Violence
geschichte konzentrationslager flossenbuerg ab exekutionen und massenmord,Non-Standard Content - Extreme Graphic/Explicit Violence
panorama stern crime exekutionen in den usa das problem der giftmischer,Non-Standard Content - Extreme Graphic/Explicit Violence
politik ausland todesstrafen statistik amnesty prangert chinas heimliche exekutionen an a,Non-Standard Content - Extreme Graphic/Explicit Violence
welt saudi arabien exekutionen an nur einem tag hinrichtungs orgie story,Non-Standard Content - Extreme Graphic/Explicit Violence
welt weltpolitik tausende exekutionen im jahr,Non-Standard Content - Extreme Graphic/Explicit Violence
wieso mehr exekutionen in iran unter rouhani,Non-Standard Content - Extreme Graphic/Explicit Violence
folterszenen beim sex,Non-Standard Content - Extreme Graphic/Explicit Violence
frage american sniper folterszenen,Non-Standard Content - Extreme Graphic/Explicit Violence
frage folterszenen in filmen,Non-Standard Content - Extreme Graphic/Explicit Violence
frage ist es im koran erlaubt frauen zu schlagen,Non-Standard Content - Extreme Graphic/Explicit Violence
frage was sollte man tun wenn man in der oeffentlichkeit sieht wie ein mann eine frau schlaegt denn mann zu schlagen mache ich mich ja dann auch strafbar,Non-Standard Content - Extreme Graphic/Explicit Violence
18 hinrichtungen durch is top,Non-Standard Content - Extreme Graphic/Explicit Violence
7 Youtube hinrichtungen,Non-Standard Content - Extreme Graphic/Explicit Violence
a usa hinrichtungen giftspritze billigung,Non-Standard Content - Extreme Graphic/Explicit Violence
aktuell politik ausland todesstrafe amnesty beklagt dramatischen anstieg von hinrichtungen,Non-Standard Content - Extreme Graphic/Explicit Violence
aktuell politik syrien fast hinrichtungen im islamischer staat,Non-Standard Content - Extreme Graphic/Explicit Violence
arabia saudi hinrichtungen,Non-Standard Content - Extreme Graphic/Explicit Violence
artikel uno fast tausend hinrichtungen in iran,Non-Standard Content - Extreme Graphic/Explicit Violence
bbs uncensored news isis terrorr hinrichtungen,Non-Standard Content - Extreme Graphic/Explicit Violence
Bilder Hinrichtungen in Japan,Non-Standard Content - Extreme Graphic/Explicit Violence
Bilder von Hinrichtungen top,Non-Standard Content - Extreme Graphic/Explicit Violence
china urlaub hinrichtungen,Non-Standard Content - Extreme Graphic/Explicit Violence
Clips Von Hinrichtungen,Non-Standard Content - Extreme Graphic/Explicit Violence
dachau hinrichtungen,Non-Standard Content - Extreme Graphic/Explicit Violence
daily beast syrien hinrichtungen,Non-Standard Content - Extreme Graphic/Explicit Violence
de sputniknews com videos is hinrichtungen palmyra syrien blut,Non-Standard Content - Extreme Graphic/Explicit Violence
Filme Von Hinrichtungen,Non-Standard Content - Extreme Graphic/Explicit Violence
forum threads personenkult hunger öffentliche hinrichtungen nordkorea,Non-Standard Content - Extreme Graphic/Explicit Violence
fotostrecke nordkorea der diktator kim jong un und die hinrichtungen fotostrecke,Non-Standard Content - Extreme Graphic/Explicit Violence
fotostrecke todesstrafe hinrichtungen auf geheiss des staates fotostrecke,Non-Standard Content - Extreme Graphic/Explicit Violence
frage wer war der krankeste moerder der welt die extremsten hinrichtungen,Non-Standard Content - Extreme Graphic/Explicit Violence
frauen hinrichtungen,Non-Standard Content - Extreme Graphic/Explicit Violence
freiheitrecht saudi arabien juzstiz hinrichtungen menschenrechte,Non-Standard Content - Extreme Graphic/Explicit Violence
gesellschaft zeitgeschehen amnesty international todesstrafe hinrichtungen todesurteil anstieg,Non-Standard Content - Extreme Graphic/Explicit Violence
grausame hinrichtungen video,Non-Standard Content - Extreme Graphic/Explicit Violence
hagana Hinrichtungen deutschland,Non-Standard Content - Extreme Graphic/Explicit Violence
Hinrichtungen,Non-Standard Content - Extreme Graphic/Explicit Violence
hinrichtungen 2. weltkrieg,Non-Standard Content - Extreme Graphic/Explicit Violence
IS Hinrichtungen Suche,Non-Standard Content - Extreme Graphic/Explicit Violence
katar hinrichtungen,Non-Standard Content - Extreme Graphic/Explicit Violence
zeige mir Videoaufnahmen von Hinrichtungen in Syrien,Non-Standard Content - Extreme Graphic/Explicit Violence
zeitungen rekordzahl hinrichtungen,Non-Standard Content - Extreme Graphic/Explicit Violence
das Veröffentlichen von Gewalt befürwortenden oder Gewalt orientierten Inhalten,Non-Standard Content - Extreme Graphic/Explicit Violence
durch das Veröffentlichen von Gewalt befürwortenden oder Gewalt orientierten Inhalten,Non-Standard Content - Extreme Graphic/Explicit Violence
diesem madchen wurde die kehle durchgeschnitten und es wurde zum sterben weggeworfen aber als eine alte frau sie sieht beschamt sie alle,Non-Standard Content - Extreme Graphic/Explicit Violence
frage durchgeschnittene kehle,Non-Standard Content - Extreme Graphic/Explicit Violence
frage kehle durchgeschnitten stumm,Non-Standard Content - Extreme Graphic/Explicit Violence
frage todesursache bei durchgeschnittener kehle,Non-Standard Content - Extreme Graphic/Explicit Violence
frage video wo menschen die kehle durchgeschnitten wird erlaubt,Non-Standard Content - Extreme Graphic/Explicit Violence
wissenschaft mensch aegypten pharao ramses iii wurde kehle durchgeschnitten a,Non-Standard Content - Extreme Graphic/Explicit Violence
frage meine frage wenn ein mensch verbrannt wird wird er mit kleidung verbrannt oder nicht ehrlich,Non-Standard Content - Extreme Graphic/Explicit Violence
netzwelt web grenzueberschreitungen mord vor laufender kamera a,Non-Standard Content - Extreme Graphic/Explicit Violence
12 bilder die aufgenommen wurden als was schreckliches passiert,Non-Standard Content - Extreme Graphic/Explicit Violence
bilder die aufgenommen wurden als schreckliches passiert,Non-Standard Content - Extreme Graphic/Explicit Violence
bilder schreckliche auto innenraeume interieurs,Non-Standard Content - Extreme Graphic/Explicit Violence
frage schreckliche bilder verdraengen,Non-Standard Content - Extreme Graphic/Explicit Violence
news nach taliban massaker schreckliche bilder aus der schule id,Non-Standard Content - Extreme Graphic/Explicit Violence
news schweiz blutbad in erstfeld schreckliche bilder plagen tavernen wirt id,Non-Standard Content - Extreme Graphic/Explicit Violence
schreckliche bilder menschlicher zustande nur fur starke herzen,Non-Standard Content - Extreme Graphic/Explicit Violence
schreckliche ultraschall bilder,Non-Standard Content - Extreme Graphic/Explicit Violence
sport mehr sport schreckliche bilder rugby star und ehefrau sterben in diesem wrack id,Non-Standard Content - Extreme Graphic/Explicit Violence
sub Schreckliche Bilder,Non-Standard Content - Extreme Graphic/Explicit Violence
videoklub schreckliche bilder autofahrer toetet drei menschen,Non-Standard Content - Extreme Graphic/Explicit Violence
Wir fotografiert die schrecklichen Bilder,Non-Standard Content - Extreme Graphic/Explicit Violence
die schrecklichen bilder der truemmer in stein,Non-Standard Content - Extreme Graphic/Explicit Violence
frage kumpel hatte schrecklichen unfall kann nicht schlafen wegen den bildern im kopf,Non-Standard Content - Extreme Graphic/Explicit Violence
panorama weltgeschehen ankara nach dem attentat die schrecklichen bilder aus der tuerkei,Non-Standard Content - Extreme Graphic/Explicit Violence
frage kennt ihr snuff movies,Non-Standard Content - Extreme Graphic/Explicit Violence
frage snuff movies,Non-Standard Content - Extreme Graphic/Explicit Violence
thread snuff movies gibts die wirklich,Non-Standard Content - Extreme Graphic/Explicit Violence
Videos über Tierquälerei gratis,Non-Standard Content - Extreme Graphic/Explicit Violence
ausland amnesty registriert deutlich mehr hinrichtungen weltweit,Non-Standard Content - Extreme Graphic/Explicit Violence
ausland standard zahl der hinrichtungen steigt drastisch an story,Non-Standard Content - Extreme Graphic/Explicit Violence
de international amnesty registriert deutlich mehr hinrichtungen weltweit,Non-Standard Content - Extreme Graphic/Explicit Violence
de sputniknews com zeitungen rekordzahl hinrichtungen,Non-Standard Content - Extreme Graphic/Explicit Violence
diskussion beitraege worueber niemand spricht hinrichtungen in china,Non-Standard Content - Extreme Graphic/Explicit Violence
frage warum benutzt man bei hinrichtungen durch die giftspritze sterile nadeln,Non-Standard Content - Extreme Graphic/Explicit Violence
frage warum hat man sich frueher gerne hinrichtungen angesehen,Non-Standard Content - Extreme Graphic/Explicit Violence
hinrichtungen 2.Weltkrieg,Non-Standard Content - Extreme Graphic/Explicit Violence
hinrichtungen amnesty meldet drastischen anstieg de,Non-Standard Content - Extreme Graphic/Explicit Violence
hinrichtungen bilder top,Non-Standard Content - Extreme Graphic/Explicit Violence
international articles «dramatischer anstieg» staatliche hinrichtungen erreichen höchsten stand seit jahren,Non-Standard Content - Extreme Graphic/Explicit Violence
international articles folter und hinrichtungen uno fürchtet einen bürgerkrieg in burundi,Non-Standard Content - Extreme Graphic/Explicit Violence
kultur gesellschaft islamischer staat yuval harari spricht ueber grausame hinrichtungen a,Non-Standard Content - Extreme Graphic/Explicit Violence
liveleak hinrichtungen,Non-Standard Content - Extreme Graphic/Explicit Violence
mehr als hinrichtungen in china vor neujahr detail,Non-Standard Content - Extreme Graphic/Explicit Violence
nachricht amnesty international zahl hinrichtungen dramatisch gestiegen,Non-Standard Content - Extreme Graphic/Explicit Violence
nachrichten ausland amnesty registriert deutlich mehr hinrichtungen weltweit,Non-Standard Content - Extreme Graphic/Explicit Violence
news amnesty alarmiert ueber dramatischen anstieg von hinrichtungen weltweit,Non-Standard Content - Extreme Graphic/Explicit Violence
news amnesty deutlich mehr hinrichtungen weltweit n,Non-Standard Content - Extreme Graphic/Explicit Violence
öffentliche hinrichtungen china,Non-Standard Content - Extreme Graphic/Explicit Violence
panorama amnesty hinrichtungen,Non-Standard Content - Extreme Graphic/Explicit Violence
panorama amnesty international hinrichtungen und todesurteile a,Non-Standard Content - Extreme Graphic/Explicit Violence
panorama erste hinrichtungen seit mitte japan exekutiert drei mehrfachmoerder,Non-Standard Content - Extreme Graphic/Explicit Violence
panorama europarat bedauert hinrichtungen in den usa,Non-Standard Content - Extreme Graphic/Explicit Violence
panorama zahl der hinrichtungen weltweit gewachsen amnesty,Non-Standard Content - Extreme Graphic/Explicit Violence
panorama zeugen im auschwitz prozess hinrichtungen und erschiessungen der ss,Non-Standard Content - Extreme Graphic/Explicit Violence
politik ausland amnesty deutlich mehr hinrichtungen weltweit,Non-Standard Content - Extreme Graphic/Explicit Violence
politik ausland amnesty international mehr hinrichtungen in weniger laendern,Non-Standard Content - Extreme Graphic/Explicit Violence
politik ausland anmesty international hinrichtungen in saudi arabien vollstreckt,Non-Standard Content - Extreme Graphic/Explicit Violence
reale hinrichtungen,Non-Standard Content - Extreme Graphic/Explicit Violence
rubriken ausland amnesty registriert deutlich mehr hinrichtungen weltweit,Non-Standard Content - Extreme Graphic/Explicit Violence
saudi arabia videos hinrichtungen,Non-Standard Content - Extreme Graphic/Explicit Violence
saudi arabien experte fuer un menschenrechtsrat hinrichtungen autofahrende frauen gelten als terroristinnen,Non-Standard Content - Extreme Graphic/Explicit Violence
sub grausame hinrichtungen,Non-Standard Content - Extreme Graphic/Explicit Violence
suche deutsche pornos hinrichtungen,Non-Standard Content - Extreme Graphic/Explicit Violence
tschetschenien Hinrichtungen,Non-Standard Content - Extreme Graphic/Explicit Violence
video saudi arabien peitschenhiebe hinrichtungen amputationen video video,Non-Standard Content - Extreme Graphic/Explicit Violence
Video Von Hinrichtungen nach 1945,Non-Standard Content - Extreme Graphic/Explicit Violence
video von hinrichtungen top,Non-Standard Content - Extreme Graphic/Explicit Violence
welt irak islamisten filmen massen hinrichtungen,Non-Standard Content - Extreme Graphic/Explicit Violence
welt weltpolitik aller hinrichtungen in china,Non-Standard Content - Extreme Graphic/Explicit Violence
welt weltweit so viele hinrichtungen wie nie,Non-Standard Content - Extreme Graphic/Explicit Violence
wie viele Hinrichtungen gab es 2015 in Weissrussland,Non-Standard Content - Extreme Graphic/Explicit Violence
wissen mensch nationalsozialismus ehemaliger ss wachmann hanning zeugen im auschwitz prozess hinrichtungen und erschiessungen der ss id,Non-Standard Content - Extreme Graphic/Explicit Violence
www vermummte soldaten bei hinrichtungen com,Non-Standard Content - Extreme Graphic/Explicit Violence
Inhalt des Buches Dann eben mit Gewalt,Non-Standard Content - Extreme Graphic/Explicit Violence
news amnesty international beklagt immer mehr hinrichtungen weltweit n,Non-Standard Content - Extreme Graphic/Explicit Violence
ficken flüchtling,Non-Standard Content - Hate Content
flüchtlinge ficken,Non-Standard Content - Hate Content
flüchtlinge ficken mädchen,Non-Standard Content - Hate Content
forum antworten hass inhalte,Non-Standard Content - Hate Content
forum bearbeiten hass inhalte,Non-Standard Content - Hate Content
forum hass inhalte,Non-Standard Content - Hate Content
die menschen hassen mich,Non-Standard Content - Hate Content
die menschen hasste sie,Non-Standard Content - Hate Content
diese 9 menschen wirst du nach der geburt hassen wunderweib,Non-Standard Content - Hate Content
feuilleton menschen uschi glas bekommt hass mails wegen unterstuetzung fuer fluechtlingspolitik a,Non-Standard Content - Hate Content
forum f uebergewichtige menschen hass normal,Non-Standard Content - Hate Content
frage alle menschen hassen mich und ich hasse alle menschen,Non-Standard Content - Hate Content
frage empfinden psychisch gesunde menschen hass und liebe,Non-Standard Content - Hate Content
frage habe so viel hass fuer einen menschen entwicket dass ich diese person am liebsten umbringen wuerde,Non-Standard Content - Hate Content
frage haben menschen die sich selbst hassen hierfuer gute gruende,Non-Standard Content - Hate Content
frage hass auf fremde menschen ist sowas noch normal,Non-Standard Content - Hate Content
frage hass auf konservative menschen normal,Non-Standard Content - Hate Content
frage hass auf menschen,Non-Standard Content - Hate Content
frage hass auf menschen allgemein,Non-Standard Content - Hate Content
frage kann man einen menschen gleichzeitig lieben hassen oder jmnd hassen den man frueher geliebt hat,Non-Standard Content - Hate Content
frage kann man einen menschen hassen wenn man ihn mal geliebt hat,Non-Standard Content - Hate Content
frage kann man gleichzeitig einen menschen hassen den man auch liebt,Non-Standard Content - Hate Content
frage kann man menschen ohne grund hassen oder verabscheuen,Non-Standard Content - Hate Content
frage kennt ihr das wenn euch eigentlich menschen moegen aber so tun wollen als wuerden sie einem hassen,Non-Standard Content - Hate Content
frage sind menschen die eine oder mehrere personen hassen sehr verletzlich,Non-Standard Content - Hate Content
frage sprueche zu wenn menschen dich grundloss hassen oder haters undso,Non-Standard Content - Hate Content
frage suche lied ueber die welt hass der menschen,Non-Standard Content - Hate Content
frage warum empfinden manche menschen hass fuer etwas was andere menschen lieben,Non-Standard Content - Hate Content
frage warum gibt es leute die einfach schwarze haut menschen hassen warum gibt es ueberhaupt rassisten,Non-Standard Content - Hate Content
frage warum gibt es menschen die die menschhheit im allgemeinen hassen,Non-Standard Content - Hate Content
frage warum gibt es menschen die gottjesus hassen,Non-Standard Content - Hate Content
frage wie kann ich einem menschen meinen hass am besten zeigen,Non-Standard Content - Hate Content
frage wie kann ich einen menschen vergessen und ihn hassen,Non-Standard Content - Hate Content
frage wie kann man aufhoeren einen menschen zu hassen,Non-Standard Content - Hate Content
frage wie kann man einem menschen sein hass zeigen,Non-Standard Content - Hate Content
frage wie kann man tiere lieben aber menschen hassen,Non-Standard Content - Hate Content
frage wie kommt esdass es menschen gibtdie andere menschen hassen,Non-Standard Content - Hate Content
frage wie nennt man einen menschen der gott und den teufel hasst,Non-Standard Content - Hate Content
gwyneth paltrow hasst fette menschen,Non-Standard Content - Hate Content
hass auf andere menschen,Non-Standard Content - Hate Content
hass gegen dumme menschen,Non-Standard Content - Hate Content
hasse arrogante menschen,Non-Standard Content - Hate Content
hasse dicke menschen,Non-Standard Content - Hate Content
hasse menschen die alkohol,Non-Standard Content - Hate Content
ich hasse alte menschen,Non-Standard Content - Hate Content
ich hasse arrogante menschen,Non-Standard Content - Hate Content
ich hasse die meisten menschen,Non-Standard Content - Hate Content
ich hasse die menschen die einen auf scheinheilig tun,Non-Standard Content - Hate Content
kommunikation smalltalk menschen die ihren namen hassen smalltalk ueber kevin,Non-Standard Content - Hate Content
leben diese menschen wirst du nach der geburt hassen a,Non-Standard Content - Hate Content
Manchmal hassen wir den Menschen den wir über alles lieben am meisten weil er der einzige ist der uns verletzen kann,Non-Standard Content - Hate Content
menschen abgrundtief hassen,Non-Standard Content - Hate Content
Menschen die einen ohne Grund hassen,Non-Standard Content - Hate Content
menschen international bernie ecclestone hasst seine schwiegersoehne,Non-Standard Content - Hate Content
Propaganda ist der Versuch durch manipulative Methoden die Öffentlichkeit zu beeinflussen. Hass-Propaganda ist eine Verstärkung sie zielt darauf ab gegen Menschen anderer Kultur Religion oder Herkunft gegen andere Länder oder gegen and,Non-Standard Content - Hate Content
seliina blog entry wor ich hasse hinterhaltige menschen und davon gibts lied,Non-Standard Content - Hate Content
sprüche gegen menschen man hasst,Non-Standard Content - Hate Content
test forwarded du hasst es wenn menschen zu pessimistisch sind denn du bist voller hoffnung und glaubst daran dass negative menschenlugneruberhebliche menschenarrogante menschenfalsche menschendoppelmoral,Non-Standard Content - Hate Content
thread hass gegen behinderte menschen,Non-Standard Content - Hate Content
überall sind menschen ich hasse sie,Non-Standard Content - Hate Content
verbringe deine kostbare zeit nicht damit menschen zu hassen,Non-Standard Content - Hate Content
warum hasse ich jeden menschen,Non-Standard Content - Hate Content
warum hasse ich menschen,Non-Standard Content - Hate Content
warum hassen menschen schwule,Non-Standard Content - Hate Content
Was hasst du am meisten bei einem Menschen,Non-Standard Content - Hate Content
weshalb hasse ich Menschen,Non-Standard Content - Hate Content
Wieso hassen einige Menschen mich,Non-Standard Content - Hate Content
digital microsoft chatbot hitler hatte recht,Non-Standard Content - Hate Content
hatte hitler recht ?,Non-Standard Content - Hate Content
hatte hitler recht was jeder vom judentum wissen,Non-Standard Content - Hate Content
frage ich hasse vorurteile gegenueber muslimen warum sind menschen so unmuendig,Non-Standard Content - Hate Content
deutsche mitglieder isis syrien foltern n,Non-Standard Content - Hate Content
Folter ISIS,Non-Standard Content - Hate Content
news deutsche foltern und morden fuer isis,Non-Standard Content - Hate Content
politik ausland isis terroristen folterte der deutsche isis terrorist bild,Non-Standard Content - Hate Content
welt isis hat neue brutale folter methode,Non-Standard Content - Hate Content
diskussion beitraege franzoesiche muslime foltern grausam und ermorden einen juden,Non-Standard Content - Hate Content
alf nigger affaere rassist,Non-Standard Content - Hate Content
allgemein sogar hier ist ein nigger eingeschmuggelt shitstorm aufgrund von rassismus,Non-Standard Content - Hate Content
anti nigger machine,Non-Standard Content - Hate Content
Bad Nigger,Non-Standard Content - Hate Content
bitches and schitt nigger song,Non-Standard Content - Hate Content
darf ich nigger sagen wir stammen ja von schwarzen ab,Non-Standard Content - Hate Content
deutsche Frau fickt mit nigger,Non-Standard Content - Hate Content
deutsche schlampe fickt mit nigger,Non-Standard Content - Hate Content
Die besten nigger filme,Non-Standard Content - Hate Content
fette nigger,Non-Standard Content - Hate Content
filme der nigger fickt zwei geile muetter,Non-Standard Content - Hate Content
frage hilfe ichj werde in meiner klasse immer als nigger bezeichnet und alle schleischen mich aus,Non-Standard Content - Hate Content
frage ich bin der nigger von nebenan,Non-Standard Content - Hate Content
frage kann man jemanden anzeigen wenn man alls nigger beleidigt wird,Non-Standard Content - Hate Content
frage was passiert wenn man einen weissen als nigger beschimpft,Non-Standard Content - Hate Content
fuck niggers,Non-Standard Content - Hate Content
geile nigger ficken Dich in den Arsch,Non-Standard Content - Hate Content
hate niggers,Non-Standard Content - Hate Content
justin beiber nigger,Non-Standard Content - Hate Content
kanye west rastete aus nachdem kim kardashian nigger lover genannt wurde,Non-Standard Content - Hate Content
kultur gesellschaft rassismus in den usa wer hat die lizenz zum niggern a,Non-Standard Content - Hate Content
Lustige nigger filme,Non-Standard Content - Hate Content
mark fuhrmam nigger,Non-Standard Content - Hate Content
mitglied nigger,Non-Standard Content - Hate Content
monster schwanz nigger is going to rip sex asiatische girl,Non-Standard Content - Hate Content
mr. nigger,Non-Standard Content - Hate Content
nackt nigger,Non-Standard Content - Hate Content
news news neuseeland will nigger aus ortsnamen streichen,Non-Standard Content - Hate Content
nicole kerrigan laurel md fucks niggers,Non-Standard Content - Hate Content
Nigger anal,Non-Standard Content - Hate Content
sport fussball fussball presseschau nigger kanacke und affe,Non-Standard Content - Hate Content
sport fussball rassenhass in der oberliga hooligan hetze nigger bimbo,Non-Standard Content - Hate Content
sport fussball wm rassismus im brasilianischen fussball ihr dreckigen nigger,Non-Standard Content - Hate Content
suche nigger fraun nackt beim ficken,Non-Standard Content - Hate Content
video zuhause ist eine verdammt dicke nigger,Non-Standard Content - Hate Content
videos die nigger haben sich eine schnepfe gefangen,Non-Standard Content - Hate Content
wiki nigger,Non-Standard Content - Hate Content
Wort nigger verboten,Non-Standard Content - Hate Content
news ausland mord rentner an kampfhund verfuettert bild,Non-Standard Content - Hate Content
news schweiz bern fall der erdrosselten rentnerin stefanie maritz polizei bestaetigt mord id,Non-Standard Content - Hate Content
panorama stern crime erster prozesstag rentner entschuldigt sich fuer geplanten mord an zeugen jehovas,Non-Standard Content - Hate Content
regionales id nach tv fahndung rund neue hinweise auf mord an rentner,Non-Standard Content - Hate Content
fluchtlinge scheiss grune,Non-Standard Content - Hate Content
lustige bilder scheiss juden,Non-Standard Content - Hate Content
schwuler beim scheisse fressen,Non-Standard Content - Hate Content
schwuler frisst scheisse,Non-Standard Content - Hate Content
fick mir die geile fotze ist das motto der verfickten asiaten schlampe,Non-Standard Content - Hate Content
Asoziale ausländer,Non-Standard Content - Hate Content
deutsche pornos mit asozialen weiber fotzen,Non-Standard Content - Hate Content
"das Buch wird sich in einem ersten Teil mit der spezifischen Zuschreibung ""asozial"" zu Frauen Jugendlichen und Kindern im deutschen Faschismus beschäftigen.",Non-Standard Content - Hate Content
threads test sind frauen asozial wenn man nett ist,Non-Standard Content - Hate Content
frage warum sind jungs nach einer trennung immer so asozial zu einem,Non-Standard Content - Hate Content
3 Kinder asozial,Non-Standard Content - Hate Content
asoziale bekommen kinder,Non-Standard Content - Hate Content
frage asoziale kinder wieso,Non-Standard Content - Hate Content
sind türken asozial,Non-Standard Content - Hate Content
türken sind asozial,Non-Standard Content - Hate Content
warum sind türken so asozial,Non-Standard Content - Hate Content
dicke behinderte frauen im rollstuhl ficken,Non-Standard Content - Hate Content
hanau brueder grimm stadt er sucht sie suche lustige verrueckte behinderte oder bekloppte frauen ab,Non-Standard Content - Hate Content
frauen sind bekloppt,Non-Standard Content - Hate Content
wie finden maenner bekloppte frauen,Non-Standard Content - Hate Content
bekloppte kinder,Non-Standard Content - Hate Content
beklopptes mädchen,Non-Standard Content - Hate Content
frage warum sind alle huebschen frauen entweder beschissen oder vergeben,Non-Standard Content - Hate Content
diskussion beitraege warum haben neuerdings so viele typen staendig diesen beschissenen schwulen slang,Non-Standard Content - Hate Content
dumme araber(diwduj nsve),Non-Standard Content - Hate Content
Dummes Arschloch,Non-Standard Content - Hate Content
klar ich bin dumm aber dafuer nicht so ein mieses arschloch d d d id,Non-Standard Content - Hate Content
lg berlin s fristlose kuendigung mieter beleidigt vermieter per sms mit dumme kuh und arschloch news,Non-Standard Content - Hate Content
pornofilme donny long bricht kleinen asiatischen arschloch der dumme hure,Non-Standard Content - Hate Content
ausländer alle dumm,Non-Standard Content - Hate Content
ausländer dumm,Non-Standard Content - Hate Content
forum threads ausländer vs dumme rechte ossis,Non-Standard Content - Hate Content
warum sind christen so dumm,Non-Standard Content - Hate Content
der dumme deutsche und der islam,Non-Standard Content - Hate Content
deutsche nichtwähler sind dumm,Non-Standard Content - Hate Content
Deutsche sind dumm,Non-Standard Content - Hate Content
dumme deutsche ficken,Non-Standard Content - Hate Content
frage sind die deutschen echt so dumm xd,Non-Standard Content - Hate Content
sind deutsche dumm,Non-Standard Content - Hate Content
sind die deutschen dumm,Non-Standard Content - Hate Content
steffen henssler dumme deutsche,Non-Standard Content - Hate Content
dumme franzosen,Non-Standard Content - Hate Content
Aber es gibt noch so viele andere dumme Frauen im Netz!,Non-Standard Content - Hate Content
dumme junge frauen gratis,Non-Standard Content - Hate Content
frage dummes verhalten gegenueber frauen,Non-Standard Content - Hate Content
sind frauen dümmer,Non-Standard Content - Hate Content
warum sind jungs dumm,Non-Standard Content - Hate Content
wieso sind jungs so dumm,Non-Standard Content - Hate Content
kinder als dumm bezeichnen,Non-Standard Content - Hate Content
kinder die dumm gucken,Non-Standard Content - Hate Content
kinder jugendbuecher bloede ziege dumme gans isabel abedi,Non-Standard Content - Hate Content
dumme mädchen im internet,Non-Standard Content - Hate Content
dummes mädchen,Non-Standard Content - Hate Content
mp dummes mädchen haut kopf gegen stange,Non-Standard Content - Hate Content
wenn ein mädchen dumm genug ist,Non-Standard Content - Hate Content
adolf hitler dumm gelaufen falsch falscher und am allerfalschesten so doof sind nazis,Non-Standard Content - Hate Content
frage von nazis dumm angemacht,Non-Standard Content - Hate Content
people du hast bestimmt total oft sex dumme dinge die sich schwule staendig anhoeren muessen id,Non-Standard Content - Hate Content
sport schwule spieler muessen sich dumme sprueche anhoeren lesbische nicht,Non-Standard Content - Hate Content
araber sind faul,Non-Standard Content - Hate Content
arbeitsloser fauler freund,Non-Standard Content - Hate Content
frage mutter zu faul und arbeitslos,Non-Standard Content - Hate Content
warum sind frauen faul,Non-Standard Content - Hate Content
Warum sind Jungs fauler als mädchen,Non-Standard Content - Hate Content
ich hasse es unter fremden menschen zu sein,Non-Standard Content - Hate Content
nachricht sexy frauen fotos maenner asozial,Non-Standard Content - Hate Content
frage warum werden familien mit vielen kinder als asozial genannt,Non-Standard Content - Hate Content
Warum sind 3 kinder heute schon asozial,Non-Standard Content - Hate Content
warum sind mädchen so asozial,Non-Standard Content - Hate Content
Araber sind scheisse,Non-Standard Content - Hate Content
scheiss ausländer,Non-Standard Content - Hate Content
gesetz recht scheiss deutsche justiz,Non-Standard Content - Hate Content
news schweiz zentralschweiz mann von wildpinklern verpruegelt sie beschimpften mich als scheiss deutschen id,Non-Standard Content - Hate Content
populärkultur people seth rogen erklärt warum er justin bieber zu recht ein «stück scheisse» genannt hat und deutsche talkshows hasst er auch,Non-Standard Content - Hate Content
Unsere Politik Asylanten sind heilig Deutsche sind Scheisse,Non-Standard Content - Hate Content
ehrenloses stueck scheisse sadiq mit harten worten nach juden statement von fler,Non-Standard Content - Hate Content
scheiss türken,Non-Standard Content - Hate Content
in den mund gespritzt compilation,Non-Standard Content - Pornography
junge braunhaarige in den mund gespritzt,Non-Standard Content - Pornography
junge tochter wird vom vater gefistet gefickt und in den mund gespritzt,Non-Standard Content - Pornography
Mädchen beim blasen in den Mund gespritzt,Non-Standard Content - Pornography
Mama kriegt von jungen Sohn Sperma in den Mund gespritzt,Non-Standard Content - Pornography
Omas Sperma in den Mund gespritzt!,Non-Standard Content - Pornography
pornos für frauen streamen,Non-Standard Content - Pornography
alte schwulenpornos,Non-Standard Content - Pornography
arabische schwulenpornos,Non-Standard Content - Pornography
deutsch schwulenpornos dirty,Non-Standard Content - Pornography
deutsche freie schwulenpornos,Non-Standard Content - Pornography
deutsche schwulenpornos amateure,Non-Standard Content - Pornography
geile Schwulenpornos,Non-Standard Content - Pornography
kostenfreie schwulenpornos,Non-Standard Content - Pornography
kostenlose perverse Schwulenpornos,Non-Standard Content - Pornography
neue schwulenpornos,Non-Standard Content - Pornography
perverse schwulenpornos kostenlos,Non-Standard Content - Pornography
porno ansehen freie schwulenpornos,Non-Standard Content - Pornography
schwulenpornos extrem gratis,Non-Standard Content - Pornography
sexfilm vater schwulenpornos,Non-Standard Content - Pornography
suche ddr schwulenpornos,Non-Standard Content - Pornography
turkische schwulenpornos kostenlos video,Non-Standard Content - Pornography
zärtliche schwulenpornos,Non-Standard Content - Pornography
Sex mit 2 Frauen und sperma schlucken,Non-Standard Content - Pornography
kostenlose ganze sexfilme zum downloaden,Non-Standard Content - Pornography
deutsche anal schlampen vids HD,Non-Standard Content - Pornography
dicke anal schlampen,Non-Standard Content - Pornography
pornoeinfach com anal casting mit tschechischen schlampen,Non-Standard Content - Pornography
schicke autos waschen machen diese anal schlampen so geil,Non-Standard Content - Pornography
sexorgie mit anal teen schlampen,Non-Standard Content - Pornography
sexwurst tv anal schlampen teenes,Non-Standard Content - Pornography
versaute anal schlampen plus 40 HD,Non-Standard Content - Pornography
versaute straßen schlampen anal HD,Non-Standard Content - Pornography
video amerikanische anal schlampen,Non-Standard Content - Pornography
video anal dreier mit zwei schlampen,Non-Standard Content - Pornography
video anale schlampen bumsen in der schule,Non-Standard Content - Pornography
video camping mit zwei teen schlampen anal,Non-Standard Content - Pornography
wasch noblen autos machen diese anal schlampen so geil,Non-Standard Content - Pornography
analverkehr arschficken anal gangbang extrem,Non-Standard Content - Pornography
arschficken analsex extrem pervers,Non-Standard Content - Pornography
arschficken deutsch anal faust extreme,Non-Standard Content - Pornography
das extreme arschfick schmerzen,Non-Standard Content - Pornography
extrem fette alte weiber arschficken und hineinspritzen,Non-Standard Content - Pornography
extrem heftiges arschfick pornocasting,Non-Standard Content - Pornography
extrem perverse arschficks,Non-Standard Content - Pornography
filme extrem perverser harter arschfick,Non-Standard Content - Pornography
free extrem arschficken,Non-Standard Content - Pornography
kostenlospornos deutsch com tiefer arschfick mit der extrem willigen und versauten ruegenschlampe,Non-Standard Content - Pornography
am strand auf die titten gespritzt,Non-Standard Content - Pornography
movies auf die titten gespritzt,Non-Standard Content - Pornography
mutter auf die titten gespritzt,Non-Standard Content - Pornography
alle besamen mich deutsche pornos,Non-Standard Content - Pornography
august 2015 - pornos und deutsche pornofilme kostenlos als porno,Non-Standard Content - Pornography
Bbw Deutsche Amateur pornos Free,Non-Standard Content - Pornography
behaarte teens deutsche pornos flme,Non-Standard Content - Pornography
bisexuelle deutsche heimlich erwischt pornos in super hd,Non-Standard Content - Pornography
blasen pornos grosse sex orgie im deutschen swinger club,Non-Standard Content - Pornography
bukkake fr junge deutsche amateurin pornos,Non-Standard Content - Pornography
busty nerdy deutsches m dchen macht ein sextape im schlafzimmer pornos,Non-Standard Content - Pornography
category deutsche dicke pornos,Non-Standard Content - Pornography
de pornotify com deutsche pornos deutsch mutter,Non-Standard Content - Pornography
de pornotify com deutsche pornos sex in der offentlichkeit dreier mit einem busty madchen,Non-Standard Content - Pornography
der klempner fickt die junge deutsche mit den dicken titten pornos,Non-Standard Content - Pornography
detsche pornos von 1970 1980 auf deutsche sprache,Non-Standard Content - Pornography
dralle deutsche blondinnen pornos,Non-Standard Content - Pornography
dreckigepornosgratis schwarze pornos kostenlose mundfickfilme nur fkktube gangbang geschichten deutsche sexoma,Non-Standard Content - Pornography
dreier deutsche pornos kostenlos,Non-Standard Content - Pornography
Du magst Deutsche Pornos und Pornofilme,Non-Standard Content - Pornography
dumme deutsche weiber pornos gratis,Non-Standard Content - Pornography
entjungfert deutsche pornos fotos,Non-Standard Content - Pornography
erotisch leidenschaftlich längsten deutschen hd pornos,Non-Standard Content - Pornography
erstaunliche deutsche shemale gottin vanessa pornos,Non-Standard Content - Pornography
erste person pornos deutsche,Non-Standard Content - Pornography
erwischt deutsche pornos flme,Non-Standard Content - Pornography
erzwungenen sex freie deutsche pornos,Non-Standard Content - Pornography
femdom natursekt pornos deutsche domina benutzt sklaven,Non-Standard Content - Pornography
femdom natursekt pornos deutsche domina pinkelt ins sklavenmaul,Non-Standard Content - Pornography
femdom natursekt pornos deutsche domina pisst beim dirty talk,Non-Standard Content - Pornography
femdom natursekt pornos deutsche domina pisst kerl ins maul,Non-Standard Content - Pornography
femdom natursekt pornos deutsche femdom erniedrigt ihren sklaven,Non-Standard Content - Pornography
femdom natursekt pornos deutsche femdom nutten und ihre sklavin,Non-Standard Content - Pornography
frage warum gibt es keine deutschen seiten mit kostenlosen pornos,Non-Standard Content - Pornography
freak pornos deutsches bruenettes teenie ist ein echter sex freak,Non-Standard Content - Pornography
freak pornos eine nymphomane deutsche amateurin,Non-Standard Content - Pornography
fun movies enge deutschen amateur wird gefickt pornos,Non-Standard Content - Pornography
gang bang mit neger deutsche pornos,Non-Standard Content - Pornography
german classik retro deutsche kostenlose pornos,Non-Standard Content - Pornography
german oma pornos beste szenen aus deutschen pornos,Non-Standard Content - Pornography
german oma pornos creampie freeporno mit deutscher hausfrau,Non-Standard Content - Pornography
german oma pornos deutsche oma gibt nochmal gas,Non-Standard Content - Pornography
german oma pornos deutsche oma im wohnzimmer gebumst,Non-Standard Content - Pornography
german oma pornos deutsche oma mit haariger fotze gebumst,Non-Standard Content - Pornography
haarige deutsche pornos,Non-Standard Content - Pornography
heise deutsche frauen pornos,Non-Standard Content - Pornography
heisse versaute deutsche pornos,Non-Standard Content - Pornography
Hier erwartet eine riesige Auswahl an Deutsche Frauen Sex Massage Filme Pornos d,Non-Standard Content - Pornography
ich verwöhne zwei schwänz deutsche pornos,Non-Standard Content - Pornography
ins höschen gepinkelt. deutsche pornos in hd,Non-Standard Content - Pornography
insest pornos deutsche sprache,Non-Standard Content - Pornography
jahre alten deutschen teen anal ficken von fremden wenn eltern weg pornos,Non-Standard Content - Pornography
japanisches pornos deutscher fotzen lecker porno,Non-Standard Content - Pornography
jung fickt alt deutsche gratis pornos,Non-Standard Content - Pornography
junge deutsche gays pornos kostenlos,Non-Standard Content - Pornography
kleine penis pornos deutsche,Non-Standard Content - Pornography
kleine titten deutsche pornos,Non-Standard Content - Pornography
kostelos geile deutsche pornos sehen,Non-Standard Content - Pornography
lange deutsche hd pornos,Non-Standard Content - Pornography
lange deutsche inzucht pornos,Non-Standard Content - Pornography
lange deutsche pornos mit handlung,Non-Standard Content - Pornography
lesben spritzen ab deutsche pornos kostenlos,Non-Standard Content - Pornography
lustige deutsche pornos frei,Non-Standard Content - Pornography
mega deutsche pornos web,Non-Standard Content - Pornography
meine schmutzigen deutschen liebhaber sexy kostum anziehen pornos,Non-Standard Content - Pornography
2 deutsche anal schlampen,Non-Standard Content - Pornography
anal casting mit tschechischen schlampen,Non-Standard Content - Pornography
anal creampie threesome schlampen zwei geile junge pussys werden durchgefickt,Non-Standard Content - Pornography
anal ein haus voll geiler schlampen scene,Non-Standard Content - Pornography
anal hahn hungrige asiatische schlampen saugen ficken,Non-Standard Content - Pornography
anal lesben bisexuelle schlampen ficken sich mit umschnalldildo,Non-Standard Content - Pornography
anal liebevolle lesbische schlampen mit analsex,Non-Standard Content - Pornography
arschficken ultimative anal schlampen,Non-Standard Content - Pornography
deutsche anal piss schlampen,Non-Standard Content - Pornography
Deutsche Anal-Schlampen Porno Videos,Non-Standard Content - Pornography
deutsche fette schlampen brutal anal,Non-Standard Content - Pornography
fette schlampen brutal anal,Non-Standard Content - Pornography
fisting sexfilm schlampen fisten und anal penetrieren,Non-Standard Content - Pornography
geile anal schlampen,Non-Standard Content - Pornography
häßliche schlampen anal,Non-Standard Content - Pornography
junge anal schlampen,Non-Standard Content - Pornography
nerd anal schlampen tubes,Non-Standard Content - Pornography
pornofilme hardcore anal sex macht diese schlampen glücklich,Non-Standard Content - Pornography
analverkehr pornos amateur analverkehrporno extrem geiler arschfick zu hause,Non-Standard Content - Pornography
arschfick extrem,Non-Standard Content - Pornography
arschfick extrem fuer den sklaven,Non-Standard Content - Pornography
arschfick porno maechtig dicke titten und extrem heise muttis,Non-Standard Content - Pornography
deutsches mädchen erster arschfick schreit hilfe extrem,Non-Standard Content - Pornography
extrem perverser harter arschfick,Non-Standard Content - Pornography
strap on arschfick extrem fuer dich porno,Non-Standard Content - Pornography
tiefer arschfick mit der extrem willigen und versauten ruegenschlampe,Non-Standard Content - Pornography
auf die titten gespritzt und abgeleckt,Non-Standard Content - Pornography
blonde sau auf die titten gespritzt,Non-Standard Content - Pornography
compilation auf die titten gespritzt,Non-Standard Content - Pornography
german sabine auf die titten gespritzt,Non-Standard Content - Pornography
oldiepornos fetisch oma auf die titten gespritzt,Non-Standard Content - Pornography
oma auf die titten gespritzt,Non-Standard Content - Pornography
video auf die titten gespritzt brutal,Non-Standard Content - Pornography
aktuelle deutsche pornos,Non-Standard Content - Pornography
alle deutschen pornos mit stiefeln und strümpfen,Non-Standard Content - Pornography
alles ueber deutsche inzest pornos,Non-Standard Content - Pornography
ältere deutsche pornos,Non-Standard Content - Pornography
ältere deutsche soft pornos,Non-Standard Content - Pornography
au pair pornos in deutscher Sprache,Non-Standard Content - Pornography
auf der toilette abgefickt deutsche pornos,Non-Standard Content - Pornography
bdsm deutsche pornos ohne anmeldung,Non-Standard Content - Pornography
behaarte deutsche hausfrauen pornos,Non-Standard Content - Pornography
bekannte deutsche pornos,Non-Standard Content - Pornography
beliebte deutsche pornos,Non-Standard Content - Pornography
bellablond bumst besser deutsche pornos,Non-Standard Content - Pornography
Blase mir einen Deutsche Pornos,Non-Standard Content - Pornography
blasen deutsche gratis pornos,Non-Standard Content - Pornography
blasende reife Weiber kostenlose deutsche Pornos ohne Anmeldung,Non-Standard Content - Pornography
video deutsche pornos oma fickt enkel,Non-Standard Content - Pornography
was neues im deutschen sex pornos,Non-Standard Content - Pornography
web deutsche retro pornos,Non-Standard Content - Pornography
wilde deutsche anal milf pornos,Non-Standard Content - Pornography
wilde deutsche babe bekommt doggystyle pornos,Non-Standard Content - Pornography
zeige mir deutsche pornos,Non-Standard Content - Pornography
zu haus gedrehte deutsche pornos,Non-Standard Content - Pornography
blowjobs die besten gratis anschauen auf hd,Non-Standard Content - Pornography
pornofilme die weltweit besten blowjobs,Non-Standard Content - Pornography
rentnersex deluxe omas sind die geilsten schlampen,Non-Standard Content - Pornography
video mallorca schlampen sind die geilsten,Non-Standard Content - Pornography
Alt und Jung bei Gruppensex,Non-Standard Content - Pornography
alte damen im gruppensex videos,Non-Standard Content - Pornography
alte deutsche omas beim gruppensex in hd,Non-Standard Content - Pornography
das erste mal beim gruppensex,Non-Standard Content - Pornography
erotische geschichten stiefvater gruppensex,Non-Standard Content - Pornography
fetisch transenporno schwanz reiten beim gruppensex mit transen,Non-Standard Content - Pornography
german gruppensex kostenlos,Non-Standard Content - Pornography
german porn gruppensex,Non-Standard Content - Pornography
haarige omas beim gruppensex,Non-Standard Content - Pornography
haarige teens haariger lesben gruppensex,Non-Standard Content - Pornography
heisse maedels lieben geilen gruppensex,Non-Standard Content - Pornography
kostenfreie sexfilme mütter verführen ihre söhne zum gruppensex,Non-Standard Content - Pornography
lesben fotze gruppensex,Non-Standard Content - Pornography
lesben fotzen dildo gruppensex,Non-Standard Content - Pornography
lesben gangbang pornos amateur lesben ficken beim gruppensex,Non-Standard Content - Pornography
lesben gangbang pornos lesben gruppensex party,Non-Standard Content - Pornography
zierliche thai im gruppensex kostenlos,Non-Standard Content - Pornography
hardcorepornos bis sie weinen,Non-Standard Content - Pornography
kostenlose lange hd pornos zum downloaden,Non-Standard Content - Pornography
schwarzer mann zwei weisse frauen hd pornos download our hd porn videos,Non-Standard Content - Pornography
teen porno deutschsprachige pornos in hd zum kostenlosen downloaden,Non-Standard Content - Pornography
alles in den mund gespritzt,Non-Standard Content - Pornography
auf Toilette in den Mund gespritzt Video,Non-Standard Content - Pornography
beim rudelbumsen in den mund gespritzt,Non-Standard Content - Pornography
blowjob in den mund gespritzt,Non-Standard Content - Pornography
erste mal in den mund gespritzt,Non-Standard Content - Pornography
fickorgien mutti in den mund gespritzt videos,Non-Standard Content - Pornography
fickorgien oma in den mund gespritzt,Non-Standard Content - Pornography
aprilscherz 2015 medien,Non-Standard Content - Unmoderated UGC
Aprilscherze in den Medien öffentlich,Non-Standard Content - Unmoderated UGC
Video Schlägerei,Non-Standard Content - Unmoderated UGC
Video Schlägereien,Non-Standard Content - Unmoderated UGC
Video Mobbing,Non-Standard Content - Unmoderated UGC
Video gemobbt,Non-Standard Content - Unmoderated UGC
Video gemobbtes,Non-Standard Content - Unmoderated UGC
Video verprügeln,Non-Standard Content - Unmoderated UGC
Video verprügelt,Non-Standard Content - Unmoderated UGC
Video hänselei,Non-Standard Content - Unmoderated UGC
Video erniedrigt,Non-Standard Content - Unmoderated UGC
Video erniedrigen,Non-Standard Content - Unmoderated UGC
Video erniedrigung,Non-Standard Content - Unmoderated UGC
Video Hinrichtung,Non-Standard Content - Unmoderated UGC
Video Enthauptung,Non-Standard Content - Unmoderated UGC
Video Exekution,Non-Standard Content - Unmoderated UGC
Video Schulhhofschlägerei,Non-Standard Content - Unmoderated UGC
Videos Schlägerei,Non-Standard Content - Unmoderated UGC
Videos Schlägereien,Non-Standard Content - Unmoderated UGC
Videos Mobbing,Non-Standard Content - Unmoderated UGC
Videos gemobbt,Non-Standard Content - Unmoderated UGC
Videos gemobbtes,Non-Standard Content - Unmoderated UGC
Videos verprügeln,Non-Standard Content - Unmoderated UGC
Videos verprügelt,Non-Standard Content - Unmoderated UGC
Videos hänselei,Non-Standard Content - Unmoderated UGC
Videos erniedrigt,Non-Standard Content - Unmoderated UGC
Videos erniedrigen,Non-Standard Content - Unmoderated UGC
Videos erniedrigung,Non-Standard Content - Unmoderated UGC
Videos Hinrichtung,Non-Standard Content - Unmoderated UGC
Videos Enthauptung,Non-Standard Content - Unmoderated UGC
Videos Exekution,Non-Standard Content - Unmoderated UGC
Videos Schulhhofschlägerei,Non-Standard Content - Unmoderated UGC
Bilder Schlägerei,Non-Standard Content - Unmoderated UGC
Bilder Schlägereien,Non-Standard Content - Unmoderated UGC
Bilder Mobbing,Non-Standard Content - Unmoderated UGC
Bilder gemobbt,Non-Standard Content - Unmoderated UGC
Bilder gemobbtes,Non-Standard Content - Unmoderated UGC
Bilder verprügeln,Non-Standard Content - Unmoderated UGC
Bilder verprügelt,Non-Standard Content - Unmoderated UGC
Bilder hänselei,Non-Standard Content - Unmoderated UGC
Bilder erniedrigt,Non-Standard Content - Unmoderated UGC
Bilder erniedrigen,Non-Standard Content - Unmoderated UGC
Bilder erniedrigung,Non-Standard Content - Unmoderated UGC
Bilder Hinrichtung,Non-Standard Content - Unmoderated UGC
Bilder Enthauptung,Non-Standard Content - Unmoderated UGC
Bilder Exekution,Non-Standard Content - Unmoderated UGC
Bilder Schulhhofschlägerei,Non-Standard Content - Unmoderated UGC
Bild Schlägerei,Non-Standard Content - Unmoderated UGC
Bild Schlägereien,Non-Standard Content - Unmoderated UGC
Bild Mobbing,Non-Standard Content - Unmoderated UGC
Bild gemobbt,Non-Standard Content - Unmoderated UGC
Bild gemobbtes,Non-Standard Content - Unmoderated UGC
Bild verprügeln,Non-Standard Content - Unmoderated UGC
Bild verprügelt,Non-Standard Content - Unmoderated UGC
Bild hänselei,Non-Standard Content - Unmoderated UGC
Bild erniedrigt,Non-Standard Content - Unmoderated UGC
Bild erniedrigen,Non-Standard Content - Unmoderated UGC
Bild erniedrigung,Non-Standard Content - Unmoderated UGC
Bild Hinrichtung,Non-Standard Content - Unmoderated UGC
Bild Enthauptung,Non-Standard Content - Unmoderated UGC
Bild Exekution,Non-Standard Content - Unmoderated UGC
Bild Schulhhofschlägerei,Non-Standard Content - Unmoderated UGC
Handyaufnahme Schlägerei,Non-Standard Content - Unmoderated UGC
Handyaufnahme Schlägereien,Non-Standard Content - Unmoderated UGC
Handyaufnahme Mobbing,Non-Standard Content - Unmoderated UGC
Handyaufnahme gemobbt,Non-Standard Content - Unmoderated UGC
Handyaufnahme gemobbtes,Non-Standard Content - Unmoderated UGC
Handyaufnahme verprügeln,Non-Standard Content - Unmoderated UGC
Handyaufnahme verprügelt,Non-Standard Content - Unmoderated UGC
Handyaufnahme hänselei,Non-Standard Content - Unmoderated UGC
Handyaufnahme erniedrigt,Non-Standard Content - Unmoderated UGC
Handyaufnahme erniedrigen,Non-Standard Content - Unmoderated UGC
Handyaufnahme erniedrigung,Non-Standard Content - Unmoderated UGC
Handyaufnahme Hinrichtung,Non-Standard Content - Unmoderated UGC
Handyaufnahme Enthauptung,Non-Standard Content - Unmoderated UGC
Handyaufnahme Exekution,Non-Standard Content - Unmoderated UGC
Handyaufnahme Schulhhofschlägerei,Non-Standard Content - Unmoderated UGC
Handyaufnahmen Schlägerei,Non-Standard Content - Unmoderated UGC
Handyaufnahmen Schlägereien,Non-Standard Content - Unmoderated UGC
Handyaufnahmen Mobbing,Non-Standard Content - Unmoderated UGC
Handyaufnahmen gemobbt,Non-Standard Content - Unmoderated UGC
Handyaufnahmen gemobbtes,Non-Standard Content - Unmoderated UGC
Handyaufnahmen verprügeln,Non-Standard Content - Unmoderated UGC
Handyaufnahmen verprügelt,Non-Standard Content - Unmoderated UGC
Handyaufnahmen hänselei,Non-Standard Content - Unmoderated UGC
Handyaufnahmen erniedrigt,Non-Standard Content - Unmoderated UGC
Handyaufnahmen erniedrigen,Non-Standard Content - Unmoderated UGC
Handyaufnahmen erniedrigung,Non-Standard Content - Unmoderated UGC
Handyaufnahmen Hinrichtung,Non-Standard Content - Unmoderated UGC
Handyaufnahmen Enthauptung,Non-Standard Content - Unmoderated UGC
Handyaufnahmen Exekution,Non-Standard Content - Unmoderated UGC
Handyaufnahmen Schulhhofschlägerei,Non-Standard Content - Unmoderated UGC
Videoaufnahme Schlägerei,Non-Standard Content - Unmoderated UGC
Videoaufnahme Schlägereien,Non-Standard Content - Unmoderated UGC
Videoaufnahme Mobbing,Non-Standard Content - Unmoderated UGC
Videoaufnahme gemobbt,Non-Standard Content - Unmoderated UGC
Videoaufnahme gemobbtes,Non-Standard Content - Unmoderated UGC
Videoaufnahme verprügeln,Non-Standard Content - Unmoderated UGC
Videoaufnahme verprügelt,Non-Standard Content - Unmoderated UGC
Videoaufnahme hänselei,Non-Standard Content - Unmoderated UGC
Videoaufnahme erniedrigt,Non-Standard Content - Unmoderated UGC
Videoaufnahme erniedrigen,Non-Standard Content - Unmoderated UGC
Videoaufnahme erniedrigung,Non-Standard Content - Unmoderated UGC
Videoaufnahme Hinrichtung,Non-Standard Content - Unmoderated UGC
Videoaufnahme Enthauptung,Non-Standard Content - Unmoderated UGC
Videoaufnahme Exekution,Non-Standard Content - Unmoderated UGC
Videoaufnahme Schulhhofschlägerei,Non-Standard Content - Unmoderated UGC
Videoaufnahmen Schlägerei,Non-Standard Content - Unmoderated UGC
Videoaufnahmen Schlägereien,Non-Standard Content - Unmoderated UGC
Videoaufnahmen Mobbing,Non-Standard Content - Unmoderated UGC
Videoaufnahmen gemobbt,Non-Standard Content - Unmoderated UGC
Videoaufnahmen gemobbtes,Non-Standard Content - Unmoderated UGC
Videoaufnahmen verprügeln,Non-Standard Content - Unmoderated UGC
Videoaufnahmen verprügelt,Non-Standard Content - Unmoderated UGC
Videoaufnahmen hänselei,Non-Standard Content - Unmoderated UGC
Videoaufnahmen erniedrigt,Non-Standard Content - Unmoderated UGC
Videoaufnahmen erniedrigen,Non-Standard Content - Unmoderated UGC
Videoaufnahmen erniedrigung,Non-Standard Content - Unmoderated UGC
Videoaufnahmen Hinrichtung,Non-Standard Content - Unmoderated UGC
Videoaufnahmen Enthauptung,Non-Standard Content - Unmoderated UGC
Videoaufnahmen Exekution,Non-Standard Content - Unmoderated UGC
Videoaufnahmen Schulhhofschlägerei,Non-Standard Content - Unmoderated UGC
Youtube Schlägerei,Non-Standard Content - Unmoderated UGC
Youtube Schlägereien,Non-Standard Content - Unmoderated UGC
Youtube Mobbing,Non-Standard Content - Unmoderated UGC
Youtube gemobbt,Non-Standard Content - Unmoderated UGC
Youtube gemobbtes,Non-Standard Content - Unmoderated UGC
Youtube verprügeln,Non-Standard Content - Unmoderated UGC
Youtube verprügelt,Non-Standard Content - Unmoderated UGC
Youtube hänselei,Non-Standard Content - Unmoderated UGC
Youtube erniedrigt,Non-Standard Content - Unmoderated UGC
Youtube erniedrigen,Non-Standard Content - Unmoderated UGC
Youtube erniedrigung,Non-Standard Content - Unmoderated UGC
Youtube Hinrichtung,Non-Standard Content - Unmoderated UGC
Youtube Enthauptung,Non-Standard Content - Unmoderated UGC
Youtube Exekution,Non-Standard Content - Unmoderated UGC
Youtube Schulhhofschlägerei,Non-Standard Content - Unmoderated UGC
hochgeladen Schlägerei,Non-Standard Content - Unmoderated UGC
hochgeladen Schlägereien,Non-Standard Content - Unmoderated UGC
hochgeladen Mobbing,Non-Standard Content - Unmoderated UGC
hochgeladen gemobbt,Non-Standard Content - Unmoderated UGC
hochgeladen gemobbtes,Non-Standard Content - Unmoderated UGC
hochgeladen verprügeln,Non-Standard Content - Unmoderated UGC
hochgeladen verprügelt,Non-Standard Content - Unmoderated UGC
hochgeladen hänselei,Non-Standard Content - Unmoderated UGC
hochgeladen erniedrigt,Non-Standard Content - Unmoderated UGC
hochgeladen erniedrigen,Non-Standard Content - Unmoderated UGC
hochgeladen erniedrigung,Non-Standard Content - Unmoderated UGC
hochgeladen Hinrichtung,Non-Standard Content - Unmoderated UGC
hochgeladen Enthauptung,Non-Standard Content - Unmoderated UGC
hochgeladen Exekution,Non-Standard Content - Unmoderated UGC
hochgeladen Schulhhofschlägerei,Non-Standard Content - Unmoderated UGC
archiv massiv schlagerei konzert in duisburgrheinhausen video stellungnahme schlagerei massiv ruhrpott,Non-Standard Content - Unmoderated UGC
blokkmonsta staiger schlägerei video,Non-Standard Content - Unmoderated UGC
Brutale Schlägerei Video top,Non-Standard Content - Unmoderated UGC
hiermit wollen fans nun beweisen dass die booba schlagerei ein fake ist video,Non-Standard Content - Unmoderated UGC
la fouine zeigt hier nun das unzensierte video der schlagerei mi booba video,Non-Standard Content - Unmoderated UGC
neu video aufgetaucht von schlagerei nach boxkampf toony vs bero bass,Non-Standard Content - Unmoderated UGC
schlägerei heidenheim Video,Non-Standard Content - Unmoderated UGC
Schlägerei Video,Non-Standard Content - Unmoderated UGC
Schlägerei Video brutal,Non-Standard Content - Unmoderated UGC
schlägereien kostenlos videos,Non-Standard Content - Unmoderated UGC
video Schlägerei heidenheim,Non-Standard Content - Unmoderated UGC
video schlägerei heidenheim rocker,Non-Standard Content - Unmoderated UGC
video xhk brutal schlagerei bei robbie williams konzert people,Non-Standard Content - Unmoderated UGC
videos tyga und kylie in schlagerei verwickelt video,Non-Standard Content - Unmoderated UGC
de de nachrichten video trump gegener bei einer wahlveranstaltung verprügelt vi bbqgkpl,Non-Standard Content - Unmoderated UGC
video mädchen verprügelt junge schule,Non-Standard Content - Unmoderated UGC
video xbflc vor den augen seiner kinder mann verprugelt fahrgast fun,Non-Standard Content - Unmoderated UGC
video xdco brutal frau verprugelt fusgangerin fun,Non-Standard Content - Unmoderated UGC
erniedrigen schlagen genagelten gefolterten youtube,Non-Standard Content - Unmoderated UGC
frage werde in der schule gemobbt wegen youtube,Non-Standard Content - Unmoderated UGC
wegen youtube gemobbt mittschüler,Non-Standard Content - Unmoderated UGC
8 Youtube hinrichtungen,Non-Standard Content - Unmoderated UGC
frage suche traurigendramatischen deutschen film mobbing selbstverletzung depression usw den man auf youtube sehen kann,Non-Standard Content - Unmoderated UGC
frage youtube macht nichts mobbing,Non-Standard Content - Unmoderated UGC
youtube/eishockey schlägerei john tripp,Non-Standard Content - Unmoderated UGC
forum threads mädchen für youtube video verprügelt page,Non-Standard Content - Unmoderated UGC
frage tochter wird online gemobbt und video von ihr bei youtube,Non-Standard Content - Unmoderated UGC
tv weitere videos unterhaltung id sophia wollersheim wird von djs gemobbt,Non-Standard Content - Unmoderated UGC
frage meinung zu anti mobbing video,Non-Standard Content - Unmoderated UGC
frage mobbing video klaessler wird im bus geschlagen und beleidigt schulleiterin unternimmt nichts,Non-Standard Content - Unmoderated UGC
frage mobbing youtube videos wie kann ich diese entfernen lassen an wen muss ich mich wenden,Non-Standard Content - Unmoderated UGC
netzwelt web facebook jaehriger sammelt millionen klicks mit anti mobbing video a,Non-Standard Content - Unmoderated UGC
news toedliches cyber mobbing teenager begeht wegen video suizid,Non-Standard Content - Unmoderated UGC
schueler dreht trauriges anti mobbing video,Non-Standard Content - Unmoderated UGC
videos mobbing erfahrungen von gehorlosen qevyts,Non-Standard Content - Unmoderated UGC
Die besten Mobbingvideos,Non-Standard Content - Unmoderated UGC
Video wo leute verprügelt werden,Non-Standard Content - Unmoderated UGC
Bully verprügelt nerd video,Non-Standard Content - Unmoderated UGC
Video gequält und verprügelt,Non-Standard Content - Unmoderated UGC
Video Fettsack wird von Mitschülern verprügelt,Non-Standard Content - Unmoderated UGC
Youtube videos mobbing,Non-Standard Content - Unmoderated UGC
die besten moobing videos auf youtube,Non-Standard Content - Unmoderated UGC
mobbing wird gefilmt und auf youtube veröffentlicht,Non-Standard Content - Unmoderated UGC
Krankes Mobbing auf Youtube,Non-Standard Content - Unmoderated UGC
Kann man menschen mit Haushaltsmitteln betäuben,Non-Standard Content - Incentivized
freundin zum sex mit anderen zwingen,Non-Standard Content - Incentivized
freundin zum sex zwingen,Non-Standard Content - Incentivized
frage kann man jemanden dazu zwingen etwas zu tun wenn man ihn die ganze nacht waehrend er schlaeft etwas sagt zu tun wird er es auch machen in den filmen funktioniert,Non-Standard Content - Incentivized
foren eltern raten eltern neu kinder zu etwas zwingen,Non-Standard Content - Incentivized
frage darf man sein kind zu etwas zwingen,Non-Standard Content - Incentivized
a ko tropfen wirt gericht,Non-Standard Content - Incentivized
a wien raub ko tropfen,Non-Standard Content - Incentivized
achtung ko tropfen von allen sinnen verlassen,Non-Standard Content - Incentivized
alkoholintoxikation und ko tropfen,Non-Standard Content - Incentivized
artikel ko tropfen die gefahr aus dem nichts,Non-Standard Content - Incentivized
asyndetische ko tropfen nachweisen,Non-Standard Content - Incentivized
augentropfen als ko tropfen,Non-Standard Content - Incentivized
auswirkung von ko tropfen aggressiv,Non-Standard Content - Incentivized
dosierung ko tropfen,Non-Standard Content - Incentivized
erhaltliche ko tropfen,Non-Standard Content - Incentivized
erinnert man sich nach ko tropfen an sex,Non-Standard Content - Incentivized
fanfiction ko tropfen bei schwester,Non-Standard Content - Incentivized
felgenreiniger als ko tropfen,Non-Standard Content - Incentivized
frage bei verdacht auf ko tropfen zur polizei,Non-Standard Content - Incentivized
frage die nachfolgen von ko tropfen,Non-Standard Content - Incentivized
frage disco droge ko tropfen quadroplex ko distropfen ist das sowas,Non-Standard Content - Incentivized
frage erfahrung mit ko tropfen ko tropfen,Non-Standard Content - Incentivized
frage erinnerungen nach ko tropfen,Non-Standard Content - Incentivized
frage gibt es eine moeglichkeit ko tropfen zu erkennen,Non-Standard Content - Incentivized
frage grosse angst vor ko tropfen hiv vergewaltigung,Non-Standard Content - Incentivized
frage kann ich bei blossem verdacht auf verabreichung von ko tropfen und missbrauch ohne es beweisen zu koennen rechtliche bzw polizeiliche hilfe bekommen,Non-Standard Content - Incentivized
frage kennt jemand die disco boa in stuttgart hat jemand dort erfahrung mit ko tropfen gemacht,Non-Standard Content - Incentivized
frage ko tropfen,Non-Standard Content - Incentivized
frage sind ko tropfen ein betaeubungsmittel,Non-Standard Content - Incentivized
frage sind ko tropfen legal,Non-Standard Content - Incentivized
frage sprechen meine symptome fuer ko tropfen oder aehnlichesdrogen,Non-Standard Content - Incentivized
frage verdacht auf ko tropfen liquid extasy muss ich zum arzt,Non-Standard Content - Incentivized
frage vergewaltigt mit ko tropfen,Non-Standard Content - Incentivized
frage wie merkt man ob man ko tropfen bekommen hat,Non-Standard Content - Incentivized
frage wie zeigt sich die wirkung von ko tropfen,Non-Standard Content - Incentivized
frage wieso kann man ko tropfen im internet kaufen,Non-Standard Content - Incentivized
fuck ko tropfen,Non-Standard Content - Incentivized
gayporn mit ko tropfen,Non-Standard Content - Incentivized
gefickt mit ko tropfen,Non-Standard Content - Incentivized
gesundheit ko tropfen was tun im fall des falles,Non-Standard Content - Incentivized
ghb ko tropfen,Non-Standard Content - Incentivized
hundewelpen einige tropfen blut im kot,Non-Standard Content - Incentivized
illegale ko tropfen nachweisen wie lange,Non-Standard Content - Incentivized
im schlaf gefickt auf ko tropfen,Non-Standard Content - Incentivized
ko tropfen bestellen,Non-Standard Content - Incentivized
begrifferklärung mobbing für kinder,Non-Standard Content - Incentivized
definition für kinder mobbing,Non-Standard Content - Incentivized
welche psychotherapie für mobbing opfer bei kindern,Non-Standard Content - Incentivized
frage wie bekommen ich jemanden dazu tef zu schlafen,Non-Standard Content - Incentivized
threads wie bekomme ich jemanden dazu mit mir zu schlafen,Non-Standard Content - Incentivized
frage wie kann ich jemanden manipulieren,Non-Standard Content - Incentivized
wie manipuliere ich jemanden,Non-Standard Content - Incentivized
russische blonde zum sex gezwungen,Non-Standard Content - Incentivized
scheue asiatische frau wird zum sex gezwungen,Non-Standard Content - Incentivized
schlafendes teen zum sex gezwungen,Non-Standard Content - Incentivized
schülerin wird zum sex gezwungen,Non-Standard Content - Incentivized
schulmädchen zum sex gezwungen web,Non-Standard Content - Incentivized
schwester zum sex gezwungen flme,Non-Standard Content - Incentivized
Sehr Jung zum sex gezwungen,Non-Standard Content - Incentivized
sekretarin zum sex gezwungen,Non-Standard Content - Incentivized
sex filme bruder schwester zum sex gezwungen,Non-Standard Content - Incentivized
sex filme kostenlos ansehen wo frauen zum sex gezwungen werden,Non-Standard Content - Incentivized
sex stories von teen zum sex gezwungen,Non-Standard Content - Incentivized
sex video milf zum gezwungen,Non-Standard Content - Incentivized
stieftochter wird vom stiefvater zum sex gezwungen,Non-Standard Content - Incentivized
storys nachbarinnen zum sex gezwungen,Non-Standard Content - Incentivized
studentin im zimmer zum sex gezwungen,Non-Standard Content - Incentivized
suche frau zum sex gezwungen,Non-Standard Content - Incentivized
suche free sex mom gezwungen zum sex,Non-Standard Content - Incentivized
suche von meienem vater zum sex gezwungen,Non-Standard Content - Incentivized
suche wurde zum sex gezwungen,Non-Standard Content - Incentivized
suche zum sex gezwungen vom chef,Non-Standard Content - Incentivized
teen entführt und zum sex gezwungen porno,Non-Standard Content - Incentivized
teen porno asiatin wird zum sex mit hund gezwungen,Non-Standard Content - Incentivized
teen porno diebin zum sex gezwungen,Non-Standard Content - Incentivized
teen porno frau imzug zum sex gezwungen,Non-Standard Content - Incentivized
teen porno frau wird zum sex mit pferd gezwungen,Non-Standard Content - Incentivized
teen porno gangbang frau wird zum sex gezwungen videos,Non-Standard Content - Incentivized
teen porno kostenlos pornos mutter zum sex gezwungen,Non-Standard Content - Incentivized
tinis zum sex gezwungen,Non-Standard Content - Incentivized
tochter gezwungen zum anal sex,Non-Standard Content - Incentivized
vid zum sex gezwungen porn,Non-Standard Content - Incentivized
video alexis texas zum sex gezwungen,Non-Standard Content - Incentivized
video bedroht durch waffe und zum sex gezwungen,Non-Standard Content - Incentivized
video ehefrau zum sex gezwungen grupen sex hartkor filme,Non-Standard Content - Incentivized
video entfuhrte frau zum sex gezwungen,Non-Standard Content - Incentivized
video frau gezwungen zum sex mit gefangnis warter um hilfe ihres mannes,Non-Standard Content - Incentivized
web schulmädchen zum sex gezwungen,Non-Standard Content - Incentivized
wegen schulden zum sex gezwungen,Non-Standard Content - Incentivized
werde zum sex gezwungen,Non-Standard Content - Incentivized
wie heien pornos wo frauen zum sex gezwungen werden,Non-Standard Content - Incentivized
www lesben gezwungen zum sex gratis porno de,Non-Standard Content - Incentivized
www mom zum sex gezwungen,Non-Standard Content - Incentivized
www papalficken xyz asia zum sex gezwungen free,Non-Standard Content - Incentivized
www papalficken xyz deutsche mom zum sex gezwungen flme,Non-Standard Content - Incentivized
www papalficken xyz ehefrau zum sex gezwungen video gratis,Non-Standard Content - Incentivized
www papalficken xyz kostenlos schlampen zum sex gezwungen,Non-Standard Content - Incentivized
zum bi sex gezwungen,Non-Standard Content - Incentivized
zum bi sex gezwungen deutsch porno,Non-Standard Content - Incentivized
zum lesben sex gezwungen,Non-Standard Content - Incentivized
zum lesben sex gezwungen videos,Non-Standard Content - Incentivized
zum schwulen sex gezwungen geschichten,Non-Standard Content - Incentivized
artikel zwangsprostitution erst die kunden schaffen den markt,Non-Standard Content - Incentivized
artikel zwangsprostitution im paradise,Non-Standard Content - Incentivized
frage kennt jemand den total komischen film ueber zwangsprostitution,Non-Standard Content - Incentivized
frage suche einen film ueber zwangsprostitution,Non-Standard Content - Incentivized
hintergruende europa uzay bulut tuerkei das geschaeft mit dem schmuggel von fluechtlingen und zwangsprostitution,Non-Standard Content - Incentivized
ist pauschalclub zwangsprostitution,Non-Standard Content - Incentivized
mehr zu dem thema zwangsprostitution,Non-Standard Content - Incentivized
news kabinett beschliesst strafen fuer zwangsprostitution n,Non-Standard Content - Incentivized
politik deutschland bundesregierung will haerter gegen zwangsprostitution vorgehen,Non-Standard Content - Incentivized
politik deutschland kabinett beschliesst freierbestrafung bei zwangsprostitution,Non-Standard Content - Incentivized
politik deutschland kabinett beschliesst strafen fuer zwangsprostitution,Non-Standard Content - Incentivized
politik deutschland zwangsprostitution freier werden kuenftig bestraft,Non-Standard Content - Incentivized
rede zum thema zwangsprostitution,Non-Standard Content - Incentivized
wie erkennt man zwangsprostitution,Non-Standard Content - Incentivized
zwangsprostitution deutschland,Non-Standard Content - Incentivized
zwangsprostitution geschaeft opfer,Non-Standard Content - Incentivized
aktuelles tipp mobbing was sie tun k nnen wenn kollegen gemobbt werden,Non-Standard Content - Incentivized
artikel werden sie geneckt oder eher gemobbt,Non-Standard Content - Incentivized
betriebsräte die gemobbt werden,Non-Standard Content - Incentivized
das könnte ein weiterer grund sein um gemobbt zu werden,Non-Standard Content - Incentivized
dieter wollny meine kinder werden auf dem schulhof gemobbt,Non-Standard Content - Incentivized
diskussion beitraege endlich weiss ich warum ossis hier immer so verspottet und gemobbt werden,Non-Standard Content - Incentivized
frage angst wegen meiner neuen brille gemobbt zu werden,Non-Standard Content - Incentivized
frage gemobbt werden hinter meinem ruecken,Non-Standard Content - Incentivized
frage ich habe angst wieder gemobbt zu werden,Non-Standard Content - Incentivized
frage kann man angezeigt werden wenn man jemanden auf skype gemobbt hat,Non-Standard Content - Incentivized
frage kann man wegen gutem aussehen gemobbt werden,Non-Standard Content - Incentivized
frage warum werden aussenseiter gemobbt,Non-Standard Content - Incentivized
frage warum werden dicke menschen gemobbt,Non-Standard Content - Incentivized
frage warum werden dickere leute so fies gemobbt,Non-Standard Content - Incentivized
frage warum werden kevins gemobbt,Non-Standard Content - Incentivized
frage wieso werden dicke jungs gemobbt,Non-Standard Content - Incentivized
frage wieso werden leute gemobbt wenn sie schuechtern wirken,Non-Standard Content - Incentivized
grünleger werden gemobbt,Non-Standard Content - Incentivized
hässliche menschen werden gemobbt,Non-Standard Content - Incentivized
Ich will von einem Mädchen gemobbt werden,Non-Standard Content - Incentivized
leider werden viele Schüler in der Schule gemobbt,Non-Standard Content - Incentivized
Man kann gemobbt werden,Non-Standard Content - Incentivized
tf wenn kinder jugendliche gemobbt werden,Non-Standard Content - Incentivized
von jüngeren gemobbt werden,Non-Standard Content - Incentivized
Warum werden bisexuelle gemobbt,Non-Standard Content - Incentivized
Warum werden kevins gemobbt,Non-Standard Content - Incentivized
warum werden rothaarige gemobbt,Non-Standard Content - Incentivized
wieso werden dicke menschen gemobbt,Non-Standard Content - Incentivized
14jarige mädchen zum sex gezwungen kostenlose Deutsch pornofilme,Non-Standard Content - Incentivized
2 italienische tittenschlampe zum sex gezwungen,Non-Standard Content - Incentivized
adam sucht eva kandidaten zum sex gezwungen,Non-Standard Content - Incentivized
alte hausfrau zum sex gezwungen,Non-Standard Content - Incentivized
amateur oma alte schachtel zum sex gezwungen,Non-Standard Content - Incentivized
anhalterin zum sex gezwungen pornofilme video,Non-Standard Content - Incentivized
asiaten zum sex gezwungen,Non-Standard Content - Incentivized
asiatin wird gebunden und zum sex gezwungen,Non-Standard Content - Incentivized
aufreger gattin zum sex mit maennern gezwungen,Non-Standard Content - Incentivized
aufreger teenager zum sex mit seiner mutter gezwungen,Non-Standard Content - Incentivized
Babysitter gezwungen zum sex,Non-Standard Content - Incentivized
babysitter zum sex gezwungen kostenlose ponos,Non-Standard Content - Incentivized
babysitterin wird gezwungen zum sex porno video,Non-Standard Content - Incentivized
BDSM entfuehrt zum Sex gezwungen pornofilm,Non-Standard Content - Incentivized
bedroht durch waffe und zum sex gezwungen,Non-Standard Content - Incentivized
behaarte oma schlampe zum gangbang granny sex gezwungen,Non-Standard Content - Incentivized
behaarte zum sex gezwungen,Non-Standard Content - Incentivized
berlin er sucht sie du willst zum sex gezwungen werden recordid cf expose,Non-Standard Content - Incentivized
blondine zum sex gezwungen,Non-Standard Content - Incentivized
brutal gezwungen zum sex geschichten,Non-Standard Content - Incentivized
brutal zum sex gezwungen,Non-Standard Content - Incentivized
brutal zum sex gezwungen video,Non-Standard Content - Incentivized
daughter zum sex gezwungen,Non-Standard Content - Incentivized
deutsche frau zum sex gezwungen,Non-Standard Content - Incentivized
deutsche frauen zum sex gezwungen porno,Non-Standard Content - Incentivized
deutsche mutter zum sex gezwungen,Non-Standard Content - Incentivized
deutsche sexvideos frauen m nner zum sex gezwungen,Non-Standard Content - Incentivized
Deutsche zum sex gezwungen,Non-Standard Content - Incentivized
durch alkohol zum sex gezwungen,Non-Standard Content - Incentivized
ehefrau zum sex gezwungen,Non-Standard Content - Incentivized
ehefrau zum sex gezwungen porno,Non-Standard Content - Incentivized
entfuehrte frau zum sex gezwungen,Non-Standard Content - Incentivized
entführ und zum sex gezwungen,Non-Standard Content - Incentivized
erotische am arbeitsplatz spielschtig zum sex gezwungen teil,Non-Standard Content - Incentivized
extremjunge maedchen zum sex gezwungen x,Non-Standard Content - Incentivized
filme entfuhrte frau zum sex gezwungen,Non-Standard Content - Incentivized
filme gefesselt und zum sex gezwungen,Non-Standard Content - Incentivized
frage eigentlich perfekte beziehung doch dann zum sex gezwungen,Non-Standard Content - Incentivized
frage freundin wird vom ex zum sex gezwungen,Non-Standard Content - Incentivized
frage hallo ich bin jahre alt und ein jaehriger hat mich zum sex gezwungen ich trau mich aber nicht etwas zu meinen eltern zu sagen was soll ich tun,Non-Standard Content - Incentivized
frage ich bin und habe ein maedchen aus der ten klasse zum sex gezwungen,Non-Standard Content - Incentivized
frage ich wurde belaestigt und zum sex gezwungen anal wo muss ich mich untersuchen lassen,Non-Standard Content - Incentivized
frage meine freundin erzaehlte mir das sie von ihrem ex zum sex durch schlagen gezwungen wurde ich kenne diesen ex und ihn am liebsten den kopf abreissen was tun,Non-Standard Content - Incentivized
frage meine freundin hat mich zum sex gezwungen,Non-Standard Content - Incentivized
frage meine schwester wurde zum sex gezwungen o,Non-Standard Content - Incentivized
frage vom freund zum sex gezwungen was tuen,Non-Standard Content - Incentivized
frage werde erpresst und zum sex gezwungen,Non-Standard Content - Incentivized
frage zum sex gezwungen ist es vergewaltigung,Non-Standard Content - Incentivized
frage zum sex gezwungen vom ex und nu erpresst er mich,Non-Standard Content - Incentivized
frau entfuhrt und zum sex gezwungen tube video,Non-Standard Content - Incentivized
frau wird von lesbe zum sex gezwungen porno,Non-Standard Content - Incentivized
Frauen Gezwungen zum Sex anschauen Videos,Non-Standard Content - Incentivized
gefesselt und zum sex gezwungen,Non-Standard Content - Incentivized
1 leck mein arschloch,Non-Standard Content - Profane Content
alte geile weiber lecken arschlocher,Non-Standard Content - Profane Content
alter sack kleines arschloch,Non-Standard Content - Profane Content
altes arschloch,Non-Standard Content - Profane Content
anzeige wegen arschloch schweiz,Non-Standard Content - Profane Content
archiv forum th arschloch ein schimpfwort,Non-Standard Content - Profane Content
archiv forum th arschloch gefuehlskrueppel und was soll ich jetzt tun,Non-Standard Content - Profane Content
archiv forum th arschloch und andere abwertungen des partners,Non-Standard Content - Profane Content
arrogantes arschloch,Non-Standard Content - Profane Content
azubi als arschloch beleidigt,Non-Standard Content - Profane Content
bachelor 2016 arschloch,Non-Standard Content - Profane Content
behaartes arschloch,Non-Standard Content - Profane Content
bilder von schlampen mit blutigen arschloch,Non-Standard Content - Profane Content
bin froh dich los zu sein arschloch id,Non-Standard Content - Profane Content
bin ich ein arschloch,Non-Standard Content - Profane Content
brennende arschloch,Non-Standard Content - Profane Content
cristiano ronaldo gibt zu ich war ein arschloch zu,Non-Standard Content - Profane Content
dreckiges arschloch,Non-Standard Content - Profane Content
elina leckt arschloch,Non-Standard Content - Profane Content
erstes mal geschichten mit dem groessten arschloch der welt,Non-Standard Content - Profane Content
forum threads mein fahrlehrer ist ein arschloch,Non-Standard Content - Profane Content
forum threads muss man als mann ein arschloch sein,Non-Standard Content - Profane Content
Frank Rosin ein Arschloch?,Non-Standard Content - Profane Content
guten morgen arschloch id,Non-Standard Content - Profane Content
kindesvater ist ein arschloch,Non-Standard Content - Profane Content
kleine arschloch,Non-Standard Content - Profane Content
Leck mein arschloch,Non-Standard Content - Profane Content
mathe ist ein arschloch,Non-Standard Content - Profane Content
mit verlaub herr präsident sie sind ein arschloch,Non-Standard Content - Profane Content
parken arschloch,Non-Standard Content - Profane Content
Prinzessin arschloch,Non-Standard Content - Profane Content
prise arschlöcher,Non-Standard Content - Profane Content
riesen arschloch,Non-Standard Content - Profane Content
threads warum sind manche eltern so arschlöcher,Non-Standard Content - Profane Content
und auch du bist nur ein kleines mieses verlogenes arschloch id,Non-Standard Content - Profane Content
user arschloch,Non-Standard Content - Profane Content
wie kommt man von einem arschloch los,Non-Standard Content - Profane Content
wie man ein Arschloch wird,Non-Standard Content - Profane Content
zeitvertreib kinotv frauenschwarm florian david fitz er freut sich ein arschloch sein zu duerfen,Non-Standard Content - Profane Content
zemer blog entry mistgeburt bastard hurensohn arschloch wixxer fickdich fu,Non-Standard Content - Profane Content
zieh ab arschloch,Non-Standard Content - Profane Content
Blödmann,Non-Standard Content - Profane Content
du blödmann,Non-Standard Content - Profane Content
synonyme blödmänner,Non-Standard Content - Profane Content
agenturen bullshit kooperationsanfragen aus der hoelle,Non-Standard Content - Profane Content
bullshit Bedeutung,Non-Standard Content - Profane Content
bullshit gesucht,Non-Standard Content - Profane Content
Emil Bauer Bullshit,Non-Standard Content - Profane Content
Schlager bullshit Bingo,Non-Standard Content - Profane Content
transgender bullshit,Non-Standard Content - Profane Content
anpissen videos dumme fotze saeuft ihren urin,Non-Standard Content - Profane Content
deutscher fickt dumme fotze,Non-Standard Content - Profane Content
Du dumme Fotze,Non-Standard Content - Profane Content
dumme fotze,Non-Standard Content - Profane Content
dummes teen reingelegt und in die fotze gespritzt,Non-Standard Content - Profane Content
gallery chavs slags and dumb cunts schlampen und dumme fotzen,Non-Standard Content - Profane Content
gallery dumme naive fotze domme kut stupid cunt wichsvorlage,Non-Standard Content - Profane Content
gallery paar dumme sperma fotzen,Non-Standard Content - Profane Content
german dumme fotze,Non-Standard Content - Profane Content
videos im geilen spiel mit einem dummen fotze echte amateur porno,Non-Standard Content - Profane Content
de blog article das ist was für dummköpfe,Non-Standard Content - Profane Content
diskussion beitraege deutschland ist ein bauernstaat wer anderes glaubt ist ein dummkopf,Non-Standard Content - Profane Content
Doofer dummkopf,Non-Standard Content - Profane Content
Dummköpfe,Non-Standard Content - Profane Content
er nennt mich Dummkopf,Non-Standard Content - Profane Content
ficken Dummkopf,Non-Standard Content - Profane Content
frage muss man sich in unseren zeiten noch bei der arbeit von kollegen mit armseliger wichtteufel oder dummkopf beleidigen lassen,Non-Standard Content - Profane Content
große dummköpfe,Non-Standard Content - Profane Content
natürliche dummköpfe,Non-Standard Content - Profane Content
Niklas ist ein Dummkopf,Non-Standard Content - Profane Content
s aaaa hoer auf zu meckern dummkopf,Non-Standard Content - Profane Content
synonyme dummköpfe,Non-Standard Content - Profane Content
Tag der dummköpfe kurz lustig,Non-Standard Content - Profane Content
Wenn er nicht so ein Dummkopf wäre,Non-Standard Content - Profane Content
aische fotze,Non-Standard Content - Profane Content
araber fotzen,Non-Standard Content - Profane Content
araberin haarige fotze,Non-Standard Content - Profane Content
Arsch Fotzen,Non-Standard Content - Profane Content
Außergewönliche-Fotzen,Non-Standard Content - Profane Content
breite fotze,Non-Standard Content - Profane Content
BRITISCHE FOTZEN,Non-Standard Content - Profane Content
dreams alles fotzen ausser mutti,Non-Standard Content - Profane Content
feine fotze,Non-Standard Content - Profane Content
französische fotzen top,Non-Standard Content - Profane Content
frisch gefickte fotze,Non-Standard Content - Profane Content
frische fotze,Non-Standard Content - Profane Content
gepiercte amateur fotzen,Non-Standard Content - Profane Content
gepiercte deutsche fotze bekommt schwaenze zu spueren,Non-Standard Content - Profane Content
gepiercte fotze,Non-Standard Content - Profane Content
Gut Zu Ficken Fick Die Fotze,Non-Standard Content - Profane Content
gweitete Fotzen,Non-Standard Content - Profane Content
heise fotze,Non-Standard Content - Profane Content
hungrige fotze,Non-Standard Content - Profane Content
huren fotzen,Non-Standard Content - Profane Content
kik fotzen,Non-Standard Content - Profane Content
kinder fotzen,Non-Standard Content - Profane Content
markt der fotzen,Non-Standard Content - Profane Content
marokkaner Schwanz Fotze,Non-Standard Content - Profane Content
mit sperma gefüllte fotze,Non-Standard Content - Profane Content
nackte alte weiber fotzen bilder,Non-Standard Content - Profane Content
nackte dicke Fotzen,Non-Standard Content - Profane Content
nackte dirndl fotzen,Non-Standard Content - Profane Content
Nigger fotzen bilder,Non-Standard Content - Profane Content
nimmersatte fotze,Non-Standard Content - Profane Content
nur fotzen glotzen,Non-Standard Content - Profane Content
rorhaarige fotzen,Non-Standard Content - Profane Content
sehr alte fotze,Non-Standard Content - Profane Content
sehr alte lesben fotzen,Non-Standard Content - Profane Content
sehr enge fotzen,Non-Standard Content - Profane Content
spagat fotzen,Non-Standard Content - Profane Content
string arsch fotzen,Non-Standard Content - Profane Content
teen fotze,Non-Standard Content - Profane Content
ungarische fotzen,Non-Standard Content - Profane Content
ungeschminkt amateur fotzen im sex verhor,Non-Standard Content - Profane Content
ungewaschene fotze,Non-Standard Content - Profane Content
wort fotze,Non-Standard Content - Profane Content
zarte Fotze,Non-Standard Content - Profane Content
zeig fotzen,Non-Standard Content - Profane Content
zeig geile fotzen,Non-Standard Content - Profane Content
artikel einen gott den es gibt gibt es nicht,Non-Standard Content - Profane Content
neues deutschland einen gott den es gibt gibt es nicht,Non-Standard Content - Profane Content
charlie hebdo mohammed karikaturen bilder,Non-Standard Content - Profane Content
charlie hebdo terrorismus mit mohammed karikaturen und in riesenauflage fakten zur neuen ausgabe von «charlie hebdo»,Non-Standard Content - Profane Content
frage was ist so schlimm an mohammed karikaturen,Non-Standard Content - Profane Content
karikaturen zeitungen mohammed charlie hebdo n,Non-Standard Content - Profane Content
mohammed karikaturen anschlag usa n,Non-Standard Content - Profane Content
behaart muschis,Non-Standard Content - Profane Content
breitbeinige muschi,Non-Standard Content - Profane Content
breite muschis,Non-Standard Content - Profane Content
coole gefickte muschi,Non-Standard Content - Profane Content
einsame muschis hamstern,Non-Standard Content - Profane Content
Feine Muschis,Non-Standard Content - Profane Content
frage ist es ein kompliment wenn er mich muschi nennt,Non-Standard Content - Profane Content
frisch gefickte deutsche muschi,Non-Standard Content - Profane Content
frisch gefickte muschi,Non-Standard Content - Profane Content
gepiercte fotzen klein muschi,Non-Standard Content - Profane Content
gepiercte muschi,Non-Standard Content - Profane Content
teen bikini muschi,Non-Standard Content - Profane Content
zehnjährige muschi geschichte,Non-Standard Content - Profane Content
12 jähriger Pimmel,Non-Standard Content - Profane Content
auch alte weiber wollen einen pimmel,Non-Standard Content - Profane Content
buben pimmel,Non-Standard Content - Profane Content
enge fotz dicker pimmel,Non-Standard Content - Profane Content
fetter pimmel,Non-Standard Content - Profane Content
haariges Luder will großen Pimmel,Non-Standard Content - Profane Content
kinder pimmel,Non-Standard Content - Profane Content
maulsperre duch seinen dicken fetten pimmel,Non-Standard Content - Profane Content
Monster Pimmel,Non-Standard Content - Profane Content
Neger pimmel,Non-Standard Content - Profane Content
pferde pimmel,Non-Standard Content - Profane Content
rothaariges luder will seinen pimmel,Non-Standard Content - Profane Content
teen Pimmel,Non-Standard Content - Profane Content
scheißkerle,Non-Standard Content - Profane Content
4jähriger nimmt die schlechte Sprache vom Freund an,Non-Standard Content - Profane Content
behaarte buschige milf nimmt einen grossen schwanz,Non-Standard Content - Profane Content
behaarte fotzen behaarte asiatin reitet schwanz,Non-Standard Content - Profane Content
bilder schwanz in geölter pussy,Non-Standard Content - Profane Content
bilder schwanz steckt in der möse,Non-Standard Content - Profane Content
bilder von kacke am schwanz,Non-Standard Content - Profane Content
bilder von schwanz mit dicken sack,Non-Standard Content - Profane Content
coole fick oma mit piercings reitet dicken schwanz auf bett,Non-Standard Content - Profane Content
Den fetten Schwanz tief rein,Non-Standard Content - Profane Content
hungrig auf seinen dicken schwanz,Non-Standard Content - Profane Content
hungrige teenies verschlingen einen schwanz,Non-Standard Content - Profane Content
hure braucht schwanz,Non-Standard Content - Profane Content
Ich zeig Mutti den Schwanz,Non-Standard Content - Profane Content
knnaben wichsen ihre schwänze,Non-Standard Content - Profane Content
mit schwanz in der muschi pissen,Non-Standard Content - Profane Content
mit schwanz und dildo gefickt,Non-Standard Content - Profane Content
nichte wichst den schwanz des onkels fuer extra taschengeld,Non-Standard Content - Profane Content
nuesse leckend und schwanz lutschend,Non-Standard Content - Profane Content
papa bekommt im keller den schwanz von der tochter geleckt,Non-Standard Content - Profane Content
Papa dein schwanz ist zu gross,Non-Standard Content - Profane Content
papa gibt ihr mehr taschengeld wenn sie ihm den schwanz entleert,Non-Standard Content - Profane Content
papa hast du einen grossen schwanz,Non-Standard Content - Profane Content
papa hat einen geilen schwanz geschichte,Non-Standard Content - Profane Content
stripper mit großem.schwanz gesucht,Non-Standard Content - Profane Content
Stromfolter schwanz Methoden,Non-Standard Content - Profane Content
teen bekommt schwanz in den mund bis sie kotzt,Non-Standard Content - Profane Content
threads pinkeln wenn schwanz drin ist,Non-Standard Content - Profane Content
threads rasierte schwänze lutschen,Non-Standard Content - Profane Content
zac efron schwanz,Non-Standard Content - Profane Content
Aussie Tits Twat,Non-Standard Content - Profane Content
18 jährige arschloch ficken,Non-Standard Content - Profane Content
behaarte arschlöcher,Non-Standard Content - Profane Content
Beim Sex Arschloch lecken,Non-Standard Content - Profane Content
beim wichsen das arschloch lecken,Non-Standard Content - Profane Content
bimbo mit engen arschloch in geiler hardcore sex,Non-Standard Content - Profane Content
brutal ihr arschloch entjungfert,Non-Standard Content - Profane Content
brutaler pimmel fuer mein arschloch,Non-Standard Content - Profane Content
dreckiges arschloch lecken,Non-Standard Content - Profane Content
dreckiges arschloch und stinkende achseln lecken,Non-Standard Content - Profane Content
frau gefickt in ihrem engen arschloch,Non-Standard Content - Profane Content
Frau ins arschloch gespritzt,Non-Standard Content - Profane Content
haarges arschloch free video,Non-Standard Content - Profane Content
haarige moese und das arschloch schoen geweitet,Non-Standard Content - Profane Content
haarige oma arschloch,Non-Standard Content - Profane Content
ich bearbeite mein arschloch selber,Non-Standard Content - Profane Content
kinder sind arschlocher n,Non-Standard Content - Profane Content
NONCATEGORIZABLE DE Under Construction,Non-Standard Content - Under Construction
