bildergalerie bittorrent statistik die meistkopierten video spiele und filme galerie,Illegal - Copyright Infringement
telecharger bittorrent 6.4,Illegal - Copyright Infringement
bittorrent 6.1.2 deutsch,Illegal - Copyright Infringement
alternative zu bittorrent,Illegal - Copyright Infringement
magazin achtung bittorrent client transmission mit malware verseucht,Illegal - Copyright Infringement
frage wie lange dauert bei euch ein download ueber jdownloader oder bittorrent,Illegal - Copyright Infringement
frage unterschied zwischen zippyshare und utorrent bittorrent etc,Illegal - Copyright Infringement
sicherheit bittorrent sync,Illegal - Copyright Infringement
news kommunikation artikel bittorrent nutzer werden staendig ueberwacht,Illegal - Copyright Infringement
frage bittorrent download abgebrochen trotzdem strafbar,Illegal - Copyright Infringement
frage bittorrent gefaehrlich,Illegal - Copyright Infringement
news bittorrent erfinder interview,Illegal - Copyright Infringement
news bittorrent muss immer illegal,Illegal - Copyright Infringement
frage hat jemand von euch erfahrung mit bittorrent,Illegal - Copyright Infringement
dl bittorrent mac deutsch,Illegal - Copyright Infringement
frage utorrent gefaehrlich wenn ich nur was downloade,Illegal - Copyright Infringement
frage euro strafe wegen utorrent download,Illegal - Copyright Infringement
frage streamen von filmen bei moviebox gefaehrlich,Illegal - Copyright Infringement
ist es legal filme auf movie2k zu streamen,Illegal - Copyright Infringement
news unblock us einrichten so lassen gesperrte videos filme streamen,Illegal - Copyright Infringement
ganze musik alben gratis downloaden,Illegal - Copyright Infringement
gute alternative zu kinox.to,Illegal - Copyright Infringement
technik razzia nach kinox to razzia droht den usern eine strafe,Illegal - Copyright Infringement
ps3 filme gucke kinox.to funktioniert nicht,Illegal - Copyright Infringement
tfttdfysju das geheimnis des regenbogensteins kinox to bysgexx mp,Illegal - Copyright Infringement
kinox to kostenlos filme anschauen,Illegal - Copyright Infringement
alternativ seiten kinox.to,Illegal - Copyright Infringement
thread ermittlungen gegen kinox to angelaufen,Illegal - Copyright Infringement
thread ip vom bundeskriminalamt gespeichert kinox to,Illegal - Copyright Infringement
warum kann ich auf kinox.to keine filme schauen,Illegal - Copyright Infringement
Warum muss man sich bei kinox.to anmelden,Illegal - Copyright Infringement
seite wie kinox to,Illegal - Copyright Infringement
wie startet man bei kinox to einen film,Illegal - Copyright Infringement
in guten wie in schweren tagen kinox.to,Illegal - Copyright Infringement
ähnliche seiten wie kinox.to,Illegal - Copyright Infringement
frage wo kann man filme online kostenlose ansehen ausser moviek und kinox to,Illegal - Copyright Infringement
star wars 3 stream deutsch kinox.to,Illegal - Copyright Infringement
netzwelt netzpolitik kinox to landgericht leipzig verurteilt chef zu haftstrafe a,Illegal - Copyright Infringement
news kinox to mitbetreiber muss ins gefaengnis,Illegal - Copyright Infringement
news kinox to razzia fahndung betreiber offline online legal illegal,Illegal - Copyright Infringement
news lka sachsen warnt vor betreibern von kinox to fluechtige kinox to gruender zur weltweiten fahndung ausgeschrieben,Illegal - Copyright Infringement
ist filme auf kinox.to schauen illegal,Illegal - Copyright Infringement
computer internet id polizei sachsen fahndet nach kinox to betreibern,Illegal - Copyright Infringement
bessere seiten als kinox.to,Illegal - Copyright Infringement
de legale alternativen von kinox to jetzt online auf neuem portal finden,Illegal - Copyright Infringement
frage ist es illegal bzw strafbar filme auf kinox to zu streamen,Illegal - Copyright Infringement
big mama 3 deutsch ganzer Film kinox.to,Illegal - Copyright Infringement
panorama kripo fahndet oeffentlich nach kinox to betreibern,Illegal - Copyright Infringement
Unterwäsche lügen movie4k.to,Illegal - Copyright Infringement
Movie4k to alice im Wunderland hinter den Spiegel,Illegal - Copyright Infringement
movie4k to kostenlos serien,Illegal - Copyright Infringement
spiele leben movie4k.to,Illegal - Copyright Infringement
schokolade zum frühstück movie4k.to,Illegal - Copyright Infringement
ähnliche seiten wie movie4k.to,Illegal - Copyright Infringement
herr der ringe die zwei türme movie4k.to,Illegal - Copyright Infringement
Kostenlos Movie4k.to,Illegal - Copyright Infringement
alex ich will nur dich mp3 free download,Illegal - Copyright Infringement
vogelgezwitscher mp3 free download,Illegal - Copyright Infringement
mp3 download free über 90 minuten,Illegal - Copyright Infringement
auf anderen wegen free mp3 download,Illegal - Copyright Infringement
verbrecher aus der wüste free download mp3,Illegal - Copyright Infringement
ich würde lächeln wenn du gehst mp3 free download,Illegal - Copyright Infringement
du hast den farbfilm vergessen mp3 free download,Illegal - Copyright Infringement
über den wolken mp3 free download,Illegal - Copyright Infringement
SommerSafari 2014 - Drauf und Dran LIVE free mp3 download,Illegal - Copyright Infringement
hoer auf die stimme mp3 free download,Illegal - Copyright Infringement
die toten hosen nur zu besuch free mp3 download,Illegal - Copyright Infringement
torrent files deutsch,Illegal - Copyright Infringement
frage kann man bei itunes musik spiele usw auch gratis downloaden,Illegal - Copyright Infringement
frage kennt ihr eine internetseite wo man gute musik gratis downloaden kann,Illegal - Copyright Infringement
MP3 Musik Downloaden Gratis,Illegal - Copyright Infringement
klassische musik gratis downloaden beim swr a,Illegal - Copyright Infringement
musik aus dem internet gratis downloaden,Illegal - Copyright Infringement
forum affich woher kann ich musik gratis downloaden,Illegal - Copyright Infringement
frage wo kann ich noch filme umsonst gucken ohne downloaden,Illegal - Copyright Infringement
verwaltungsrecht urheberrecht der nutzungsberechtigte und der testamentsvollstrecker,Illegal - Copyright Infringement
Strickanleitung verändern urheberrecht,Illegal - Copyright Infringement
technik kinderfotos im internet urheberrecht recht am eigenen bild rechtslage,Illegal - Copyright Infringement
veröffentlichung von fotos vorab urheberrechte klären,Illegal - Copyright Infringement
mitglieder stammtisch urheberrechte graffiti,Illegal - Copyright Infringement
anwalt urheberrecht online,Illegal - Copyright Infringement
article kurze erlauterungen uber das urheberrecht,Illegal - Copyright Infringement
umsatzsteuer urheberrecht AS,Illegal - Copyright Infringement
aktuelles urheberrecht ueberfordert nutzer,Illegal - Copyright Infringement
frage kann man strafrechtlich verfolgt urheberrecht werden wenn man pornos im internet schaut,Illegal - Copyright Infringement
blog neues urheberrecht tritt in kraft,Illegal - Copyright Infringement
Blog Urheberrecht,Illegal - Copyright Infringement
unternehmen aus fuer website ideenklau urheberrecht gilt auch fuer webdesign,Illegal - Copyright Infringement
Monika stöhr Gesetzliche Vergütungsansprüche im Urheberrecht,Illegal - Copyright Infringement
kinox to streaming urteil urheberrecht internet,Illegal - Copyright Infringement
frage lego spiele wem gehoert das urheberrecht,Illegal - Copyright Infringement
alles zu instagram urheberrecht,Illegal - Copyright Infringement
Urheberrecht abtreten,Illegal - Copyright Infringement
urheberrecht an bildern verein,Illegal - Copyright Infringement
logo verwenden nähen urheberrecht,Illegal - Copyright Infringement
thema kuscheltier anfaengerin fuellen und urheberrecht,Illegal - Copyright Infringement
pirate bay urheberrecht vpn pp,Illegal - Copyright Infringement
piratebay berufung urteil pp urheberrecht,Illegal - Copyright Infringement
länder ohne urheberrecht,Illegal - Copyright Infringement
synonyme urheberrecht,Illegal - Copyright Infringement
ratgeber cloud online recht urheberrecht ratgeber,Illegal - Copyright Infringement
wann verfallen urheberrechte klassik,Illegal - Copyright Infringement
archiv forum th urheberrecht wer kann mir weiterhelfen,Illegal - Copyright Infringement
was bringt der facebookpost Urheberrecht,Illegal - Copyright Infringement
frage wie bekommen youtuber einen song legal urheberrecht,Illegal - Copyright Infringement
was heißt urheberrecht,Illegal - Copyright Infringement
soundcloud urheberrecht,Illegal - Copyright Infringement
Spanien Urheberrechte rente,Illegal - Copyright Infringement
frage sind die urheberrechte in spanien und england lockerer als in deutschland,Illegal - Copyright Infringement
forum kurze frage zum urheberrecht kunst u markenlogos auf blog,Illegal - Copyright Infringement
frage sloganspruch auf urheberrecht pruefen,Illegal - Copyright Infringement
threads urheberrecht bei bildern und texten,Illegal - Copyright Infringement
threads urheberrecht kopierer,Illegal - Copyright Infringement
frage wie sieht es mit dem urheberrecht aus bei gaming clan logos,Illegal - Copyright Infringement
wiki regelwerk:urheberrechte beachten,Illegal - Copyright Infringement
welttag des buches und des urheberrechts,Illegal - Copyright Infringement
news kanada kuendigt drakonisches urheberrecht an,Illegal - Copyright Infringement
youtube video urheberrecht umgehen,Illegal - Copyright Infringement
smartphone tablet urheberrecht bitkom verwertungsgesellschaften,Illegal - Copyright Infringement
wirtschaft news streit um urheberrechte musikbranche wehrt sich gegen shitstorm,Illegal - Copyright Infringement
eigenkomposition urheberrecht anmelden,Illegal - Copyright Infringement
affen selfie urheberrecht n,Illegal - Copyright Infringement
frage fairy tail urheberrecht deutschland,Illegal - Copyright Infringement
frage fanarts verkaufen urheberrecht,Illegal - Copyright Infringement
frage filme musik etc runterladen legal wenn fuer eigengebrauch urheberrecht,Illegal - Copyright Infringement
beispiele urheberrecht,Illegal - Copyright Infringement
gesellschaft medien urheberrecht,Illegal - Copyright Infringement
kompromiss neues urheberrecht kommt ins parlament,Illegal - Copyright Infringement
ganzes buch für schüler kopieren urheberrecht,Illegal - Copyright Infringement
deutscher journalistenverband urheberrechte,Illegal - Copyright Infringement
die frühgeschichte des musikalischen urheberrechts pohlmann,Illegal - Copyright Infringement
google loescht inhalte wegen urheberrecht detail,Illegal - Copyright Infringement
kultur buecher streit ums urheberrecht loriot tochter siegt verlag muss biografie aendern,Illegal - Copyright Infringement
digital computer protest gegen verschaerfung des urheberrechts wikipedia schaltet sich ab,Illegal - Copyright Infringement
forum allgemeines aehnliche fotoidee verletzt urheberrecht,Illegal - Copyright Infringement
Bilder kopieren Internet urheberrecht strafe,Illegal - Copyright Infringement
frage kann man auf fuerteventura plagiate kaufen,Illegal - Copyright Infringement
plagiate finden leichtgemacht,Illegal - Copyright Infringement
frage plagiate aus tschechien erlaubt,Illegal - Copyright Infringement
verkauf von plagiaten in deutschland,Illegal - Copyright Infringement
verkauf von plagiaten strafbar,Illegal - Copyright Infringement
warum werden Plagiate in spanien verkauft,Illegal - Copyright Infringement
archiv merkel kritisiert auto plagiate aus china,Illegal - Copyright Infringement
frage sind einzelne woerter auch plagiate oder nur die satzstellung,Illegal - Copyright Infringement
frage wie kann ich plagiate melden,Illegal - Copyright Infringement
frage wie lassen sich plagiate und faelschungen erkennen,Illegal - Copyright Infringement
wirtschaft news plagiate produktpiraten werden dreister,Illegal - Copyright Infringement
news aktuell apple entfernt verschiedene plagiate aus dem app store,Illegal - Copyright Infringement
frage china import von grosshaendlern wie plagiate erkennen,Illegal - Copyright Infringement
hilfiger plagiate,Illegal - Copyright Infringement
Geldstrafen höhe Plagiate per post,Illegal - Copyright Infringement
Bildunterschrift Copyright,Illegal - Copyright Infringement
frage kann ich probleme bekommen wegen der copyright,Illegal - Copyright Infringement
unternehmen copyright welche bedeutung hat das c zeichen,Illegal - Copyright Infringement
frage kostet das zeichen copyright etwas,Illegal - Copyright Infringement
frage lieder trotz copyright hochladen,Illegal - Copyright Infringement
questions wie macht man das tm copyright c oder original zeichen r,Illegal - Copyright Infringement
muss ich ein copyright anmelden,Illegal - Copyright Infringement
t wie copyright zeichen einfuegen,Illegal - Copyright Infringement
verletzt man das copyright wenn man bilder für eine präsentation nimmt,Illegal - Copyright Infringement
sonstige fadelarbeiten ohne eigenes copyright f tuchschmucker t,Illegal - Copyright Infringement
frage wie bekomme ich das wort copyright bei picasa auf meinen bildern weg,Illegal - Copyright Infringement
anmeldeverfahren für ein copyright,Illegal - Copyright Infringement
Was Ist Copyright und Urheberrecht,Illegal - Copyright Infringement
frage screenshot zensieren copyright,Illegal - Copyright Infringement
was passiert wenn man ein copyrighted song auf vimeo hochlädt,Illegal - Copyright Infringement
was passiert wenn man gegen das copyright verstößt,Illegal - Copyright Infringement
frage seiten vom internet ausgedruck copyright,Illegal - Copyright Infringement
word copyright zeichen erzeugen tipp,Illegal - Copyright Infringement
wie mache ich das copyright zeichen bei facebook,Illegal - Copyright Infringement
forum universtitaet copyright auf studentenarbeiten publikation,Illegal - Copyright Infringement
frage ab wann hat man auf ein bild ein copyright,Illegal - Copyright Infringement
weltkarte ohne copyright aus dem jahr,Illegal - Copyright Infringement
netzwelt netzpolitik copyright kritik lange schutzfrist laesst buecher sterben a,Illegal - Copyright Infringement
abkürzung copyright,Illegal - Copyright Infringement
news abgelaufenes copyright kostenloser song download erlaubt,Illegal - Copyright Infringement
copyright anmeldung einer erfindung,Illegal - Copyright Infringement
copyright anmeldung eines markenzeichens,Illegal - Copyright Infringement
frage frage zur legalitaet und copyrights,Illegal - Copyright Infringement
frage fussball videos auf youtube habe copyright bekommen wieso,Illegal - Copyright Infringement
frage gema und copyrights klassische musik,Illegal - Copyright Infringement
excel copyright zeichen,Illegal - Copyright Infringement
studivz facebook urheberrecht plagiat,Illegal - Copyright Infringement
article plagiat einstein,Illegal - Copyright Infringement
unispiegel studium plagiate der grosse online schwindel a,Illegal - Copyright Infringement
bachelorarbeit ab wann plagiat,Illegal - Copyright Infringement
aliexpress werden Plagiate erkannt,Illegal - Copyright Infringement
frage kostenloser plagiat finder,Illegal - Copyright Infringement
thread akademische ghostwriter haben meinen abschluss zerstoert ghostwriter plagiat,Illegal - Copyright Infringement
thread anzeige wegen plagiaten hilfe,Illegal - Copyright Infringement
thread eigene bachelorarbeit ein plagiat,Illegal - Copyright Infringement
plagiat hausarbeit konsequenzen,Illegal - Copyright Infringement
angst vor plagiat bachelorarbeit,Illegal - Copyright Infringement
rechtlicher unterschied plagiat replik,Illegal - Copyright Infringement
frage wie kann ich das formulieren ohne dass es ein plagiat ist,Illegal - Copyright Infringement
frage strafe beim kauf von plagiat,Illegal - Copyright Infringement
news forschung software erkennt musik plagiate,Illegal - Copyright Infringement
de read ein plagiat skandal erschuettert die kreuzwortraetselszene,Illegal - Copyright Infringement
2 einbrüche in halben jahr versicherung gekündigt,Illegal - Crime
23.03. Freiburg bei Stade Einbruch,Illegal - Crime
aktuell gesellschaft kriminalitaet schwester aus italien wegen mutmasslichen morden verhaftet,Illegal - Crime
aktuell politik ausland sawtschenko in russland wegen mordes verurteilt,Illegal - Crime
aktuelles pluenderer rauben tutanchamun statuen,Illegal - Crime
anstieg sexueller übergriffe,Illegal - Crime
anwalt ehefrau mord streit n,Illegal - Crime
aquapark oberhausen sexuelle Übergriffe,Illegal - Crime
arriba erlebnisbad sexuelle übergriffe bisher,Illegal - Crime
article zdf frontal ist hannes knoch munster hildesheim in nazi morde verstrickt nsu terrortra,Illegal - Crime
aschaffenburg einbruch geige,Illegal - Crime
balkon 7. etage einbruch,Illegal - Crime
balkonsicherung gegen einbruch,Illegal - Crime
bank brasilien einbruch,Illegal - Crime
bei einbruch in gaststaette graupapagei gestohlen,Illegal - Crime
bei mord direkt in knast,Illegal - Crime
bei mord wie lange,Illegal - Crime
beim achten einbruch konnte die Polizei den dieb verhaften,Illegal - Crime
birkenfeld einbruch,Illegal - Crime
britische mädchen barbarischer mord 39 jährige,Illegal - Crime
camping in schweden einbruche in womos und wowa t,Illegal - Crime
cannabis verband will erstmals in deutschland hanf anbauen,Illegal - Crime
category blaulicht polizei einbruch diebstahl,Illegal - Crime
content schueler wollte maedchen vor sexuellen angriffen schuetzen jaehriger fluechtling,Illegal - Crime
continental bulldog bei einbruch,Illegal - Crime
darf man männlichen hanf anbauen,Illegal - Crime
de de nachrichten panorama mädchen belästigt sexuelle übergriffe in spaßbad bei hamburg ar bbqbyw,Illegal - Crime
delphin sexuelle übergriffe,Illegal - Crime
demenz sexuelle übergriffe,Illegal - Crime
denzlingen einbruch in bäckerei,Illegal - Crime
der Fachstelle Mira zum Thema Sexuelle Gewalt und Übergriffe,Illegal - Crime
drei maenner nach einbruch in schuetzenhaus festgenommen detail,Illegal - Crime
drogen missbrauch als ursache für ödeme,Illegal - Crime
drogen Missbrauch bei Familiengericht anzeigen,Illegal - Crime
Erfurt Einbrüche niedernissa marbach,Illegal - Crime
erfurt-marbach,Illegal - Crime
eric stehfest die räuber,Illegal - Crime
erich beimer mörder top,Illegal - Crime
Erich Schiller hajo der mörder,Illegal - Crime
erinnerung an einen morder petra hammesfahr test ratingvalid,Illegal - Crime
erneut sexuelle übergriffe von asylanten im schwimmbad,Illegal - Crime
Es gab einen Einbruch in unser Haus.,Illegal - Crime
Fälle von mord in schweiz,Illegal - Crime
fehlleistung mord,Illegal - Crime
fenster einbruch,Illegal - Crime
fenster im auto abkleben nach einbruch,Illegal - Crime
feuilleton menschen diego garcia flug mh philip woods freundin von opfer erhaelt mord drohungen,Illegal - Crime
flüchtlinge sexuelle übergriffe,Illegal - Crime
flüchtlinge sexuelle übergriffe auf deutsche,Illegal - Crime
forum schluessel kodieren einbruch,Illegal - Crime
frage einbruch anwalt einschalten,Illegal - Crime
frage einbruch autohaus beweise,Illegal - Crime
frage einbruch bei meinem kumpel und ich bin hoechstwahrscheilnlich hauptverdaechtiger was soll ich tun,Illegal - Crime
frage einbruch bei nicht abgeschlossener tuer zahlt versicherung,Illegal - Crime
frage einbruchsdiebstahl ohne spuren,Illegal - Crime
frage kann ein taeter einen versuchten raub und eine vollendete raeuberische erpressung durch die selbe tat begehen,Illegal - Crime
frage kann man an einer tuer erkennen wie lange ein versuchter einbruch her ist,Illegal - Crime
frage kann man durch mord ins paradies kommen,Illegal - Crime
frage kann man einen selbstmord leicht wie einen mord aussehen lassen,Illegal - Crime
frage kann man fuer den mord am eigenen haustier zur rechenschaft gezogen werden strafbar,Illegal - Crime
frage kann man holocaust und mord an den indianern gleichstellen oder vergleichen,Illegal - Crime
frage keller einbruch,Illegal - Crime
frage schweigepflicht von psychologen bei einem mord,Illegal - Crime
frage schwerer raub mit koerperverletzung,Illegal - Crime
frage siamesische zwillinge und mord,Illegal - Crime
frage staendige einbruch und diebstahl im keller,Illegal - Crime
frage strafe bei einbruch,Illegal - Crime
frage wie bei einbruch reagieren,Illegal - Crime
frage wie bekommt man eine wohnungstuer am besten sicher gegen einbruch,Illegal - Crime
frage wie kann ich meine balkontuer und fenster vor einbruch schuetzen,Illegal - Crime
frage wie kann ich mich vor einem einbruch richtig schuetzen,Illegal - Crime
frage wie kann ich ohne ein vermoegen auszgeben meine wohnung vor einbruch sichern,Illegal - Crime
frage wie lange muss man in haft bleiben fuer bewaffneten raub,Illegal - Crime
frage wie raubt man laeden bei saints row aus,Illegal - Crime
gartentür verschließen vor einbruch,Illegal - Crime
gebietet der koran menschen zu töten,Illegal - Crime
Gedanken Menschen zu töten,Illegal - Crime
ger details adliswil zh raub auf tankstellen shop zeugenaufruf,Illegal - Crime
ger details affoltern am albis zh bewaffneter raub auf tankstellenshop zeugenaufruf,Illegal - Crime
grossbritannien queen elizabeth ii isis terroristen planen anschlag auf sie,Illegal - Crime
gutachten nach einbruch,Illegal - Crime
gute frage mord,Illegal - Crime
gza häuser für raub,Illegal - Crime
ha erlensee einbruch mit brandstiftung thema im hr maintower,Illegal - Crime
halle berry stalker wegen einbruchs angeklagt,Illegal - Crime
hanf anbauen für anfänger,Illegal - Crime
hanf anbauen indoor,Illegal - Crime
hanf im garten anbauen,Illegal - Crime
heilbronner stimme einbruch ilsfeld,Illegal - Crime
heimat berlinbrandenburg mord im rockermilieu achter verdaechtiger u haft,Illegal - Crime
heimat berlinbrandenburg paar nach einbruch apotheke festgenommen,Illegal - Crime
heimat berlinbrandenburg plaedoyers im prozess um mord ohne leiche erwartet,Illegal - Crime
heimat mecklenburg vorpommern einbruch postfiliale und sportlerheim,Illegal - Crime
heimat mecklenburg vorpommern tausende euro bei einbruch rostocker apotheke erbeutet,Illegal - Crime
helfen rolladen gegen einbruch,Illegal - Crime
ich will hanf anbauen,Illegal - Crime
immer mehr sexuelle übergriffe,Illegal - Crime
Immobilien vor Einbrüchen zu schützen top,Illegal - Crime
jaehriger wegen vorbereitung eines raubes verurteilt,Illegal - Crime
jahre mit einem morder ich habe nichts gemerkt gar nichts n,Illegal - Crime
kennzeichnung haus einbruch,Illegal - Crime
kinder vor sexuellen übergriffen schützen,Illegal - Crime
ko Tropfen mörder,Illegal - Crime
ko tropfen mörder fahndung,Illegal - Crime
köln sexuelle übergriffe,Illegal - Crime
kolumnen artikel auslandsaktien einbruch guter jahresbilanz,Illegal - Crime
kommunikation gespraechsfuehrung sexuelle belaestigung so kann frau sich gegen verbale angriffe wehren,Illegal - Crime
kosten einbruch eigentümer mieter,Illegal - Crime
landkreis bodenseekreis ferienwohnungen ferienwohnungen rauber ferienwohnung florian absindex,Illegal - Crime
landschulheim Kinder mord,Illegal - Crime
Lebacher Soldaten-Morde,Illegal - Crime
leben der fall tschanun wie ein vierfach mord die schweiz erschuetterte,Illegal - Crime
lebensborn himmler vergewaltigung mord gewonnene lebenszeit HS,Illegal - Crime
lg berlin js landgericht berlin verhaengt hohe freiheitsstrafe nach brutalem mord an taetowierer news,Illegal - Crime
lg dresden kls js ueberfall mit machete auf wanderer verurteilung wegen schweren raubes und schwere raeuberische erpressung news,Illegal - Crime
lg frankfurt am main ks js lustmord kannibale von rotenburg wegen mordes zu lebenslanger haft verurteilt news,Illegal - Crime
lifestyle leute einbruch in londoner haus diebe stehlen hochzeitskleid von amy winehouse,Illegal - Crime
lokal sonneberg neuhaus sonneberg mehr drogen missbrauch und mehr rechte gewalt;art,Illegal - Crime
Marc Hoffmann mord,Illegal - Crime
mark wahlberg mörder,Illegal - Crime
mehrmaliger Einbruch Haustür,Illegal - Crime
meiste einbrüche durchs fenster,Illegal - Crime
menschen zu töten,Illegal - Crime
missbrauch von drogen Jugendliche,Illegal - Crime
nachricht videoausblick einbruch,Illegal - Crime
nachrichten aktuell Amsterdam mord,Illegal - Crime
nachrichten ausland id ein jahr nach nemzow mord wie der kreml kritiker ausschaltet,Illegal - Crime
naturheilpraxis aids arzneien werden fuer drogen missbraucht,Illegal - Crime
news ausland schmuggler schlitzte ihnen den bauch auf bernhardiner als drogen kuriere missbraucht id,Illegal - Crime
news frau gesteht mord in genfer tiefgarage ich habe meinen mann getoetet id,Illegal - Crime
news fuer mord an google manager edel dirne muss hinter gitter id,Illegal - Crime
news geld verdienen mit sex morden und urintrinken oligarchen bubi fuehrt menschen vor id,Illegal - Crime
news gerry weber aktie einstiegschance nach dem einbruch,Illegal - Crime
news gesellschaft artikel pcs rauben kostbare lebenszeit,Illegal - Crime
news gesucht wegen mordes john mcafee ermittelt als betrunkener deutscher,Illegal - Crime
news grosser einbruch in pariser apple store zum jahreswechsel hardware diebe,Illegal - Crime
news hacker angriff yahoo einbruch e mail konten,Illegal - Crime
news hitman minuten schleichendes morden in paris,Illegal - Crime
news juwelen raub in lausanne hier wird gerade ein gangster ueberwaeltigt id,Illegal - Crime
news mecklenburg vorpommern fuenfergruppe attackiert mann und raubt smartphone,Illegal - Crime
news millionen post raub es sind die poestler selbst id,Illegal - Crime
news schmuggler schlitzte ihnen den bauch auf bernhardiner als drogen kuriere missbraucht id,Illegal - Crime
oberberg aktuell lindlar einbrüche,Illegal - Crime
obersee einbruch bei kurtaxen wegen asylzentrum story,Illegal - Crime
Opfer Programm für geistig behinderte Menschen nach sexuellen Übergriffen,Illegal - Crime
panorama wirbel um touristen mord ecuadors regierung in erklaerungsnot,Illegal - Crime
passat einbruch ohne spuren,Illegal - Crime
pressinfo bank ein tippfehler verhinderte milliarden raub,Illegal - Crime
pressinfo kfw foerderung gegen einbruch,Illegal - Crime
promis udo juergens nach einbruch seine angestellte muessen zum dna test,Illegal - Crime
Prügel und sexuelle Übergriffe 8 jähriger soll seine Mitschüler tyrannisieren,Illegal - Crime
region ostschweiz einbruch in drogerie in grabs;art,Illegal - Crime
romandie justiz strafe für mörder einer prostituierten von payerne vd gesenkt,Illegal - Crime
rubriken inland berner obergericht verurteilt taeter von langenthal wegen mordes,Illegal - Crime
rubriken inland jahre haft fuer mord an zeugin in berner iv betrugsfall,Illegal - Crime
schloss kaputt nach einbruch,Illegal - Crime
schon wieder sexuelle Übergriffe im Schwimmbad,Illegal - Crime
Sendung über Einbruch,Illegal - Crime
Sexuelle Gewalt und Übergriffe bei Jugendlichen,Illegal - Crime
sexuelle Übergriffe durch Migranten,Illegal - Crime
sexuelle Übergriffe im Altenheim durch Bewohner,Illegal - Crime
sexuelle ubergriffe kein frauenthema,Illegal - Crime
sexuelle ubergriffe siehe sex mob etc haben nichts mit sex zu tun sie sind ebenso wie vergewaltigung ausdruck von gewalt von machtwu,Illegal - Crime
sonstiges triaden mord norddeutschland,Illegal - Crime
spanien mord eines marokkaner,Illegal - Crime
sparkasse biedenkopf einbruch,Illegal - Crime
strafe für mord mit 14,Illegal - Crime
strafe für mord wenn man minderjährig ist,Illegal - Crime
strunk mord mit aussicht fraktus,Illegal - Crime
subway mitarbeiterin polizei morde n,Illegal - Crime
t kb versuchter einbruchsdiebstahl in fieberbrunn,Illegal - Crime
technik passwoerter gestohlen datenklau von nutzerkonten zugangsdaten raub rechner saeubern passwoerter aendern,Illegal - Crime
terroristen planen anschläge an unseren urlaubsstrände,Illegal - Crime
thread raketen oder kleine bomben basteln,Illegal - Crime
threads versicherungsentschaedigung bei einbruch,Illegal - Crime
threads was ist genau einbruch und diebstahl warnanlage edw,Illegal - Crime
threads wasser einbruch,Illegal - Crime
un studie mord taeter maenner,Illegal - Crime
verbale sexuelle übergriffe,Illegal - Crime
versuch air berlin flieger als drogen flugzeug missbraucht t,Illegal - Crime
video einbruch bei den nachbarn,Illegal - Crime
warum suchen Menschen den Kontakt zu den Toten,Illegal - Crime
was kriegt man beim mord 2016,Illegal - Crime
was passiert mit 14 jährigen Mörder in Deutschland,Illegal - Crime
was passiert wenn kinder morden,Illegal - Crime
was sagt der papst zu sexuellen übergriffen,Illegal - Crime
weilerbach dezember einbruch,Illegal - Crime
welt vergewaltigungs fans planen demo in wien,Illegal - Crime
wie gut sind abschließbare Fenstergriffe gegen einbruch,Illegal - Crime
wie hoch ist die strafe für einbruch,Illegal - Crime
wie kann man eine fh-türe gegen einbruch sichern top,Illegal - Crime
wie lange dauert es bis eine versicherung bei einbruch zahlt,Illegal - Crime
wie lange knast für mord,Illegal - Crime
Wie lange kommt man ins Gefängnis wegen mord,Illegal - Crime
Wie lange sitzt man für mord,Illegal - Crime
wie lange sitzt man für vorsätzlichen mord,Illegal - Crime
wohnungsfenster sicher machen vor einbruch,Illegal - Crime
wuppertal einbruch oberwall,Illegal - Crime
zeichen an zäunen vor einbrüchen,Illegal - Crime
zuwanderer sexuelle übergriffe,Illegal - Crime
a angriffe durch phishing mails online shopper lassen sich nicht abschrecken,Illegal - Illegal Content
a produktliste idx mot vergewaltigung video film produktliste,Illegal - Illegal Content
a schweden vergewaltigung video lovisa,Illegal - Illegal Content
a ungarische polizei vergewaltigung video,Illegal - Illegal Content
achtung mögliche phishing website,Illegal - Illegal Content
adolf hitler sieg heil mp3,Illegal - Illegal Content
Aktuelle Hinrichtungen videos,Illegal - Illegal Content
aktuelles video studentin setzt mit kunstprojekt ein zeichen gegen vergewaltigung a,Illegal - Illegal Content
Amazon Falsche Phishing-Mails im Umlauf,Illegal - Illegal Content
Anime Vergewaltigung sex video,Illegal - Illegal Content
Anti-Phishing So analysieren Sie den Mail-Header,Illegal - Illegal Content
anzeichen für phishing pharming,Illegal - Illegal Content
archiv forum th alles dreht sich um nackte kinder und perverse erwachsene,Illegal - Illegal Content
artikel feldversuch zeigt anfaelligkeit fuer phishing,Illegal - Illegal Content
artikel news achtung aktuell amazon phishing mails umlauf,Illegal - Illegal Content
artikel news phishing versuche mit gefaelschten paypal rechnungen von eventim im umlauf,Illegal - Illegal Content
besser leben technik phishing trojaner und spam betruegerische e mails im umlauf,Illegal - Illegal Content
bilder nackt vom busen von kindern 12jahre,Illegal - Illegal Content
brutale vergewaltigungs sex videos kostenlos ohne anmeldung,Illegal - Illegal Content
cara videos fkkteen tube bei blowjob vergewaltigung wadersgeil,Illegal - Illegal Content
computer id banken haften grossteilig fuer phishing schaden,Illegal - Illegal Content
computer id phishing attacke auf telekom kunden,Illegal - Illegal Content
computer internet facebook id facebook loescht video von enthauptung nach nutzerprotesten,Illegal - Illegal Content
computer sicherheit id tid rl lightbox sid si die dreistesten maschen der online gangster,Illegal - Illegal Content
de merchandise aufkleber antifa aufkleber er nazis aus der stadt verjagen aufkleber stueck,Illegal - Illegal Content
deutcheporn vergewaltigung live video,Illegal - Illegal Content
Deutsche Bank Phishing,Illegal - Illegal Content
deutsche snuff filme,Illegal - Illegal Content
deutsche vergewaltigung porn tube video,Illegal - Illegal Content
die besten vergewaltigungs porno videos,Illegal - Illegal Content
die kinder sind nackt und blasen sich den penis,Illegal - Illegal Content
die kinder sind nackt und der penis wird gezeigt,Illegal - Illegal Content
digital neue phishing masche beim internet banking,Illegal - Illegal Content
digital online onlineshopping bei justfab die masche mit dem schuh abo,Illegal - Illegal Content
ebay-kleinanzeigen phishing mit sms,Illegal - Illegal Content
echte vergewaltigung video,Illegal - Illegal Content
Ein gewaltsamer streit- den inhalt eines gedichts zusammenfassen,Illegal - Illegal Content
europa nackt kinder,Illegal - Illegal Content
expertenrat frage forum lust liebe kinder und nackte eltern,Illegal - Illegal Content
extra phishing was ist das und wie erkenne ich den betrug specials paypal zahlung an saturn ueber eur achtung phishing,Illegal - Illegal Content
extreme snuff filme mit eier abschneiden,Illegal - Illegal Content
Familie Sex geil nackt feucht Geschichte Kinder machen mit,Illegal - Illegal Content
firefox phishing schutz abschalten,Illegal - Illegal Content
forum soziale netzwerke phishing masche bei linkedin,Illegal - Illegal Content
forum viren spyware datenschutz neuer sehr gut gemachter phishing versuch,Illegal - Illegal Content
fr shot fanfare reichsjugendfuehrer heil hitler jeunesses hitleriennes,Illegal - Illegal Content
frage auf amazon phishing reingefallen was jetzt,Illegal - Illegal Content
frage auf paypal phishing seite angemeldet was tun,Illegal - Illegal Content
frage beim surfen im internet seiten mit nackten kindern entdeckt wie verhalten,Illegal - Illegal Content
frage bin ich auf eine paypal phishing mail reingefallen,Illegal - Illegal Content
frage erfahrungen mit eilgeld kredir phishing mail,Illegal - Illegal Content
frage filme ueber snuff filme,Illegal - Illegal Content
frage geld von paypal zurueck nach phishing angriff und wie lange,Illegal - Illegal Content
frage habe eine phishing seite enteckt wo kann ich die melden,Illegal - Illegal Content
frage habe phishing email beantwortet was muss ich machen,Illegal - Illegal Content
frage homepage mit extremen und illegalen inhalten,Illegal - Illegal Content
frage ist es illegal dinge aus der nazizeit versehen mit hk nach deutschland einzufuehren,Illegal - Illegal Content
frage kann man beim online poker eigentlich reales geld gewinnen oder ist das nur ein so eine abzocker masche,Illegal - Illegal Content
frage kann man eine abmahnung bekommen wenn man in youtube illegale inhalte hochlaedt,Illegal - Illegal Content
frage kind aus meiner klasse sagt heil hitler,Illegal - Illegal Content
frage melden illegaler inhalte bei filehostern geld verdienen,Illegal - Illegal Content
frage phishing daten abgeschickt chrome blockiert,Illegal - Illegal Content
frage phishing der polizei oder staatsanwaltschaft melden wenn ja wo,Illegal - Illegal Content
frage phishing email von bekannten,Illegal - Illegal Content
frage snuff filme fuer einen fast jaehrigen,Illegal - Illegal Content
frage strafanzeige wegen internetbetrugs trotz rueckerstattung,Illegal - Illegal Content
frage verdacht auf phishing email was ist nun zu tun,Illegal - Illegal Content
frage warnung vor phishing bei safari ernst nehmen,Illegal - Illegal Content
frage was tun wenn man auf den link einer phishing mail geklickt hat,Illegal - Illegal Content
frage wurde gephisht von phishing angriff erwischt,Illegal - Illegal Content
frau muss abspritzen nach vergewaltigung porno video,Illegal - Illegal Content
frauen kinder votzen nackt,Illegal - Illegal Content
frauen und kinder nackte bilder,Illegal - Illegal Content
galerie deutsche bank phishing e mails aktuell umlauf,Illegal - Illegal Content
galerien hier sehen sie phishing mails die gut bis sehr gut gemacht sind,Illegal - Illegal Content
geile nackte kinder,Illegal - Illegal Content
gratispisse vergewaltigungs video hot,Illegal - Illegal Content
hausfrau vergewaltigung video,Illegal - Illegal Content
Heil Hitler,Illegal - Illegal Content
heil hitler 88,Illegal - Illegal Content
heil hitler badge,Illegal - Illegal Content
heil hitler illegal,Illegal - Illegal Content
heil hitler laut Öffentlichkeit,Illegal - Illegal Content
heil hitler strafe,Illegal - Illegal Content
hexen vergewaltigung video,Illegal - Illegal Content
hinrichtungen live videos,Illegal - Illegal Content
hinrichtungen videos 2 weltkrieg,Illegal - Illegal Content
is hinrichtungen videos AS,Illegal - Illegal Content
isis hinrichtungen videos,Illegal - Illegal Content
it news vorsicht mitteilung paypal phishing mail,Illegal - Illegal Content
it sicherheit viren trojaner artikel phishing mail vom otto versand versucht trojaner unterzuschieben,Illegal - Illegal Content
Junge Boys Nackt Kinder,Illegal - Illegal Content
junge kinder nackt,Illegal - Illegal Content
kann man beim phishing erwischt werden,Illegal - Illegal Content
kann man jemanden wegen heil hitler anzeigen,Illegal - Illegal Content
kind kinder nackt,Illegal - Illegal Content
kinder beim arzt nackt,Illegal - Illegal Content
kinder doktor untersuchung nackt penis,Illegal - Illegal Content
kostenlos asiatische pornofilme vergewaltigung video,Illegal - Illegal Content
kostenlos porno filme mit vergewaltigungen ansehen ohne anmeldung video,Illegal - Illegal Content
kostenlose brutale vergewaltigung sex videos,Illegal - Illegal Content
kostenlose pornos ansehen uber massenvergewaltigung video,Illegal - Illegal Content
kostenlose sexgeschichten vergewaltigung polizistin video,Illegal - Illegal Content
kreditkartenbetrug hilfe achtung phishing emails von mastercard im umlauf,Illegal - Illegal Content
kreditkartenbetrug hilfe achtung phishing mail von visa und mastercard online betrug abteilung,Illegal - Illegal Content
kultur musik bekehrte neonazi zwillinge prussian blue haschisch heilt hitler,Illegal - Illegal Content
lisa vergewaltigungs video berlin,Illegal - Illegal Content
mac software safaris neuer phishing schutz unter der lupe,Illegal - Illegal Content
medien lana del rey in schock video vergewaltigt vergewaltigung fuer marilyn manson nachgestellt,Illegal - Illegal Content
mitfuehlen kinder nackt rumlaufen,Illegal - Illegal Content
mitglieder stammtisch phishing hinweis,Illegal - Illegal Content
mögliche reaktionen bei infizierung erste hilfe phishing,Illegal - Illegal Content
nachricht phishing variante imitiert amazon,Illegal - Illegal Content
nackt kinder,Illegal - Illegal Content
netzwelt web gefaelschte amazon e mails neue phishing variante im umlauf a,Illegal - Illegal Content
neue masche online,Illegal - Illegal Content
neueste phishing mails über ebay,Illegal - Illegal Content
news amazon phishing e mail echte namen konto eingeschraenkt wichtige mitteilung,Illegal - Illegal Content
news ausland ex geisel ueber schein hinrichtungen und folter videos so brutal quaelt jihadi john die gefangenen id,Illegal - Illegal Content
news ausland is vormarsch is veroeffentlicht video zu angeblicher enthauptung von us buerger id,Illegal - Illegal Content
news ausland sebastian edathy zu paedo vorwuerfen nacktbilder von kindern sind legal id,Illegal - Illegal Content
news gefahr von phishing angriffen sicherheitsluecke android user sollten spotify app aktualisieren,Illegal - Illegal Content
news google phishing e mails stehlen daten verschiedener e mail anbieter,Illegal - Illegal Content
news internet kriminalitaet phishing bande in berlin verhaftet,Illegal - Illegal Content
news internetanbieter werden verpflichtet illegale inhalte zu sperren,Illegal - Illegal Content
news schweiz kindesmissbrauch auch schweizer bestellten wie edathy videos mit nackten knaben id,Illegal - Illegal Content
news video streams vereinigte arabische emirate blockieren illegale inhalte,Illegal - Illegal Content
olg stuttgart ss zur strafbarkeit eines internetauftritts verlinkung zu illegalen websites bei distanzierung zu inhalten rechtens news,Illegal - Illegal Content
panorama amnesty bericht zur todesstrafe is videos verantwortlich fuer steigende zahl von hinrichtungen,Illegal - Illegal Content
panorama netzwelt apple id phishing betrueger werden immer raffinierter,Illegal - Illegal Content
panorama stern crime sex videos mit jungs jaehriger gesteht kindesmissbrauch,Illegal - Illegal Content
paypal phishing betrueger nutzen echte daten,Illegal - Illegal Content
paypal.de schutz vor phishing,Illegal - Illegal Content
phishing Attacke ärger mit der ferienhausvermittlung,Illegal - Illegal Content
politik ausland is enthauptung von peter kassig und syrischen soldaten auch ein brite und ein franzose sind im video zu sehen,Illegal - Illegal Content
politik ausland is verbreitet videos von schwulen hinrichtungen,Illegal - Illegal Content
politik deutschland nacktbilder von kindern bundestag verschaerft das sexualstrafrecht,Illegal - Illegal Content
porno ansehen gruppen porno vergewaltigung video,Illegal - Illegal Content
porno vergewaltigung einer frau videos,Illegal - Illegal Content
präsentation über phishing,Illegal - Illegal Content
pressinfo feldversuch zeigt anfaelligkeit fuer phishing,Illegal - Illegal Content
Proskauer Rose Phishing Scam,Illegal - Illegal Content
questions wie wehrt man sich gegen phishing,Illegal - Illegal Content
ratgeber amazon phishing verdaechtige aktivitaeten e mail was tun spam erkennen,Illegal - Illegal Content
rubrik diebstahl vertraulicher daten durch phishing,Illegal - Illegal Content
s fbc freunde judenschwein heil hitler,Illegal - Illegal Content
Schwule nackte kinder,Illegal - Illegal Content
schwule vergewaltigungs stories video,Illegal - Illegal Content
search kinder fotos afrika nackt,Illegal - Illegal Content
seiten informationen zu spear phishing emails aspx,Illegal - Illegal Content
seiten wo snuff filme gucken kann,Illegal - Illegal Content
Sex-video Thai-Vergewaltigung,Illegal - Illegal Content
sexy kinder nackt,Illegal - Illegal Content
sicherheit am pc fremdzugriff bestellung erfolgreich storniert amazon phishing,Illegal - Illegal Content
sleeping vergewaltigung video dauerficker video,Illegal - Illegal Content
snuff mit schwanz abschneiden filme,Illegal - Illegal Content
software schutz phishing,Illegal - Illegal Content
sr q jungen kinder nackt,Illegal - Illegal Content
strafe für kinder früher auf den nackten nassen po vom vater,Illegal - Illegal Content
strafrecht fotos nackter kinder,Illegal - Illegal Content
sub Gefälschte Amazon-Phishing-Mails im Umlauf,Illegal - Illegal Content
sub Phishing-Mail im Umlauf,Illegal - Illegal Content
sub Was tun gegen die neue Masche der Online-Betrüger,Illegal - Illegal Content
suche sex videos vergewaltigung gruppensex,Illegal - Illegal Content
suche teen vergewaltigung ficken sperma video gratis,Illegal - Illegal Content
süße kinder nackt,Illegal - Illegal Content
symantec studie deutschland phishing,Illegal - Illegal Content
synonyme gewalttätige inhalte,Illegal - Illegal Content
tag heil hitler,Illegal - Illegal Content
technik amazon spam mail amazon kundeninformation fordert konto login phishing mail fake datenabgleich auf l amazon com ist betrug,Illegal - Illegal Content
technik phishing attacke warnung fuer mastercard kunden,Illegal - Illegal Content
technik phishing attacken gefahren im internet abwehren,Illegal - Illegal Content
teen porno m dchen wird vergewaltigung hartkor porno video,Illegal - Illegal Content
teen vergewaltigungs video geile arztinnen,Illegal - Illegal Content
threads nur prozent der deutschen erkennen phishing mails,Illegal - Illegal Content
tipps so erkennen sie schnell gefaelschte web adressen anti phishing,Illegal - Illegal Content
tipps tricks workshops sicherheit artikel so erkennen sie phishing,Illegal - Illegal Content
tochter vergewaltigung porn video,Illegal - Illegal Content
vagina kinder nackt,Illegal - Illegal Content
vergewaltigung auf arabisch videos,Illegal - Illegal Content
vergewaltigung gezwungen filme video,Illegal - Illegal Content
video als krankenschwestern m dchen fucking vergewaltigung,Illegal - Illegal Content
video anale vergewaltigung szene,Illegal - Illegal Content
video asiatische m dchen sex als vergewaltigung,Illegal - Illegal Content
video diejenigen die gerne vergewaltigung porno,Illegal - Illegal Content
video massenvergewaltigung sextube pornostick,Illegal - Illegal Content
videos is hinrichtungen palmyra syrien blut,Illegal - Illegal Content
videos massenvergewaltigung anime sex videos,Illegal - Illegal Content
videos saudi arabia hinrichtungen,Illegal - Illegal Content
viele nackte bilder von kinder,Illegal - Illegal Content
vorsicht phishing spam angriff auf kunden der deutschen bank,Illegal - Illegal Content
was kann man gegen phishing mails tun,Illegal - Illegal Content
was tun gegen phishing und gefaelschte e mails,Illegal - Illegal Content
web news achtung gefaehrliche phishing mails im umlauf,Illegal - Illegal Content
Wie kann ich sehen ob phishing Dateien auf meinem smartphone sind,Illegal - Illegal Content
woran erkennt man eine phishing mail,Illegal - Illegal Content
www.nackte kinder boys,Illegal - Illegal Content
www.nackte kinder teenis,Illegal - Illegal Content
www.nackte kinder.com,Illegal - Illegal Content
x video nachgespielte vergewaltigung s video,Illegal - Illegal Content
1 kg Kokain in einer Frau,Illegal - Illegal Drugs
1 tonne kokain belgien,Illegal - Illegal Drugs
aktuelles new york times mit kampagne fuer cannabis legalisierung,Illegal - Illegal Drugs
alkohol und kokain körperlicher entzug,Illegal - Illegal Drugs
alle legalen und illegalen drogen,Illegal - Illegal Drugs
anwalt geringe menge cannabis,Illegal - Illegal Drugs
anzeichen bei drogenkonsum kokain,Illegal - Illegal Drugs
artikel chronik im ueberblick lokal millionen fund polizei beschlagnahmt kilo kokain,Illegal - Illegal Drugs
artikel fakten ueber illegale harte drogen,Illegal - Illegal Drugs
artikel rettung in der heroin ambulanz,Illegal - Illegal Drugs
artikel suechtigmacher heroin,Illegal - Illegal Drugs
baby pille wirkung balera auf lsd,Illegal - Illegal Drugs
baden wurttemberg cannabis,Illegal - Illegal Drugs
bauchschmerzen nach mdma vorbeugen,Illegal - Illegal Drugs
behandlungen gegen cannabis,Illegal - Illegal Drugs
bei wieviel cannabis darf bei mir haben top,Illegal - Illegal Drugs
besser lsd als alkohol und nikotin,Illegal - Illegal Drugs
Bilder von Ecstasy kranken,Illegal - Illegal Drugs
bitterer Geschmack Kokain,Illegal - Illegal Drugs
bläschen lippen innen nach ecstasy,Illegal - Illegal Drugs
blog petition deutschlandweite legalisierung von cannabis unter staatlicher kontrolle,Illegal - Illegal Drugs
bremen cannabis legalisierung,Illegal - Illegal Drugs
Cannabis Haschisch Marihuana Hanf,Illegal - Illegal Drugs
Crack kokain sucht,Illegal - Illegal Drugs
crystal mit haschisch,Illegal - Illegal Drugs
darf man bei neuer gesetzeslage offiziell legal cannabis über die grenze bringen wieviel,Illegal - Illegal Drugs
darf man cannabis rauchen,Illegal - Illegal Drugs
darf man in Berlin bis zu 10 Gramm Cannabis mit sich rum,Illegal - Illegal Drugs
Depressionen Cannabis auf Rezept,Illegal - Illegal Drugs
der tag bundesgericht erlaubt krankem cannabis anbau zu hause article,Illegal - Illegal Drugs
Deutschland kokain konsum,Illegal - Illegal Drugs
droge ecstasy herkunft,Illegal - Illegal Drugs
drogen im visier ecstasy dokumentation,Illegal - Illegal Drugs
Drogen im visier Krokodil,Illegal - Illegal Drugs
Drogen Vergiftung durch cannabis ?,Illegal - Illegal Drugs
erörterung legalisierung von cannabis,Illegal - Illegal Drugs
europaeer stecken milliarden in illegale drogen,Illegal - Illegal Drugs
fliegen auf ecstasy flugangst,Illegal - Illegal Drugs
frage alkohol und heroin,Illegal - Illegal Drugs
frage angst vor heroin etc,Illegal - Illegal Drugs
frage auf die einnahme von ecstasy vorbereiten,Illegal - Illegal Drugs
frage darf ma etwas illegales stehlenwie gestohlenes geld drogen,Illegal - Illegal Drugs
frage droge krokodil frage an die chemiker und biologen,Illegal - Illegal Drugs
frage einbildungen durch cannabis,Illegal - Illegal Drugs
frage einer meiner brueder raucht in seiner wohnung oft cannabis und konsumiert,Illegal - Illegal Drugs
frage erstes mal ecstasy eingenommen benommenheit immer noch nach tagen,Illegal - Illegal Drugs
frage gab es illegale drogen in der ddr,Illegal - Illegal Drugs
frage gegengift fuer lsd,Illegal - Illegal Drugs
frage haschisch das erste mal probiert,Illegal - Illegal Drugs
frage haschisch flecken auf kleidung entfernen,Illegal - Illegal Drugs
frage kann cannabis auch schlau machen,Illegal - Illegal Drugs
frage kann dies heroin sein,Illegal - Illegal Drugs
frage kann ecstasy auch schon abhaengig machen wenn man es nur einmal probiert,Illegal - Illegal Drugs
frage kann kein wasserlassen nach mdma was kann ich tuhn,Illegal - Illegal Drugs
frage kann man ab mdma haengen bleiben,Illegal - Illegal Drugs
frage kann man an lsd sterben,Illegal - Illegal Drugs
frage kann man beim heroin entzug fuer denn affen tage subutex nehmen oder verschiebt das subutex denn entzug nur,Illegal - Illegal Drugs
frage kann man ecstasy ins getraenk bekommen,Illegal - Illegal Drugs
frage kann man erkennen ob jemand heroin nimmt,Illegal - Illegal Drugs
frage kann man heroin mit der zunge schmecken,Illegal - Illegal Drugs
frage kann man von lsd flashbacks haengen bleiben,Illegal - Illegal Drugs
frage kann mann im bluttest sehen ob mann gras oder haschisch geraucht hat,Illegal - Illegal Drugs
frage kann vom ecstasy einfach so das herz stehen bleiben,Illegal - Illegal Drugs
frage kennt wer diese xtc pille,Illegal - Illegal Drugs
frage kieferkribbeln nach erstem ecstasy konsum,Illegal - Illegal Drugs
frage komisches verhalten nach ecstasy konsum,Illegal - Illegal Drugs
frage konsequenzen einer grenzkrontrolle auf marijuhana,Illegal - Illegal Drugs
frage krokodil droge,Illegal - Illegal Drugs
frage mittel gegen speed amphetamine,Illegal - Illegal Drugs
frage schwere depressionen nur cannabis kann helfen,Illegal - Illegal Drugs
frage schwindel nach cannabis konsum was tun,Illegal - Illegal Drugs
frage sollen haschisch und marihuana dem alkohol gesetzlich gleichgestellt werden,Illegal - Illegal Drugs
frage stimmt es das reines heroin nicht schaedlich fuer den koerper ist,Illegal - Illegal Drugs
frage substanz die aussieht wie kokain,Illegal - Illegal Drugs
frage unterschied zwischen ecstasy und lsd,Illegal - Illegal Drugs
frage was ist an illegalen drogen so toll,Illegal - Illegal Drugs
frage wie behandelt man eine substanzinduzierte psychose cannabis,Illegal - Illegal Drugs
frage wie erkenne ich ob mein vater heroin nimmt,Illegal - Illegal Drugs
frage wie gefaehrlich ist cannabis und wieso ist es verboten,Illegal - Illegal Drugs
frage wie kann man von kokain runterkommen,Illegal - Illegal Drugs
frage wie lange in stunden wirkt xtc,Illegal - Illegal Drugs
frage wie lange ist lsd oder ecstasy im blut oder orin nachweisbar,Illegal - Illegal Drugs
frage wie schnell wird man von amphetaminen speed pepp suechtig bei taeglicher einnahme,Illegal - Illegal Drugs
frage wieviel gramm haschisch pro joint anfaenger,Illegal - Illegal Drugs
frage wirkung von haschisch schwaechen,Illegal - Illegal Drugs
frage wo kriegt man legal eigentlich illegale drogen herreferat,Illegal - Illegal Drugs
führerschein in probezeit durch cannabis verloren was tun,Illegal - Illegal Drugs
gelbe Handgranaten Ecstasy wie viel MDMA,Illegal - Illegal Drugs
gerichtsurteil heute cannabis,Illegal - Illegal Drugs
geruch von cannabis,Illegal - Illegal Drugs
gesundheit droge ecstasy ist gesundheitsschaedlich,Illegal - Illegal Drugs
gesundheit ecstasy diskomusik verlaengert drogenrausch,Illegal - Illegal Drugs
gibt es lsd mit geschmack?,Illegal - Illegal Drugs
Gras Online Kaufen,Illegal - Illegal Drugs
Gutes Kokain,Illegal - Illegal Drugs
habe es nicht gemerkt dass meine mutter heroin süchtig ist,Illegal - Illegal Drugs
habe heroin bei meinem vater gefunden,Illegal - Illegal Drugs
haben cannabis lollies eine Wirkung,Illegal - Illegal Drugs
hebt amphetamin die wirkung von ecstasy auf ?,Illegal - Illegal Drugs
heroin und kokain aus dem automaten,Illegal - Illegal Drugs
heroin und kokain ihre auswirkungen auf die psyche,Illegal - Illegal Drugs
herzstechen nach ecstasy,Illegal - Illegal Drugs
ich hab vor 3 tagen ecstasy genommen und ich geht es immer noch nicht gut,Illegal - Illegal Drugs
ich habe heute lsd genommen und muss gleich arbeiten,Illegal - Illegal Drugs
ihr gehirn wurde von ecstasy gebraten was sie sieht nun so werden sie nie glauben,Illegal - Illegal Drugs
illegale drogen am arbeitsplatz,Illegal - Illegal Drugs
im schlaf drauf werden Ecstasy,Illegal - Illegal Drugs
immer noch kein Bescheid von polizei wegen Cannabis,Illegal - Illegal Drugs
junge Cannabis Blüte rauchen,Illegal - Illegal Drugs
kann man cannabis essen,Illegal - Illegal Drugs
kann man lsd mit gras mischen,Illegal - Illegal Drugs
kann man von ecstasy süchtig werden,Illegal - Illegal Drugs
ketamin lsd mischkonsum,Illegal - Illegal Drugs
ketamine mdma,Illegal - Illegal Drugs
kiffen abnehmen cannabis n,Illegal - Illegal Drugs
kiffen cannabis muenchen n,Illegal - Illegal Drugs
kiffen und lsd,Illegal - Illegal Drugs
kilo kokain in frau,Illegal - Illegal Drugs
kokain mit lsd,Illegal - Illegal Drugs
komische gedanken cannabis,Illegal - Illegal Drugs
komme vom cannabis nicht weg,Illegal - Illegal Drugs
krokodil droge haut,Illegal - Illegal Drugs
leukämie cannabis behandlung,Illegal - Illegal Drugs
Mieter nimmt Haschisch. was kann ich tun,Illegal - Illegal Drugs
morphin cannabis vergleich,Illegal - Illegal Drugs
müdigkeit und erschöpfung bewegungsstarre von ecstasy,Illegal - Illegal Drugs
nach ecstasy mundfleisch gebissen,Illegal - Illegal Drugs
nachrichten erster ecstasy shop eroeffnet in amsterdam,Illegal - Illegal Drugs
naturheilpraxis alkoholsucht mit lsd behandeln,Illegal - Illegal Drugs
news gruenen chef oezdemir wir brauchen ein cannabis kontrollgesetz,Illegal - Illegal Drugs
news grune lassen bei der freigabe von cannabis nicht locker,Illegal - Illegal Drugs
news haschisch cannabis zuechter wurde hart bestraft,Illegal - Illegal Drugs
oesterreich chronik polizei fand kilo kokain in deutschem pkw,Illegal - Illegal Drugs
panorama ecstasy und wasser das wasser aber bitte mit mass,Illegal - Illegal Drugs
panorama gesellschaft drogenreport ecstasy,Illegal - Illegal Drugs
panorama wissen cannabis urteil wie kompliziert ist hanfanbau,Illegal - Illegal Drugs
panorama wissen natur partydroge ecstasy macht gehirn wehrlos,Illegal - Illegal Drugs
panorama wissen natur studie haschisch macht spermien schwach,Illegal - Illegal Drugs
penis schlaff wegen kokain,Illegal - Illegal Drugs
pilze und ecstasy,Illegal - Illegal Drugs
politik ausland drogen in dubai vier jahre haft fuer einen kruemel haschisch a,Illegal - Illegal Drugs
räucherstäbchen cannabis,Illegal - Illegal Drugs
region nuernberg kilo haschisch geschmuggelt mann drohen jahre haft,Illegal - Illegal Drugs
regional hamburg kokain fund mit dem zollschiff bild,Illegal - Illegal Drugs
reicht ein joint mit Haschisch aus,Illegal - Illegal Drugs
reines heroin unschädlich,Illegal - Illegal Drugs
rostock klinik behandlung mit cannabis,Illegal - Illegal Drugs
schadet cannabis haustieren,Illegal - Illegal Drugs
schlagwort liquid ecstasy bestellen,Illegal - Illegal Drugs
senkt cannabis unser testosteron,Illegal - Illegal Drugs
sorgerechtstreit vater nimm cannabis,Illegal - Illegal Drugs
Spermien durch cannabis unfruchtbar,Illegal - Illegal Drugs
spinnen auf cannabis vernichten,Illegal - Illegal Drugs
stadtpolizei zuerich stellt ueber kilogramm heroin sicher detail,Illegal - Illegal Drugs
stirbt man durch ecstasy schnell,Illegal - Illegal Drugs
strafmaß 10 kg haschisch,Illegal - Illegal Drugs
Sucht Kindheit Heroin,Illegal - Illegal Drugs
synthetische drogen 2016,Illegal - Illegal Drugs
tage nach ecstasy konsum,Illegal - Illegal Drugs
Tee mit Cannabis Samen,Illegal - Illegal Drugs
threads welches ist das beste heroin streckmittel,Illegal - Illegal Drugs
threads wie lange kann man heroin im urin test feststellen,Illegal - Illegal Drugs
triebe und blätter von cannabis pflanze trocknen und rauchen,Illegal - Illegal Drugs
tv ecstasy kokain und amphetamine was partydrogen noch gefaehrlicher macht,Illegal - Illegal Drugs
unbewusst kokain konsumiert,Illegal - Illegal Drugs
unterschied ecstasy speed,Illegal - Illegal Drugs
unterschied lsd und extasy,Illegal - Illegal Drugs
unterschied zwischen haschisch und marihuana,Illegal - Illegal Drugs
veraendert ecstasy das gehirn?,Illegal - Illegal Drugs
verändert cannabis die leberwerte,Illegal - Illegal Drugs
veränderung der pupille bei Haschisch,Illegal - Illegal Drugs
Viagra und Kokain,Illegal - Illegal Drugs
vier albaner heroin prozess basel,Illegal - Illegal Drugs
was ist der unterschied zwischen legalen und illegalen drogen,Illegal - Illegal Drugs
was ist haschisch,Illegal - Illegal Drugs
was ist mdma droge,Illegal - Illegal Drugs
was ist stärker haschisch oder gras,Illegal - Illegal Drugs
was kostet ecstasy,Illegal - Illegal Drugs
was kostet lsd,Illegal - Illegal Drugs
was macht kokain AS,Illegal - Illegal Drugs
was macht lsd mit dem körper,Illegal - Illegal Drugs
was neutralisiert cannabis im Blut,Illegal - Illegal Drugs
Was passiert wenn man jahre lang cannabis nehmt,Illegal - Illegal Drugs
was tun bei heroin überdosis,Illegal - Illegal Drugs
Wer bestimmt eigentlich warum und wann über legal und illegale Drogen,Illegal - Illegal Drugs
wie hält cannabis am längsten frisch,Illegal - Illegal Drugs
Wie kann ich cannabis aus Blut und Urin schneller abbauen,Illegal - Illegal Drugs
wie koche ich heroin auf,Illegal - Illegal Drugs
wie kommen Kiffer an Cannabis,Illegal - Illegal Drugs
wie kommt heroin in den körper,Illegal - Illegal Drugs
wie lange bleibt kokain im urin,Illegal - Illegal Drugs
wie lange dauert es bis ecstasy wirkt,Illegal - Illegal Drugs
Wie lange ist Haschisch nachweisbar nachmittag urin,Illegal - Illegal Drugs
wie merkt man dass man von Ecstasy abhängig ist,Illegal - Illegal Drugs
Wie nimmt man lsd,Illegal - Illegal Drugs
wie viele sterben jährlich an illegalen drogen top,Illegal - Illegal Drugs
wieviel haschisch darf man besitzen,Illegal - Illegal Drugs
woran erkennt man echtes Kokain,Illegal - Illegal Drugs
zocken auf lsd,Illegal - Illegal Drugs
GATOR,Illegal - Spyware/Malware
alternative zu radmin viewer,Illegal - Spyware/Malware
foren fernwartung radmin ubers internet,Illegal - Spyware/Malware
forum podskazhite kak mozhno nastroit podkljuchenie k radmin serveru cherez internet,Illegal - Spyware/Malware
forum threads remote desktop radmin rechner neustarten,Illegal - Spyware/Malware
logiciels windows reseaux telnet terminaux telecharger radmin viewer,Illegal - Spyware/Malware
mit radmin,Illegal - Spyware/Malware
netzwerk tools radmin remote control netzwerk verwaltung remote administration,Illegal - Spyware/Malware
produkte radmin remote control software fuer server und arbeitsrechner,Illegal - Spyware/Malware
radmin famatech remote admin fernverwaltung,Illegal - Spyware/Malware
radmin server and viewer,Illegal - Spyware/Malware
softwarevorstellungen radmin fernwartungstool remote control,Illegal - Spyware/Malware
thread probleme bei radmin remote einrichtung,Illegal - Spyware/Malware
wo wird im radmin protokolliert,Illegal - Spyware/Malware
032211001272 sie könnte spyware oder adware,Illegal - Spyware/Malware
1 wie merke ich spyware auf computer,Illegal - Spyware/Malware
3D Bubble Sound Spyware entfernen,Illegal - Spyware/Malware
adware und spyware entfernen,Illegal - Spyware/Malware
anti spyware coalition definiert gemeinsame sicherheitsstandards von software,Illegal - Spyware/Malware
anti spyware für handy,Illegal - Spyware/Malware
anti spyware für win 98,Illegal - Spyware/Malware
antivirus spyware firewall f hilfe mehrere fenster oeffnen beim start virus,Illegal - Spyware/Malware
antivirus spyware firewall f rechner schmiert immer ab softwarekonflikt virus,Illegal - Spyware/Malware
antivirus spyware firewall f uhr verstellt immerwieder virus,Illegal - Spyware/Malware
artikel unternehmen sehen spyware file sharing und instant messaging nicht als sicherheitsbedrohung,Illegal - Spyware/Malware
bestes spyware programm kostenlos,Illegal - Spyware/Malware
bitdefender antivirus protection spyware virus telecharger telechargement,Illegal - Spyware/Malware
blog so sicher ist ios vor viren und spyware,Illegal - Spyware/Malware
bmwsyndikatforum topic hilfe kann nicht spyware entfernen computer software,Illegal - Spyware/Malware
computer sicherheit id tid rl single lightbox poid avira antivirus verdaechtigt sich selbst als spyware,Illegal - Spyware/Malware
computer zeigt spyware oder adware,Illegal - Spyware/Malware
de bosspy com t ich muss wissen ob spyware auf meinen gatten telefon installiert werden kann,Illegal - Spyware/Malware
de bosspy com t was spyware installiert werden können ziel handy ohne havbing physischen zugriff kostenlos,Illegal - Spyware/Malware
digitale mafia setzt auf spyware statt auf spam,Illegal - Spyware/Malware
dl adware und spyware entfernen kostenlos,Illegal - Spyware/Malware
dl anti spyware kostenlos echtzeitschutz,Illegal - Spyware/Malware
dl kostenloser trojaner scanner spyware,Illegal - Spyware/Malware
dossiers spywares generalites,Illegal - Spyware/Malware
download sicherheit spyware entferner,Illegal - Spyware/Malware
empfehlungen spyware terminator,Illegal - Spyware/Malware
Entfernung von Spyware,Illegal - Spyware/Malware
f computerforum t fragen und antworten zu viren trojanern spyware page,Illegal - Spyware/Malware
forum forums sicherheit viren trojaner spyware usw,Illegal - Spyware/Malware
forum security and spam verdaechtige registryschluessel spyware,Illegal - Spyware/Malware
forum viren spyware datenschutz absolut sichere passwortabfrage,Illegal - Spyware/Malware
forum viren spyware datenschutz achtung an tankstellen,Illegal - Spyware/Malware
forum viren spyware datenschutz achtung phishingmails angeblich von amazon,Illegal - Spyware/Malware
frage firefox in ihrem system wurde eine spyware entdeckt,Illegal - Spyware/Malware
frage habe ich spyware auf meinem iphone s,Illegal - Spyware/Malware
frage ich habe andauernd einblendungen in ihrem system wurde eine spyware entdeckt entfernen,Illegal - Spyware/Malware
frage iphone virus bzw spyware durch ein skype bild,Illegal - Spyware/Malware
frage kennt jemand eine kostenlose handy spyware android,Illegal - Spyware/Malware
frage kostenlose entfernung von hijacker spyware und malware,Illegal - Spyware/Malware
frage malware spyware virus ueberall werbung pc ist langsam,Illegal - Spyware/Malware
frage meldung von spyware wird angezeigt ist das ein virus,Illegal - Spyware/Malware
frage spyware auf dem eigenen handy loeschen,Illegal - Spyware/Malware
frage spyware auf iphone,Illegal - Spyware/Malware
frage werbung auf jeder seite spyware entfernen,Illegal - Spyware/Malware
frage woran erkennt man das sich spyware auf dem iphone befindet,Illegal - Spyware/Malware
freund hat spyware auf handy installiert,Illegal - Spyware/Malware
freundin hat spyware installiert welche app findet diese,Illegal - Spyware/Malware
gibt es eine threema spyware,Illegal - Spyware/Malware
handy auf spyware prüfen,Illegal - Spyware/Malware
handy nach spyware durchsuchen,Illegal - Spyware/Malware
hfr windowssoftware virus spywares fichiers blanches demarrage sujet,Illegal - Spyware/Malware
internet anti spyware telechargement,Illegal - Spyware/Malware
internetprobleme trotz guter verbindung spyware,Illegal - Spyware/Malware
it sicherheit it risiken artikel kostenloser schutz vor spyware rootkits und keylogger,Illegal - Spyware/Malware
kampf gegen spyware software tools windows,Illegal - Spyware/Malware
können mit spyware auch die alten nachrichten gelesen werden,Illegal - Spyware/Malware
Kostenlose Sicherheits-Software spürt Spyware auf,Illegal - Spyware/Malware
kostenlose spyware vollversion,Illegal - Spyware/Malware
lookout auch gegen spyware,Illegal - Spyware/Malware
malware spyware kostenlos entfernen,Illegal - Spyware/Malware
malware spyware sicher entfernen,Illegal - Spyware/Malware
malware und spyware entfernen HS,Illegal - Spyware/Malware
meldung von website sie könnten spyware haben,Illegal - Spyware/Malware
meldung von website spyware oder adware,Illegal - Spyware/Malware
Mit Windows Defender nach Spyware suchen,Illegal - Spyware/Malware
news android zwischenhaendler sollen spyware auf smartphones installieren,Illegal - Spyware/Malware
news angebliche anti spyware installiert adware,Illegal - Spyware/Malware
news anwalt fall origin spyware klausel noch undurchsichtiger,Illegal - Spyware/Malware
news artikel bundesgericht spyware im buero verboten,Illegal - Spyware/Malware
news betriebssysteme artikel microsoft aktualisiert kostenlosen spyware schutz,Illegal - Spyware/Malware
news gegenangriffe auf anti spyware und kritische geister,Illegal - Spyware/Malware
news it branche artikel bundesgericht spyware im buero verboten,Illegal - Spyware/Malware
news spionagesoftware carrier iq spyware sammelt nutzer daten ueber millionen von smartphones,Illegal - Spyware/Malware
pc auf maleware und spyware untersuchen lassen,Illegal - Spyware/Malware
pc zurücksetzen hilft gegen spyware,Illegal - Spyware/Malware
produkte die spyware tools im einzelnen das taugen antispyware tools wirklich,Illegal - Spyware/Malware
questions wie werde ich spyware los,Illegal - Spyware/Malware
ratgeber add und spyware oft nicht ausreichend deklariert,Illegal - Spyware/Malware
ratgeber adware und spyware entfernen,Illegal - Spyware/Malware
russische spyware,Illegal - Spyware/Malware
schutz vor spyware,Illegal - Spyware/Malware
schutz vor spyware aktivieren windows,Illegal - Spyware/Malware
search internet spyware,Illegal - Spyware/Malware
securite malwares desinfectez machine se debarrasser virus win spyware,Illegal - Spyware/Malware
serverfehler kamera durch spyware,Illegal - Spyware/Malware
sicher vor spyware,Illegal - Spyware/Malware
sicherheit viren und spam virus spyware oder was auch immer,Illegal - Spyware/Malware
Spybot 2.3 jagt Spyware jetzt schneller,Illegal - Spyware/Malware
spyware adware malware entfernen mit Spy Hunter tests erfahrungen,Illegal - Spyware/Malware
spyware android auf dem Handy finden,Illegal - Spyware/Malware
su diese warnung ueber eine spyware infektion was tun,Illegal - Spyware/Malware
sub Télécharger Adware Spyware Scanner Deleter,Illegal - Spyware/Malware
suche app um meine handy nach spyware zu ueberpruefen,Illegal - Spyware/Malware
telecharger anti spyware detekt,Illegal - Spyware/Malware
testbericht anti spyware gute reinigungskraft,Illegal - Spyware/Malware
threads spyware unter anderem beeintraechtigung der system uhr,Illegal - Spyware/Malware
tipps notfall system fuer windows so untersuchen sie ihr system gezielt auf spyware,Illegal - Spyware/Malware
tipps tricks kummerkasten internet artikel doubleclick cookies spyware oder nicht,Illegal - Spyware/Malware
tipps tricks windows spyware erkennen und entfernen,Illegal - Spyware/Malware
tipps windows xp vista mit defender nach spyware suchen,Illegal - Spyware/Malware
Tool Adware Spyware Entfernen Kostenlos,Illegal - Spyware/Malware
über wlan spyWare auf dem Handy wie entferne,Illegal - Spyware/Malware
verbreitung von spyware,Illegal - Spyware/Malware
videos software werbevideo fuer die spyware stealthgenie,Illegal - Spyware/Malware
viren and trojaner adwcleaner adware spyware entfernen,Illegal - Spyware/Malware
viren and trojaner spybot search and destroy spyware schutz,Illegal - Spyware/Malware
viren wuermer trojaner wie schuetze ich mein notebook optimal vor viren wuermern trojanern und spyware,Illegal - Spyware/Malware
was machen wenn Laptop anzeigt spyware,Illegal - Spyware/Malware
werbung und spyware entfernen Tool,Illegal - Spyware/Malware
wie entdecke ich spyware,Illegal - Spyware/Malware
wie erkenne ich spyware auf meinem handy,Illegal - Spyware/Malware
wie kann ich mein handy auf spyware überprüfen,Illegal - Spyware/Malware
Wie kann ich Spyware entfernen top,Illegal - Spyware/Malware
wie spyware entfernen,Illegal - Spyware/Malware
windows allgemein habe mir spyware malware eingefangen,Illegal - Spyware/Malware
windows allgemeines meldungen kein virenschutz kein schutz spyware trotz avast internet security,Illegal - Spyware/Malware
android bka trojaner tablet gesicherten modus,Illegal - Spyware/Malware
bka trojaner vom handy löschen,Illegal - Spyware/Malware
bka trojaner von Android entfernen,Illegal - Spyware/Malware
blog acedeceiver erster trojaner fuer ios entdeckt,Illegal - Spyware/Malware
bundespolizei trojaner entfernen schweiz,Illegal - Spyware/Malware
community threads xagent ein trojaner laeuft auf ios auch ohne jailbreak,Illegal - Spyware/Malware
den Virus oder Trojaner anzeigen,Illegal - Spyware/Malware
digital computer locky der erpressungs trojaner hat eine neue masche,Illegal - Spyware/Malware
dl trojaner entfernen deutsch freeware,Illegal - Spyware/Malware
dl trojaner entfernen kostenlos deutsch,Illegal - Spyware/Malware
forum viren spyware datenschutz habe ein paar trojaner drauf,Illegal - Spyware/Malware
forum viren spyware datenschutz trojaner schaut bitte rein sehr sehr wichtig,Illegal - Spyware/Malware
forum viren spyware datenschutz virus oder trojaner in einem link versteckt,Illegal - Spyware/Malware
frage bka trojaner ausspaehung von passwoertern,Illegal - Spyware/Malware
frage brauche hilfe gegen trojaner,Illegal - Spyware/Malware
frage bundeswehr trojaner,Illegal - Spyware/Malware
frage eigenen computer mit trojaner infizieren um ihn diebstahlsicher zu machen,Illegal - Spyware/Malware
frage hilfe hab ich jetzt einen trojaner auf dem handy,Illegal - Spyware/Malware
frage iphone problem angeblich ein trojaner,Illegal - Spyware/Malware
frage komische abbuchung vom konto kann das ein trojaner bzw datenklau sein,Illegal - Spyware/Malware
frage mobilcom debitel angeblicher trojaner fuer rechnungserhoehungen,Illegal - Spyware/Malware
frage muss ich mir sorgen machen trojaner hack,Illegal - Spyware/Malware
frage pc gesperrt von interpolpolizei trojaner virus,Illegal - Spyware/Malware
frage trojaner auf meinem smartphone,Illegal - Spyware/Malware
frage trojaner auf smartphone entfernen,Illegal - Spyware/Malware
frage trojaner in virtualbox wird vom virenprogramm erkannt,Illegal - Spyware/Malware
frage trojaner loeschen,Illegal - Spyware/Malware
frage virus auf android handy glaube trojaner,Illegal - Spyware/Malware
frage virus oder trojaner durch polizeiwarnung im internet,Illegal - Spyware/Malware
frage was kann ein trojaner virus alles anrichten,Illegal - Spyware/Malware
frage was soll ich gegen einen backdoor trojaner machen,Illegal - Spyware/Malware
frage was tun wenn ich trojaner auf dem pc habe,Illegal - Spyware/Malware
frage welcher ist eurer meinung nach der schlimmste trojaner ect,Illegal - Spyware/Malware
frage wie verhalten bei trojaner auf pc,Illegal - Spyware/Malware
Hilfe Trojaner,Illegal - Spyware/Malware
iPhone Schutz gegen Trojaner,Illegal - Spyware/Malware
jigsaw trojaner wütet,Illegal - Spyware/Malware
malware trojaner entfernen page,Illegal - Spyware/Malware
Malware und Trojaner erkennen top,Illegal - Spyware/Malware
news achtung gefaehrliche hoernachricht bringt trojaner als sprach nachricht getarnt,Illegal - Spyware/Malware
news dlr spionage raumfahrtzentrum opfer trojaner hacker,Illegal - Spyware/Malware
news jigsaw trojaner loescht dateien vom computer,Illegal - Spyware/Malware
news neue windows malware infiziert android geraete trojaner,Illegal - Spyware/Malware
news sicherheit erpresser trojaner locky wuetet in deutschland,Illegal - Spyware/Malware
news sicherheit freunde versenden trojaner facebook,Illegal - Spyware/Malware
news trojaner gauss giert nach online banking daten,Illegal - Spyware/Malware
politik minuten ch wieder opfer von trojaner,Illegal - Spyware/Malware
Polizei Trojaner Smartphone,Illegal - Spyware/Malware
stern trojaner,Illegal - Spyware/Malware
thema trojaner in musik app gefunden,Illegal - Spyware/Malware
topic trojaner auf exchange oder relay,Illegal - Spyware/Malware
Trojaner auf android Geräten löschen Sie den bis erpresser,Illegal - Spyware/Malware
trojaner auf pc was tun,Illegal - Spyware/Malware
trojaner auf windows lumia möglich,Illegal - Spyware/Malware
trojaner entfernen lassen kosten,Illegal - Spyware/Malware
Trojaner Keylogger,Illegal - Spyware/Malware
trojaner löschen durch computer neu aufsetzen,Illegal - Spyware/Malware
trojaner nur auf einem pc,Illegal - Spyware/Malware
trojaner smartphone von sd karte löschen,Illegal - Spyware/Malware
trojaner und viren entfernen kostenlos deutsch,Illegal - Spyware/Malware
viren wuermer trojaner unbekanntes programm,Illegal - Spyware/Malware
virus trojaner entfernen,Illegal - Spyware/Malware
was ist ein trojaner .,Illegal - Spyware/Malware
was tun bei trojaner,Illegal - Spyware/Malware
wie entfernt man trojaner vom Handy samsung,Illegal - Spyware/Malware
wie erkenne ich trojaner auf android,Illegal - Spyware/Malware
Windows 10 Trojaner Entfernen,Illegal - Spyware/Malware
windows phone trojaner wie finden,Illegal - Spyware/Malware
windows trojaner entfernen,Illegal - Spyware/Malware
trojaner verschicken tutorial,Illegal - Spyware/Malware
people tv hotshots nach todesdrohung gegen ex verlobte einstweilige verfuegung gegen charlie sheen id,Illegal - Threats
regional bayern bayern bamberger erzbischof schick bekommt todesdrohungen;art,Illegal - Threats
nazis todesdrohungen journalisten n,Illegal - Threats
politik ausland ex praesident der malediven mohamed nasheed im interview nach diesem interview werde ich noch mehr todesdrohungen bekommen,Illegal - Threats
frage was tun bei todesdrohung hilfe bin verzweifelt,Illegal - Threats
whatsapp kettenbrief todesdrohungen sprachnachricht,Illegal - Threats
news ausland mohammed schmaehungen mann wegen todesdrohung gegen charlie hebdo chef festgenommen id,Illegal - Threats
news n feyenoord festnahmen nach todesdrohung,Illegal - Threats
news schweiz missionarin beatrice s geht trotz todesdrohungen zurueck nach timbuktu die schweiz hat die duemmsten geiseln der welt id,Illegal - Threats
Berlin kritisiert Timoschenkos Todesdrohung gegen Präsident Putin leider Jahre zu spät die Klücke hätte nie in Deutschland medizienisch behandelt werden dürfen,Illegal - Threats
de sputniknews com politik berlin kritisiert timoschenkos todesdrohung gegen prsident putin,Illegal - Threats
panorama gesellschaft verkleidet als bostoner terror opfer todesdrohungen fuer halloween kostuem,Illegal - Threats
panorama leute trump akt beschert kuenstlerin todesdrohungen a,Illegal - Threats
panorama stern crime nach ehrenmord urteil todesdrohung gegen staatsanwalt,Illegal - Threats
kettenbrief todesdrohungen,Illegal - Threats
frage heimliche videoaufnahmen waehrend msn camchat drohung es online zu stellen strafbar,Illegal - Threats
nachrichten badische zeitung terrordrohung in istanbul gefaehrdetes deutschland kommentar von annemarie roesch,Illegal - Threats
politik ausland terrordrohung westliche laender rufen zum verlassen von bengasi auf,Illegal - Threats
politik deutschland afd vorsitzende ueber terrordrohungen gegen pegida durch die verunglimpfung der demonstranten wurde die situation verschaerft a,Illegal - Threats
politik deutschland nach terrordrohung pegida sagt montagsdemonstration in dresden ab,Illegal - Threats
terrordrohung aktuell,Illegal - Threats
terrordrohung deutschland märz 2016,Illegal - Threats
terrordrohung gegen deutschland is ruft zu anschlag auf kanzleramt auf,Illegal - Threats
nachricht psychospiele drohungen leistungsdruck ex mitarbeiter packt aus bei apple herrscht klima einschuechterung manipulation,Illegal - Threats
was passiert wenn ich jemanden wegen drohungen anzeige,Illegal - Threats
frage sind diese drohungen strafbar,Illegal - Threats
nachrichten deutsche bank neue drohungen aus den usa,Illegal - Threats
people rundschau moderator sandro brotz ich erhalte drohungen gegen leib und leben id,Illegal - Threats
frage strafe wegen drohungen usw jugendlichgesetz,Illegal - Threats
zeitungen putins angebliche drohungen westliche medien machen stimmung,Illegal - Threats
people tv schweiz rundschau moderator sandro brotz ich erhalte drohungen gegen leib und leben id,Illegal - Threats
archiv forum th div probleme mit kv was tun bei drohungen,Illegal - Threats
wie reagiere ich auf Drohungen,Illegal - Threats
regional berlin rechtsextremismus bei mord drohungen hoert der spass auf ,Illegal - Threats
nachrichten neues deutschland bundestagsvizepraesidentin petra pau wehrt sich gegen drohungen durch rechtsextreme hetz post,Illegal - Threats
Drohungen,Illegal - Threats
drohungen am arbeitsplatz durch vorgesetzten,Illegal - Threats
drohungen ex freundin,Illegal - Threats
drohungen gegen bushidos forum administrator,Illegal - Threats
drohungen gegen böhmermann top,Illegal - Threats
frage unwohl zu hause bei vater jeden tag streit und drohungen,Illegal - Threats
frage warum bekomme ich drohungen im internet ueber kinderpornographie,Illegal - Threats
wirtschaft news nach drohungen csu kein eu beitritt fuer erdogan tuerkei,Illegal - Threats
isis drohungen deutschland,Illegal - Threats
item nazar reaktion auf die drohungen von alpa gun,Illegal - Threats
forum matern f matern sorgerecht drohungen vom ex,Illegal - Threats
news goodgame studios und die subtilen drohungen gegen mitarbeiter,Illegal - Threats
heimat mecklenburg vorpommern haeusliche gewalt sek ueberwaeltigt zwei maenner nach drohungen,Illegal - Threats
frage facebook drohungen anzeige bei polizei ratsam,Illegal - Threats
bekomme drohungen,Illegal - Threats
frage fristlose kuendigung und drohungen,Illegal - Threats
erzbischof schick drohungen,Illegal - Threats
frage bei drohungen zur polizei,Illegal - Threats
frage beleidigungen und drohungen per email von einen konkurrenten selbststaendig was tun reagieren,Illegal - Threats
frage dringend hilfe benoetigt drohungen,Illegal - Threats
oesterreich chronik terror drohungen gegen oesterreich,Illegal - Threats
sub Drohungen und Schläge,Illegal - Threats
artikel sexismus twitter ehrverletzungen beleidigungen drohungen haftstrafe,Illegal - Threats
pressinfo rog kritisiert drohungen und gewalt gegen journalisten im itb partnerland malediven,Illegal - Threats
frage komischer status mit pistolen drohungen,Illegal - Threats
ontm topmodel nach mord drohungen mit comeback,Illegal - Threats
thema erreichbarkeit im frei durch druck und drohungen erzwingen rechtens,Illegal - Threats
muenchen ebersberg drohungen nach ruecktritt von zornedinger pfarrer gemeinde ist erschuettert,Illegal - Threats
frage lugano finanz drohungen,Illegal - Threats
auch terror drohungen für Deutschland,Illegal - Threats
synonyme drohungen ausstoßen,Illegal - Threats
synonyme gegenteil von drohungen ausstoßen,Illegal - Threats
analysen nc deutsche bank neue drohungen aus den usa,Illegal - Threats
raf Drohungen afd,Illegal - Threats
panorama news story pornostar erhaelt drohungen aus der heimat,Illegal - Threats
panorama weltgeschehen oktoberfest bilanz so wenige besucher auf der wiesn wie nach terror drohungen,Illegal - Threats
anzeige wegen morddrohung strafe,Illegal - Threats
panorama yvonne catterfeld sie bekam brutale morddrohungen,Illegal - Threats
wie geht man mit morddrohungen um,Illegal - Threats
was machen bei morddrohung,Illegal - Threats
frage soll man morddrohungen von einem betrunkenen ernst nehmen,Illegal - Threats
nachrichten deutschland gesellschaft id zorneding pfarrer erhaelt morddrohungen ruecktritt,Illegal - Threats
people international biebers playboy model xenia morddrohungen nach diesem kuss id,Illegal - Threats
people tv international hells angels vs schlagersaengerin morddrohungen gegen antonia aus tirol id,Illegal - Threats
people tv musik nach morddrohung jetzt beschuetzt sido stefanie id,Illegal - Threats
sport aargau morddrohung und polizei bei fussball match in beinwil,Illegal - Threats
nachrichten oberbayern inhalt zorneding pfarrer morddrohungen,Illegal - Threats
frage wie lange ist die zeit strafe fuer morddrohung,Illegal - Threats
frage terror und morddrohungen durch nachbarn wir fuehlen uns so machtlos was wuerdet ihr tun,Illegal - Threats
archiv forum th freund erhaelt vom vater sms mit morddrohung was tun,Illegal - Threats
drohen morddrohung pruegel androhen usw eine straftat,Illegal - Threats
frage unbekannte anrufe jetzt sogar morddrohungen,Illegal - Threats
wintersport biathlon star neuner erhielt morddrohung,Illegal - Threats
adele morddrohungen internet,Illegal - Threats
adele morddrohungen nach der geburt,Illegal - Threats
Wie ernst ist eine morddrohung,Illegal - Threats
wie ernst muss man morddrohung nehmen,Illegal - Threats
news lohnexpermiment mit cupcakes fuehrte zu morddrohungen,Illegal - Threats
conchita wurst morddrohungen gegen die esc gewinnerin,Illegal - Threats
mark medlock packt aus es gab morddrohungen,Illegal - Threats
mark zuckerberg morddrohung,Illegal - Threats
jan böhmermann morddrohung,Illegal - Threats
gerigate morddrohungen,Illegal - Threats
jens buechner bekommt morddrohungen,Illegal - Threats
erzbischof ludwig schick morddrohungen,Illegal - Threats
frage gewalt und morddrohung vom vater,Illegal - Threats
medien gerigate morddrohungen,Illegal - Threats
justin bieber freundin selena gomez erhaelt morddrohungen,Illegal - Threats
tuerkei bericht soma morddrohung spiegel reporter n,Illegal - Threats
frage angebliche morddrohung via facebook,Illegal - Threats
frage anzeige bei polizei wegen morddrohung,Illegal - Threats
katholischer Pfarrer erhält Morddrohungen,Illegal - Threats
leute international morddrohungen sheen im visier der polizei,Illegal - Threats
frage kann ich jemanden aus dem ausland anzeigen morddrohungen,Illegal - Threats
habe morddrohung bekommen,Illegal - Threats
artikel jane austen auf pfund note bloggerin erhaelt morddrohungen,Illegal - Threats
artikel morddrohung gegen linke studentinnen,Illegal - Threats
oesterreich justiz e mail morddrohung verfahren,Illegal - Threats
oesterreich politik morddrohung gegen fpoe spitzenkandidaten,Illegal - Threats
lifestyle leute acdc schlagzeuger phil rudd gesteht morddrohungen,Illegal - Threats
lifestyle leute bei twitter miley cyrus antwortet auf morddrohungen,Illegal - Threats
morddrohung anzeige,Illegal - Threats
morddrohung gegen cdu politiker der flüchtlinge aufgenommen hat,Illegal - Threats
morddrohung merkel AS,Illegal - Threats
vip morddrohungen gegen wilson gonzales ochsenknecht,Illegal - Threats
fluechtlinge fluechtlinge willkommen bekommt morddrohungen,Illegal - Threats
frage kranker schueler und morddrohungen was denkt ihr,Illegal - Threats
blog e pfarrer verlaesst gemeinde wegen morddrohungen,Illegal - Threats
vox auswanderer jens buechner erhaelt morddrohungen,Illegal - Threats
frage mein freund erhaelt morddrohungen was tun,Illegal - Threats
frage mein vater macht morddrohungen meiner mutter,Illegal - Threats
amanda bynes morddrohung gegen eltern nur witz,Illegal - Threats
thread lohnexpermiment mit cupcakes fuehrte zu morddrohungen,Illegal - Threats
thread morddrohungen als regulaere ausdrucksweise im internet,Illegal - Threats
harald gloeoeckler morddrohungen gegen den modezar,Illegal - Threats
chronik oberoesterreich prozess nach morddrohung gegen erwin proell,Illegal - Threats
kim kardashian erhaelt morddrohungen von bieber fans,Illegal - Threats
kind hat morddrohung von bekannter bekommen,Illegal - Threats
diskussion beitraege morddrohung veronique,Illegal - Threats
diskussion beitraege morddrohungen auf dem consors board,Illegal - Threats
paragraph fuer flugstonierung bei terrorgefahr,Illegal - Threats
paris terrorgefahr 2016,Illegal - Threats
wie gross ist die terrorgefahr in der schweiz,Illegal - Threats
Wie groß ist die Terrorgefahr in Frankreich,Illegal - Threats
wie hoch ist die terrorgefahr in deutschland,Illegal - Threats
wie hoch ist die terrorgefahr in spanien,Illegal - Threats
nachricht roundup terrorgefahr truebt aussichten fraport aktie rutscht,Illegal - Threats
seine Werte leben trotz terrorgefahren,Illegal - Threats
nachrichten ausland krisen id terrorgefahr in der tuerkei deutsche botschaft schliesst,Illegal - Threats
nachrichten badische zeitung terrorgefahr in europa die neue dimension tagesspiegel von dietmar ostermann,Illegal - Threats
frage wie hoch ist die terrorgefahr in kroatien,Illegal - Threats
frage terrorgefahr in berlin zurzeit hoch,Illegal - Threats
frage terrorgefahr london,Illegal - Threats
sport fussball internationale ligen article istanbuler stadtderby wegen terrorgefahr abgesagt,Illegal - Threats
sport fussball moegliches szenario em spiele bei terrorgefahr nachgeholt,Illegal - Threats
reise europa terrorgefahr wie gefaehrlich ist das reisen a,Illegal - Threats
wegen terrorgefahr reise nach bodrum absagen,Illegal - Threats
archiv forum th ist es sicher mit dem zug nach berlin zu fahren terrorgefahr,Illegal - Threats
side terrorgefahr 2016,Illegal - Threats
reiserücktritt wegen terrorgefahr,Illegal - Threats
schweiz armeechef warnt vor terrorgefahr und sozialen unruhen,Illegal - Threats
schweiz news story schweizer juden schuetzen sich vor terrorgefahr,Illegal - Threats
frankreich terrorgefahr aktuell,Illegal - Threats
italien terrorgefahr,Illegal - Threats
adria terrorgefahr,Illegal - Threats
marokko terrorgefahr 2016,Illegal - Threats
gesellschaft deutschland terrorgefahr massnahmen,Illegal - Threats
trend terrorgefahr in europa,Illegal - Threats
kopenhagen terrorgefahr,Illegal - Threats
gibt es terrorgefahr für flughafen palma,Illegal - Threats
kann man.noch zug fahren weg terrorgefahr,Illegal - Threats
besteht in hurghada terrorgefahr,Illegal - Threats
f news terrorgefahr in bahrain,Illegal - Threats
Karte is terrorgefahr Europa top,Illegal - Threats
de sputniknews com panorama deutsche islam terrorgefahr angst,Illegal - Threats
frage ist terrorgefahr in nuernberg,Illegal - Threats
sardinien terrorgefahr,Illegal - Threats
aktuell keine terrorgefahr am mittelmeer behoerden dementieren,Illegal - Threats
terrorgefahr aktuell tunesien,Illegal - Threats
terrorgefahr am badestrand,Illegal - Threats
oesterreich politik terrorgefahr wir koennen derzeit nicht ruhig schlafen,Illegal - Threats
sub Terrorgefahr in Europa,Illegal - Threats
pressinfo terrorgefahr in der lieferkette wer schaetzt dieses risiko eigentlich ein,Illegal - Threats
flughafen antalya terrorgefahr,Illegal - Threats
bus terrorgefahr,Illegal - Threats
london terrorgefahr 2016 Ostern,Illegal - Threats
bali terrorgefahr,Illegal - Threats
ballermann terrorgefahr,Illegal - Threats
Auswärtige Amt Terrorgefahr Türkei,Illegal - Threats
panorama australien warnt vor terrorgefahr indonesien,Illegal - Threats
nachricht deutsche vertretungen tuerkei terrorgefahr geschlossen,Illegal - Threats
Angst an Flughäfen Terrorgefahr,Illegal - Threats
frage reise nach spanien terrorgefahr,Illegal - Threats
kind urlaub absagen wegen terrorgefahr,Illegal - Threats
urlaub umbuchen terrorgefahr,Illegal - Threats
kleinstaedte terrorgefahr,Illegal - Threats
10 grösste bedrohungen eiu,Illegal - Threats
Schlimmsten Bedrohungen,Illegal - Threats
nachrichten russischer it entwickler praesentiert zwei neue produkte fuer den schutz gegen terroristische bedrohungen,Illegal - Threats
frage umgangsvereitlung durch koerperverletzung u bedrohungen,Illegal - Threats
politik deutschland nazi bedrohungen gegen troeglitzer buergermeister nierth aufgeben ist keine option,Illegal - Threats
news artikel qualys startet threatprotect um unternehmen praxisrelevanten informationen bedrohungen unterstuetzen,Illegal - Threats
darf ich bedrohungen bei whatsapp dritte personen zeigen,Illegal - Threats
Bedrohungen,Illegal - Threats
bedrohungen vom ex,Illegal - Threats
DVD Kopieren trotz Kopierschutz,Illegal - Warez
sub Download dvd kopieren trotz kopierschutz freeware in deutsch,Illegal - Warez
thread dvd trotz kopierschutz kopieren,Illegal - Warez
tb a r dvd video jederzeit moeglich dvd kopieren trotz kopierschutz,Illegal - Warez
clone dvd kopieren trotz kopierschutz,Illegal - Warez
Download dvd shrink 3.2.0.15 deutsch,Illegal - Warez
welches brennprogramm für DVD shrink,Illegal - Warez
dvd shrink 2.3 deutsch,Illegal - Warez
dvd shrink 3.2 deutsch HS,Illegal - Warez
free dvd shrink schweiz top,Illegal - Warez
forum multimedia kann mir mal jemand bei dvd shrink einen tipp geben,Illegal - Warez
news shrinkto dvd shrink alternative kostenlos,Illegal - Warez
news tutorial dvds shrinkto platz sparend kopieren,Illegal - Warez
datenfehler crc-prüfung bei dvd shrink top,Illegal - Warez
aktuell shrinkto dvd kopieren,Illegal - Warez
frage dvd shrink einstellungen,Illegal - Warez
thread download dvd shrink deutsch mit anleitung,Illegal - Warez
questions gibt es ein vergleichbares programm wie der dvd shrink,Illegal - Warez
digital computer pc software dvd shrink gut geschrumpft ist halb kopiert,Illegal - Warez
dl dvd shrink deutsch vollversion,Illegal - Warez
dl dvd shrink dvd shrink deutsch,Illegal - Warez
wie kann ich meine dvds auf eine exterene festplatte kopieren,Illegal - Warez
downloads dvds kopieren autogk,Illegal - Warez
frage wie kann ich auf dem laptop dvds kopieren,Illegal - Warez
frage wie kann ich die dvds auf die externe festplatte kopieren,Illegal - Warez
frage wie kann ich meine eigenen dvds kopieren,Illegal - Warez
frage wie kann man dvds auf den pc kopieren oder gibrs auch ne software dafuer,Illegal - Warez
welches programm kann geschützte dvds kopieren,Illegal - Warez
dvds auf usb stick kopieren,Illegal - Warez
dvds ganz einfach kopieren mit vlc,Illegal - Warez
DVDs kopieren mit AnyDVD,Illegal - Warez
DVDs kopieren mit welchem Programm,Illegal - Warez
dvds mit mac os x kopieren,Illegal - Warez
community threads legal eigene dvds auf mac kopieren,Illegal - Warez
news kostenlose nero version cds dvds kopieren,Illegal - Warez
news film dvds legal kopieren,Illegal - Warez
news software blu rays dvds sichern kopieren,Illegal - Warez
frage alte dvds auf pc kopieren funktioniert nicht,Illegal - Warez
f windows vista forum t wie kann ich dvds cds kopieren,Illegal - Warez
frage darf ich kopiergeschuetzte dvds kopieren wenn ich die sicherheitskopie nur fuer private zwecke nutze,Illegal - Warez
Film-DVDs kopieren und in andere Formate umwandeln mit DVD Remaster 8.0.2,Illegal - Warez
frage kann man dvds legal auf die festplatte kopieren,Illegal - Warez
frage kann man kopiergeschuetzte dvds kopieren,Illegal - Warez
frage dvds auf den pc kopieren und in kleineres format umwandeln,Illegal - Warez
frage dvds die man sich von videoworld geholt hat auf pc kopieren legal,Illegal - Warez
frage kopiergeschuetzte dvds fuer den privaten gebrauch auf pc kopieren legal,Illegal - Warez
allgemeine computerfragen dvds kopieren mit dvd recorder hifi,Illegal - Warez
programm um dvds auf den pc zu kopieren,Illegal - Warez
programm um dvds zu kopieren,Illegal - Warez
thread dvds auf die ps hdd kopieren,Illegal - Warez
multimedia forum eigene dvds kopieren,Illegal - Warez
multimedia video artikel mit dvdrip kopieren sie dvds kapitelweise,Illegal - Warez
multimedia video artikel so kopieren sie dvds mit kcopy,Illegal - Warez
frage mit welchem programm kann ich dvds auf meinen pc kopieren,Illegal - Warez
MacTheRipper: DVDs einfach kopieren,Illegal - Warez
frage problem keine dvd erkennung zum kopieren auf dvds panasonic festplattenrecorder,Illegal - Warez
ratgeber alles kopieren trotz schutz cds dvds games und blu rays,Illegal - Warez
ratgeber dvds und blu rays kopieren,Illegal - Warez
ratgeber dvds und blu rays kopieren wlan tools,Illegal - Warez
tb a r dvd video dvds vervielfaeltigen dvd kopieren auf festplatte,Illegal - Warez
ratgeber film dvds legal kopieren loesungen fuer abspiel probleme,Illegal - Warez
forum dvd cd brenner wie ueberlange dvds einfach kopieren,Illegal - Warez
community threads film dvds auf macbook kopieren um ohne dvd zu gucken,Illegal - Warez
dl zerkratzte dvds kopieren,Illegal - Warez
anydvd hd slysoft umgehen erneut blu ray kopierschutz,Illegal - Warez
apple kopierschutz umgehen,Illegal - Warez
Wie kann ich Kopierschutz von Musik CD umgehen,Illegal - Warez
Pc Spiele Kopierschutz umgehen,Illegal - Warez
wie kopierschutz von musik dvd umgehen top,Illegal - Warez
pdf kopierschutz umgehen,Illegal - Warez
frage strafen beim umgehen vom kopierschutz,Illegal - Warez
DRM Kopierschutz Umgehen,Illegal - Warez
nero kopierschutz umgehen,Illegal - Warez
dvd auf pc kopieren kopierschutz umgehen,Illegal - Warez
dvd brennen kopierschutz umgehen,Illegal - Warez
dvd converter kopierschutz umgehen,Illegal - Warez
StarForce Kopierschutz Umgehen,Illegal - Warez
dvd kopieren kopierschutz umgehen freeware,Illegal - Warez
DVD Kopierschutz Umgehen,Illegal - Warez
youtube kopierschutz umgehen HS,Illegal - Warez
age of empires 2 kopierschutz umgehen,Illegal - Warez
computer software id welche strafe droht beim umgehen eines kopierschutzes,Illegal - Warez
cprm kopierschutz umgehen,Illegal - Warez
Kopierschutz Audio CD Umgehen,Illegal - Warez
Kopierschutz bei Dokumenten umgehen,Illegal - Warez
kopierschutz bei ebooks umgehen,Illegal - Warez
kopierschutz BEI SPIELEN umgehen top,Illegal - Warez
kopierschutz cd umgehen,Illegal - Warez
kopierschutz dvd umgehen freeware,Illegal - Warez
laufwerke festplatten speichermedien f kopierschutz umgehen,Illegal - Warez
Mit movavi kopierschutz umgehen,Illegal - Warez
frage kann clone dvd kopierschutz umgehen,Illegal - Warez
video dvd kopierschutz umgehen,Illegal - Warez
aktuell apple kopierschutz umgehen,Illegal - Warez
frage dvd kopierschutz umgehen und fuer freunde brennen legal,Illegal - Warez
frage kopierschutz fuer banknoten umgehen,Illegal - Warez
frage kopierschutz fuer eigenen gebrauch umgehen,Illegal - Warez
programm kopierschutz umgehen,Illegal - Warez
blu ray kopierschutz umgehen,Illegal - Warez
blu ray kopierschutz umgehen legal,Illegal - Warez
blu-ray disc kopierschutz umgehen,Illegal - Warez
ps1 spiele kopierschutz umgehen,Illegal - Warez
thread audio cd kopierschutz umgehen,Illegal - Warez
amazon filme kopierschutz umgehen,Illegal - Warez
thread jeden spiele kopierschutz umgehen,Illegal - Warez
thread kopierschutz bei audiocds umgehen,Illegal - Warez
thread kopierschutz bei websites umgehen,Illegal - Warez
thread kopierschutz einer diskette umgehen,Illegal - Warez
thread kopierschutz umgehen,Illegal - Warez
cd kopieren kopierschutz umgehen,Illegal - Warez
cd kopierschutz umgehen,Illegal - Warez
cd kopierschutz umgehen freeware,Illegal - Warez
musik dvd kopierschutz umgehen,Illegal - Warez
hdcp kopierschutz umgehen,Illegal - Warez
hdcp kopierschutz umgehen testberichte,Illegal - Warez
ratgeber ebook kopierschutz drm umgehen umwandeln epub mobi,Illegal - Warez
tb a r dvd video backup hddvd kopierschutz hd dvd umgehen,Illegal - Warez
tb a r dvd video dvd kopierschutz umgehen dvd kopie freeware,Illegal - Warez
umgehen eines kopierschutzes dvd,Illegal - Warez
ratgeber kopierschutz dvd umgehen entfernen tools download,Illegal - Warez
clone dvd kopierschutz umgehen SC,Illegal - Warez
forum dvd cd brenner wichtige schalter bei clonecd fuer kopierschutz umgehen,Illegal - Warez
king kong kopierschutz umgehen,Illegal - Warez
disney kopierschutz umgehen,Illegal - Warez
frage gibt es eine autocad aehnliche software die gratis zum downloaden ist,Illegal - Warez
frage gibts die software von data becker gratis zum downloaden,Illegal - Warez
soundcloud urheberrecht umgehen,Illegal - Warez
frage urheberrecht umgehen,Illegal - Warez
youtube urheberrecht umgehen,Illegal - Warez
news boerse bz sperre deutschland oesterreich grossbritannien urheberrecht lobby umgehen,Illegal - Warez
facebook urheberrecht umgehen,Illegal - Warez
facebook video musik urheberrecht umgehen,Illegal - Warez
video urheberrecht umgehen,Illegal - Warez
frage kann man so das urheberrecht fuer bilder umgehen,Illegal - Warez
urheberrecht umgehen,Illegal - Warez
urheberrechte umgehen tricks,Illegal - Warez
frage vhs to dvd kopieren kopierschutz umgehen,Illegal - Warez
thread vhs kopierschutz ueber pc umgehen,Illegal - Warez
thread vhs kopierschutz umgehen,Illegal - Warez
wie kann ich den kopierschutz umgehen,Illegal - Warez
sonstige navis file sygic keygen deb sygic keygen neu zip,Illegal - Warez
parallels 11 keygen,Illegal - Warez
parental filter keygen,Illegal - Warez
wie funktioniert ein keygen,Illegal - Warez
scanmaster 2.1 keygen,Illegal - Warez
scanmaster elm full keygen,Illegal - Warez
segger j flash keygen,Illegal - Warez
regenerateur keygen windows 7,Illegal - Warez
patch keygen idm,Illegal - Warez
frage sind keygen generatoren illegal,Illegal - Warez
frage sind keygens illegal,Illegal - Warez
Sound Forge Pro 10 Keygen,Illegal - Warez
z scope classic v keygen,Illegal - Warez
pdf studio serial number keygen edb,Illegal - Warez
semiologiste keygen,Illegal - Warez
downloads netzwerk rk wlan keygen,Illegal - Warez
spbt wie funktioniert ein keygen zum knacken der serial,Illegal - Warez
dr web serial keygen,Illegal - Warez
zbrush 4r7 keygen,Illegal - Warez
iclone 6 keygen,Illegal - Warez
icompta mac keygen,Illegal - Warez
2 keygen,Illegal - Warez
2 KEYGEN EBP 2016,Illegal - Warez
2010 KEYGEN DOWNLOAD,Illegal - Warez
2013 autocad keygen,Illegal - Warez
2014.2 keygen lässt sich nicht öffnen,Illegal - Warez
Reikan focal keygen,Illegal - Warez
reimage keygen,Illegal - Warez
WoW 5.00.8 Keygen,Illegal - Warez
wow würth diagnose keygen,Illegal - Warez
webcammax keygen,Illegal - Warez
wifi keygen 4.1,Illegal - Warez
win 10 keygen,Illegal - Warez
win 7 64 keygen,Illegal - Warez
win 7 enterprise keygen,Illegal - Warez
frage wird er bei keygens erwischt,Illegal - Warez
Nero 2014 Keygen,Illegal - Warez
TomTom Aktivierungscode Keygen,Illegal - Warez
router keygen v apk descifrar,Illegal - Warez
frage fm keygen verloren was nun,Illegal - Warez
jcb spp keygen,Illegal - Warez
frage amtlib und keygens illegal,Illegal - Warez
frage avira erkennt irgendeinen keygen als trojanisches pferd was soll ich tun,Illegal - Warez
http keygen.ni,Illegal - Warez
http keygen.tdcinema.int,Illegal - Warez
o2 wlan keygen generator,Illegal - Warez
lexware buchhalter serial number keygen dac,Illegal - Warez
frage kann man mit einem keygen erwischt werden,Illegal - Warez
office 2010 keygen deutsch,Illegal - Warez
office 2016 keygen 1fichier AS,Illegal - Warez
frage keygen wird als virus angezeigt,Illegal - Warez
frage keygens illegal oder legal,Illegal - Warez
programlar mercedes epc wis epc net keygen instruktion a,Illegal - Warez
alte keygens,Illegal - Warez
carport aktivierungscode keygen,Illegal - Warez
frage programm keygen verloren sony vegas,Illegal - Warez
