angebote dienstleistungen jugend beruf und bildung berufliche orientierung,Jobs & Education - Education
beruf bildung ausbildung barista ausbildung und zertifikat certified master barista,Jobs & Education - Education
event zukunft hier messe fuer bildung und beruf,Jobs & Education - Education
fachkreise beruf und bildung fort und weiterbildung,Jobs & Education - Education
forum forums schule bildung und beruf,Jobs & Education - Education
netzwerke bildung und beruf dresden,Jobs & Education - Education
ratgeber bildung und beruf,Jobs & Education - Education
schweiz schule bildung junge lehrerinnen und lehrer bleiben nur kurz im beruf,Jobs & Education - Education
bildung karriere sozialmanagement bundesregierung will integration von migranten verbessern,Jobs & Education - Education
bildung karriere sozialmanagement prima klima verbessern sie es mit der schulversammlung,Jobs & Education - Education
frage bildung allgemeinwissen verbessern,Jobs & Education - Education
frage bildung der schueler in usa verbessern,Jobs & Education - Education
Bildungsministerium gleichstellung Meisterqualifikation,Jobs & Education - Education
bildungsministerium mecklenburg,Jobs & Education - Education
Bildungsministerium MV mitteilungsblätter,Jobs & Education - Education
deutsch reform bildungsministerium,Jobs & Education - Education
Lehrplan bildungsministerium mv,Jobs & Education - Education
news thueringen bildungsministerium will paedagogen auszeichnen,Jobs & Education - Education
pm bewegungsbetonte gesundheitswochen in der kita bildungsministerium unterstuetzt kitas und grundschulen mit sportprojekt,Jobs & Education - Education
pm bildungsministerium entzieht educon privatschulcampus ggmbh die genehmigung zum betreiben einer ersatzschule,Jobs & Education - Education
pm bildungsministerium legt anmeldezahlen fuer weiterfuehrende schulen vor,Jobs & Education - Education
pm bildungsministerium rechnet mit steigender zahl an weiterbildungsangeboten,Jobs & Education - Education
referatsleiter berufl. bildung im bildungsministerium mv,Jobs & Education - Education
Darf mein chef mir den freien tag streichen in der ausbildung,Jobs & Education - Education
frage kann ein freies soziales jahr im kindergarten ein anerkennungsjahr der erzieher ausbildung ersetzen,Jobs & Education - Education
frage tage woche in der ausbildung steht mir ein freier tag zu,Jobs & Education - Education
frage wieviele freie tage hat man in der ausbildung,Jobs & Education - Education
freie ausbildung kinderpfleger deutschland 2016,Jobs & Education - Education
rehabilitations urlaubs ausbildung und pensionstall hat noch freie plaetze,Jobs & Education - Education
ruhr ausbildung und beruf freie ausbildungsstellen im raum dortmund id,Jobs & Education - Education
sozialassistentin ausbildung freie plätze berlin,Jobs & Education - Education
Fremdsprachen Online lernen,Jobs & Education - Education
1 klasse grundschule,Jobs & Education - Education
1 vergangenheit 2 vergangenheit grundschule,Jobs & Education - Education
akkusativ übungen grundschule OS,Jobs & Education - Education
akkusativobjekt grundschule,Jobs & Education - Education
apps lernerfolg grundschule mathe klasse,Jobs & Education - Education
ara perfekt übungen grundschule daf pdf,Jobs & Education - Education
Bad Nauheim Grundschulen,Jobs & Education - Education
baden wuerttemberg grundschule bildende kunst klasse arbeitsblaetter,Jobs & Education - Education
baden wuerttemberg grundschule bildende kunst klasse unterrichtsentwurf lehrprobe,Jobs & Education - Education
baden wuerttemberg grundschule deutsch klasse arbeitsblatt arbeiten mit silben,Jobs & Education - Education
begriffe kunstunterricht grundschule,Jobs & Education - Education
begründung ausnahmeantrag grundschule,Jobs & Education - Education
begründung schulwahl grundschule,Jobs & Education - Education
Bilderbuch in der Grundschule,Jobs & Education - Education
bilderbücher kreatives schreiben grundschule,Jobs & Education - Education
einrichtungen grundschule förderkreis,Jobs & Education - Education
einsatz des computers in der grundschule,Jobs & Education - Education
einschulung grundschule kind kennt keinen,Jobs & Education - Education
erfolg in der grundschule,Jobs & Education - Education
fehlertext grundschule,Jobs & Education - Education
feinmotorik grundschule übungen,Jobs & Education - Education
Feldhase Grundschule,Jobs & Education - Education
forum kids schule einschulungstest in die grundschule in baden wuerrtemberg,Jobs & Education - Education
forum kids schule merkt ihr den wechsel von grundschule zu gymnasium auch so doll,Jobs & Education - Education
forum kids schule wahl der grundschule,Jobs & Education - Education
forum rechnen grundschule,Jobs & Education - Education
frage kann man seine zeugnisse aus der grundschule einfordern,Jobs & Education - Education
frage schwimmunterricht grundschule klasse,Jobs & Education - Education
frage sexualkunde in der grundschule,Jobs & Education - Education
Geometrie arbeitsblätter grundschule,Jobs & Education - Education
gute grundschule berlin mitte,Jobs & Education - Education
oberflächenspannung grundschule sachunterricht,Jobs & Education - Education
papier grundschule werken,Jobs & Education - Education
soziales Lernen grundschule,Jobs & Education - Education
sozialkunde in der grundschule,Jobs & Education - Education
was kostet privatschule grundschule,Jobs & Education - Education
was macht elternbeirat grundschule,Jobs & Education - Education
familie kinder schule homeschooling kann zu verlust des sorgerechts fuehren,Jobs & Education - Education
frage homeschooling vor und nachteile,Jobs & Education - Education
frage ist in deutschland homeschooling erlaubt,Jobs & Education - Education
Aktion Spielzeugfreier Kindergarten,Jobs & Education - Education
anziehhilfe kindergarten,Jobs & Education - Education
bilderbuchbetrachtung im kindergarten,Jobs & Education - Education
denkspiele für kindergarten,Jobs & Education - Education
frage wie definiert man den begriff foerderung in bezug auf kindergarten,Jobs & Education - Education
geometrie im kindergarten,Jobs & Education - Education
gute kindergärten berlin,Jobs & Education - Education
hutspiel kindergarten,Jobs & Education - Education
kennenlernspiele für elternabende im kindergarten,Jobs & Education - Education
kenntnisse im kindergarten,Jobs & Education - Education
kochen für kindergarten,Jobs & Education - Education
Mit Sand im Kindergarten malen,Jobs & Education - Education
nachrückverfahren kindergarten,Jobs & Education - Education
Papa Kind Tag im Kindergarten,Jobs & Education - Education
sehr gute planung einer aktivität im kindergarten,Jobs & Education - Education
Streitschlichtung kindergarten,Jobs & Education - Education
Technische Experimente Kindergarten,Jobs & Education - Education
was kostet der Kindergarten bei einem kind,Jobs & Education - Education
Wie führe ich ein Quiz ein kindergarten,Jobs & Education - Education
wie gehen kinder im Kindergarten auf Toilette,Jobs & Education - Education
wie geht mein kind wieder gerne in den kindergarten,Jobs & Education - Education
wie gewöhne ich mein kind an den kindergarten,Jobs & Education - Education
wie gewöhnt man Kinder das wut schreien im Kindergarten ab,Jobs & Education - Education
woran erkenne ich ob mein kind sich im kindergarten wohl fühlt,Jobs & Education - Education
woran erkennt man einen guten kindergarten,Jobs & Education - Education
zahlen kindergarten arbeitsblatt,Jobs & Education - Education
zahlen kindergarten lernen,Jobs & Education - Education
Lehrer in Gymnasium Musik,Jobs & Education - Education
Kosten für öffentliche Schulen in USA,Jobs & Education - Education
öffentliche schule vorteile,Jobs & Education - Education
öffentliche schulen in england bis 19,Jobs & Education - Education
öffentliche schulen in großbritannien ab 19,Jobs & Education - Education
öffentliche schulen in usa bis altersbegrenzung,Jobs & Education - Education
öffentliche und private schulen,Jobs & Education - Education
threads privatschule oder öffentliche schule,Jobs & Education - Education
von der öffentlichen schule abmelden Privatschule Berlin,Jobs & Education - Education
10 finger schreibsystem online kurs,Jobs & Education - Education
a kostenlose online kurse ohne zulassungsbeschraenkungen,Jobs & Education - Education
altenpflege kurse online,Jobs & Education - Education
arabisch lernen online kurs,Jobs & Education - Education
ausbildung itls kurse online,Jobs & Education - Education
beatmung kurs mit zertifikat online,Jobs & Education - Education
blog lernen mit selbst erstellten online kursen,Jobs & Education - Education
buchhalter kurse online,Jobs & Education - Education
der online marketing manager kurs ihk lohnt sich,Jobs & Education - Education
deutsch für mediziner online kurse,Jobs & Education - Education
deutsche sprache kurs online,Jobs & Education - Education
die besten yoga online kurse,Jobs & Education - Education
englisch online kurs,Jobs & Education - Education
erasmus online kurs,Jobs & Education - Education
erste hilfe kurs online,Jobs & Education - Education
frage english kurs online kostenlos,Jobs & Education - Education
frage erfahrungen mit online kursen bei sofatutor,Jobs & Education - Education
frage gebaerdensprache lernen online kurse,Jobs & Education - Education
frage gitarre spielen lernen online kurs am besten auf youtube gesucht,Jobs & Education - Education
frage ich moechte aserbaidschanisch lernen wie lange dauert es und welche hilfsmittel kennt ihr keine online kurse danke im voraus,Jobs & Education - Education
frage online kurs fuer ukulele,Jobs & Education - Education
frage online kurs zu digitaler fotografie gibt es so etwas,Jobs & Education - Education
frage online kurse von scientology un bedenklich,Jobs & Education - Education
frage vorgeschriebener online kurs,Jobs & Education - Education
frage wer kenn den gitarren online kurs von georg norberg,Jobs & Education - Education
frage wer kennt einen guten online cocktail kurs,Jobs & Education - Education
frage wie ist der kostenlose online gitarren kurs georg norberg,Jobs & Education - Education
freier online kurs chemie für medizin,Jobs & Education - Education
gitarren kurs online,Jobs & Education - Education
gratis online kurse mit zertifikat,Jobs & Education - Education
hebräische kurs online hören kostenlos,Jobs & Education - Education
italienisch kurs kostenlos online,Jobs & Education - Education
japanisch kurs online täglich,Jobs & Education - Education
kalligraphie kurs online,Jobs & Education - Education
Kreatives Schreiben online Kurs,Jobs & Education - Education
ölmalerei online kurs,Jobs & Education - Education
online kurs buchführung,Jobs & Education - Education
online kurs buchhaltung kostenlos,Jobs & Education - Education
online kurs bwl kostenrechnung,Jobs & Education - Education
online kurs chinesisch,Jobs & Education - Education
pflege daheim kurs online,Jobs & Education - Education
SAP Lernprogramm online kurs,Jobs & Education - Education
SAP Online-Kurs Kostenlos,Jobs & Education - Education
spanisch online kurs,Jobs & Education - Education
tischtennis kurs online,Jobs & Education - Education
tschechisch kurs online,Jobs & Education - Education
werbetexten online kurs,Jobs & Education - Education
vorlesungen online medizin,Jobs & Education - Education
Onlinelexikon,Jobs & Education - Education
Pisa-Studie 2016,Jobs & Education - Education
abmeldung einer privatschule,Jobs & Education - Education
ausbildung an einer privatschule,Jobs & Education - Education
bafög schulgeld privatschule,Jobs & Education - Education
Bildungspaket bei Privatschulen,Jobs & Education - Education
darf man von einer Förderschule auf eine privatschule,Jobs & Education - Education
deutsche privatschulen südafrika,Jobs & Education - Education
Erfahrungen mit privatschulen in Wiesbaden,Jobs & Education - Education
erstattung von schulgeld privatschulen,Jobs & Education - Education
frage ferien auf privatschulen,Jobs & Education - Education
kategorie wo finde ich p privatschulen,Jobs & Education - Education
katholische privatschule heilbronn,Jobs & Education - Education
kommentare zu testbericht privatschulen,Jobs & Education - Education
kosten fuer privatschule,Jobs & Education - Education
Lehrer Privatschule oder öffentliche Berufsschule,Jobs & Education - Education
lehrerwechsel auf privatschule,Jobs & Education - Education
maturum privatschule erfahrungen,Jobs & Education - Education
mehrbedarf schulgeld privatschule,Jobs & Education - Education
nach abi ein jahr privatschule,Jobs & Education - Education
amerikanisches schulsystem vergleich deutschland,Jobs & Education - Education
beste schulsysteme deutschland,Jobs & Education - Education
einheitliches schulsystem in deutschland pisa,Jobs & Education - Education
schulen schulsystem in deutschland vs international,Jobs & Education - Education
schulsystem deutschland vergleich,Jobs & Education - Education
thread schulsystem in deutschland veraltet,Jobs & Education - Education
vergleich schulsystem deutschland italien,Jobs & Education - Education
Lehrveranstaltungen im Studienjahr 2016/17,Jobs & Education - Education
studienjahr uni wien,Jobs & Education - Education
studium studien und weiterbildungsangebot einteilung studienjahr,Jobs & Education - Education
threads studienjahr in miami,Jobs & Education - Education
computer wissen erweitern,Jobs & Education - Education
frage programmier wissen erweitern,Jobs & Education - Education
synonym wissen erweitern,Jobs & Education - Education
wissen erweitern als grobziel feinziele,Jobs & Education - Education
wissen erweitern italienisch,Jobs & Education - Education
frage wo kann man in deutschland geschichte studieren,Jobs & Education - Education
frage wo kann man in deutschland physik auf englisch studieren,Jobs & Education - Education
frage wo kann man in deutschland soziobiologie studieren,Jobs & Education - Education
frage wo kann man in deutschland tontechnik studieren,Jobs & Education - Education
frage wo kann man landwirtschaft studieren in deutschland,Jobs & Education - Education
wie und wo kann man pferdemanagement in deutschland studieren,Jobs & Education - Education
wo in Deutschland kann man Forensik studieren,Jobs & Education - Education
wo kann man eventmanagement in deutschland studieren,Jobs & Education - Education
aktuelle jobs für quereinsteiger dresden mit gutem verdienst,Jobs & Education - Jobs
arbeit jobs aktuelle jobs,Jobs & Education - Jobs
de aktuelles und service jobs lehrstelle,Jobs & Education - Jobs
de inhalt unternehmen jobs aktuelle stellen,Jobs & Education - Jobs
dr. naturwissenschaft aktuelle jobs,Jobs & Education - Jobs
fuer bewerber aktuelle jobs stellenanzeige,Jobs & Education - Jobs
jobs aktuelle jobs journalistische praktika volontariate trainees online redaktionspraktikanten mw gesucht,Jobs & Education - Jobs
jobs aktuelle jobs journalistische stellen datenredakteur mw,Jobs & Education - Jobs
jobs aktuelle jobs journalistische stellen redakteur in am standort koeln,Jobs & Education - Jobs
neue jobs und aktuelle infos fuer studenten und absolventen mit finance faible,Jobs & Education - Jobs
wirtschaft jobs id stellenmarkt aktuelle jobs und stellenangebote,Jobs & Education - Jobs
als behinderten Arbeit finden,Jobs & Education - Jobs
als gebildeter brasilianer in berlin arbeit finden t,Jobs & Education - Jobs
als schwangere arbeit finden,Jobs & Education - Jobs
Arbeit bei Google finden,Jobs & Education - Jobs
arbeit finden in Amerika,Jobs & Education - Jobs
Arbeit finden in berlin als Dolmetscher,Jobs & Education - Jobs
bildung karriere arbeit beruf so finden sie einen neuen job mit,Jobs & Education - Jobs
china wirtschaft chinas hochschulabsolventen finden schwer eine arbeit a,Jobs & Education - Jobs
Die personen die dort arbeiten koennten dir helfen um vielleicht spaeter auch eine arbeit zu finden die jemadem Spaß macht,Jobs & Education - Jobs
endlich arbeit finden,Jobs & Education - Jobs
foren schwanger im beruf schwanger arbeit finden alg,Jobs & Education - Jobs
frage angst keine arbeit zu finden nach ausbildung wegen alter,Jobs & Education - Jobs
frage arbeit finden lernbehinderung,Jobs & Education - Jobs
frage arbeit finden trotz schlechten notendurchschnitt im studium,Jobs & Education - Jobs
frage einen passenden job finden arbeiten mit multipler sklerose,Jobs & Education - Jobs
frage gibt es menschen die hochintelligent sind aber keine arbeit finden,Jobs & Education - Jobs
frage ich finde einfach keinen job was kann man noch alles tun um arbeit zu finden,Jobs & Education - Jobs
frage kann ich mit einen lkw fuehrerschein ohne ihk pruefung arbeit finden,Jobs & Education - Jobs
frage kann ich mit nur einem foerderschulabschluss eine gute arbeit finden,Jobs & Education - Jobs
frage kann man eine gute arbeit im umfeld von umwelt in berlin finden,Jobs & Education - Jobs
frage kann man mit jahren noch arbeit finden,Jobs & Education - Jobs
frage kennt ihr gute seiten zum arbeit suchen finden,Jobs & Education - Jobs
frage suche schon lange eine arbeit kennt jemand eine seite wo ich was finden koennte,Jobs & Education - Jobs
frage umzug arbeit in einer anderen stadt finden,Jobs & Education - Jobs
frage welches studium um arbeit in amerika zu finden,Jobs & Education - Jobs
frage werde ich so sicherlich arbeit im rettungsdienst finden,Jobs & Education - Jobs
frage wie hoch sind die chancen als alleinstehende frau mit jahren eine arbeit im hauswirtschaftlichem beruf zu finden,Jobs & Education - Jobs
frage wie schnell arbeit finden zeitarbeit oder mcdonalds,Jobs & Education - Jobs
frage wo kann ich als rechtsanwaltsfachangestellte arbeit finden,Jobs & Education - Jobs
frage wo kann man arbeit als fackkraft fuer lagerlogistik nach ausbildung finden nicht bei der zeitfirma,Jobs & Education - Jobs
frage wo kann man mit gut arbeit finden die sich auch lohnt,Jobs & Education - Jobs
heimpflege arbeit finden augsburg,Jobs & Education - Jobs
jobs de einfach arbeit finden,Jobs & Education - Jobs
kann man in jedem ort arbeit finden,Jobs & Education - Jobs
kann man mit chemie bachelor of science eine arbeit finden,Jobs & Education - Jobs
luxemburg arbeit finden,Jobs & Education - Jobs
ohne abschluss ohne ausbildung Arbeit finden,Jobs & Education - Jobs
schnell arbeit finden ohne ausbildung,Jobs & Education - Jobs
schnell arbeit finden tipps,Jobs & Education - Jobs
schwanger arbeit finden,Jobs & Education - Jobs
teilzeit arbeit finden,Jobs & Education - Jobs
threads arbeit finden in den usa nach college abschluss,Jobs & Education - Jobs
threads arbeit suchen oder finden,Jobs & Education - Jobs
Wenn man älter als 50 Jahre ist wird es immer schwerer Arbeit zu finden.,Jobs & Education - Jobs
wie als alleinerziehende ohne ausbildung arbeit finden,Jobs & Education - Jobs
Ausbildungsplatz 2017 finden,Jobs & Education - Jobs
bewerbungsphase ausbildungsplatz finden,Jobs & Education - Jobs
frage kurzfristig ausbildungsplatz auf distanz finden immobilienkauffrau,Jobs & Education - Jobs
frage wie kann ich ein ausbildungsplatz finden,Jobs & Education - Jobs
wo kann man ausbildungsplätze finden,Jobs & Education - Jobs
airbus ingenieur gehalt,Jobs & Education - Jobs
Automatisierung ingenieur,Jobs & Education - Jobs
Einsteiger Mechatroniks ingenieur,Jobs & Education - Jobs
einstiegsgehalt bachelor ingenieur büro,Jobs & Education - Jobs
einstiegsgehalt ingenieur 40 stunden,Jobs & Education - Jobs
ferchau gehalt ingenieur 2015,Jobs & Education - Jobs
frage techniker gehalt unterschied ingenieur,Jobs & Education - Jobs
frage wie hoch ist der einstiegsgehalt fuer einen ingenieur,Jobs & Education - Jobs
frage wie ingenieur werden,Jobs & Education - Jobs
selbstständigkeit als ingenieur oder techniker,Jobs & Education - Jobs
Senior Ingenieur,Jobs & Education - Jobs
senior ingenieur maschinenbau,Jobs & Education - Jobs
spanisch kenntniss ingenieur,Jobs & Education - Jobs
strömungsmechanik ingenieur,Jobs & Education - Jobs
technik ingenieur,Jobs & Education - Jobs
Techniker / Ingenieure mit Fachrichtung GaLaBau oder Tief-/ Straßenbau als Bauleiter (m/w),Jobs & Education - Jobs
techniker gleichgestellt mit ingenieur,Jobs & Education - Jobs
threads suche ingenieure oder techniker als mitgruender,Jobs & Education - Jobs
thyssenkrupp gehalt ingenieur,Jobs & Education - Jobs
ultraschall-ingenieur,Jobs & Education - Jobs
Umwelt-Ingenieur,Jobs & Education - Jobs
Umweltschutz Ingenieur,Jobs & Education - Jobs
was macht ein design ingenieur,Jobs & Education - Jobs
was studieren apple Ingenieur,Jobs & Education - Jobs
wie lange dauert es ingenieur zu werden,Jobs & Education - Jobs
wie viel geld bekommen ingenieure,Jobs & Education - Jobs
Zeichnerin fachrichtung ingenieur,Jobs & Education - Jobs
zeitarbeit techniker ingenieure,Jobs & Education - Jobs
H&M Jobs Stellenangebote,Jobs & Education - Jobs
450 euro jobs für schüler düren,Jobs & Education - Jobs
aushilfe jobs für schüler unter 18,Jobs & Education - Jobs
austräger jobs für schüler,Jobs & Education - Jobs
babysitter jobs für schüler 15 jahre neuss,Jobs & Education - Jobs
Ferienjob für Schüler Frankfurt am Main Jobs,Jobs & Education - Jobs
Internet Jobs für Schüler,Jobs & Education - Jobs
Internetportal für Schüler jobs,Jobs & Education - Jobs
nachmittags jobs für schüler,Jobs & Education - Jobs
sommerferien jobs berlin für schüler,Jobs & Education - Jobs
wochenende jobs berlin für schüler,Jobs & Education - Jobs
Ausbildung als Laborant gleich Ausbildung als Pharmakant?,Jobs & Education - Jobs
ausbildung laborant herborn,Jobs & Education - Jobs
de job chemikanten oder laboranten,Jobs & Education - Jobs
frage bewerbung zur lehrstelle als laborant,Jobs & Education - Jobs
frage verdienst als laboranten,Jobs & Education - Jobs
Laborant Getränkebetrieb gesucht,Jobs & Education - Jobs
stellenangebote für laboranten in münster,Jobs & Education - Jobs
1 mustervorlage lebenslauf,Jobs & Education - Jobs
aktuelle schriftform für lebenslauf,Jobs & Education - Jobs
arbeitgeber im lebenslauf angeben,Jobs & Education - Jobs
argumente für bewegten lebenslauf,Jobs & Education - Jobs
bilder von einem lebenslauf,Jobs & Education - Jobs
bildung karriere beim lebenslauf unwichtiges weglassen,Jobs & Education - Jobs
bildung lebenslauf beispiele,Jobs & Education - Jobs
bin 50 und soll lebenslauf schreiben top,Jobs & Education - Jobs
bruche im lebenslauf,Jobs & Education - Jobs
dossier lebenslauf so uberzeugen sie jeden,Jobs & Education - Jobs
fertiges Lebenslauf ausfüllen,Jobs & Education - Jobs
forum lebenslauf als zahnarzhelferin t,Jobs & Education - Jobs
frage kann ich auch eine bewerbung ohne lebenslauf abgeben,Jobs & Education - Jobs
frage kann ich muttersprachen in den lebenslauf schreiben,Jobs & Education - Jobs
frage wichtige frage zu lebenslauf,Jobs & Education - Jobs
frage wie befestige ich mein bewerbungsfoto auf meinem lebenslauf,Jobs & Education - Jobs
frage wie bekommen ich meine angaben in meinem lebenslauf gerade untereinander,Jobs & Education - Jobs
Gute Hobbys Im Lebenslauf,Jobs & Education - Jobs
gute interesse für Lebenslauf,Jobs & Education - Jobs
jahrelange arbeitslosigkeit lebenslauf,Jobs & Education - Jobs
kernkompetenzen lebenslauf,Jobs & Education - Jobs
lange studiendauer lebenslauf,Jobs & Education - Jobs
soziale fähigkeiten lebenslauf beispiele,Jobs & Education - Jobs
soziale projekte im ausland lebenslauf,Jobs & Education - Jobs
student ohne berufserfahrung tipps fuer mehr praxis im lebenslauf,Jobs & Education - Jobs
technikerprüfung lebenslauf handschriftlich,Jobs & Education - Jobs
teilzeit im lebenslauf angeben,Jobs & Education - Jobs
was muss in einem lebenslauf stehen,Jobs & Education - Jobs
wie füge ie ich ein bild im Lebenslauf,Jobs & Education - Jobs
frage wie bewerbe ich mich mit einer mappen bei mehrere unis fuer ein kunststudium,Jobs & Education - Jobs
marktmanager assistent gehalt rewe,Jobs & Education - Jobs
stellvertenden marktmanager,Jobs & Education - Jobs
Praktika finden mit schlechten Noten,Jobs & Education - Jobs
(Junior) produktmanager,Jobs & Education - Jobs
als produktmanager bei google,Jobs & Education - Jobs
bewerbungsvorlage produktmanager,Jobs & Education - Jobs
de job informatik produktmanagerin informatik produktmanager,Jobs & Education - Jobs
de job junior einkäufer produktmanager printing,Jobs & Education - Jobs
de job leiter innendienst produktmanager,Jobs & Education - Jobs
Gehalt produktmanager Chemiebeanche,Jobs & Education - Jobs
gehalt produktmanager lebensmittelbranche,Jobs & Education - Jobs
gehalt produktmanager produktmanagerin,Jobs & Education - Jobs
gehalt produktmanager tourismus,Jobs & Education - Jobs
Marketing Produktmanager,Jobs & Education - Jobs
Online Produktmanager,Jobs & Education - Jobs
Produktmanager (w/m) Business Applications,Jobs & Education - Jobs
SAP-produktmanager,Jobs & Education - Jobs
ausbildung softwareentwickler,Jobs & Education - Jobs
berufe mathematisch technischer softwareentwickler,Jobs & Education - Jobs
berufe softwareentwickler gehalt,Jobs & Education - Jobs
frage gehalt google softwareentwickler,Jobs & Education - Jobs
frage softwareentwickler ohne studium,Jobs & Education - Jobs
frage softwareentwickler werden beruf oder studium,Jobs & Education - Jobs
frage wie viel verdient man als softwareentwickler,Jobs & Education - Jobs
Informatik Softwareentwickler,Jobs & Education - Jobs
Programmierer Softwareentwickler 450 Euro Basis,Jobs & Education - Jobs
tarifvertrag softwareentwickler,Jobs & Education - Jobs
Technischer Softwareentwickler,Jobs & Education - Jobs
jobs finden stellenangebote ingenieure,Jobs & Education - Jobs
karriere stellenangebote finden stellenmarkt suchergebnis,Jobs & Education - Jobs
aktuelle stellenanzeigen,Jobs & Education - Jobs
anforderungen in stellenanzeigen,Jobs & Education - Jobs
erfolgreiche stellenanzeigen,Jobs & Education - Jobs
haushaltshilfe stellenanzeigen,Jobs & Education - Jobs
job attacke das grosse stellenanzeigen special,Jobs & Education - Jobs
frage welcher job oder welche ausbildung passt zu mir,Jobs & Education - Jobs
frage welcher job passt zu mir meine staerken sind mathe physik,Jobs & Education - Jobs
frage welcher job passt zu mir mit beschriebung,Jobs & Education - Jobs
frage wie finde ich raus welcher beruf oder job zu mir passt,Jobs & Education - Jobs
frage wo kann ich online einen guten test machen welcher job zu mir passt,Jobs & Education - Jobs
frage was macht eigentlich ein werbemanager,Jobs & Education - Jobs
Arbeitszeit als zollbeamter,Jobs & Education - Jobs
ausbildung zollbeamter usa,Jobs & Education - Jobs
frage ausbildung als zollbeamter im flughafen,Jobs & Education - Jobs
frage ausbildung zollbeamter im mittleren dienst,Jobs & Education - Jobs
frage job als justizbeamter oder zollbeamter im flughafen,Jobs & Education - Jobs
was verdient zollbeamter,Jobs & Education - Jobs
fehlhendes zertifikat fehlt im lebenslauf,Jobs & Education - Jobs
fehlzeiten im lebenslauf erklären,Jobs & Education - Jobs
gute lebensläufe,Jobs & Education - Jobs
kommt auf den lebenslauf das datum,Jobs & Education - Jobs
kommt auf lebenslauf unterschrift,Jobs & Education - Jobs
kommt bewerbungsfoto im deckblatt und lebenslauf,Jobs & Education - Jobs
Kommt das Lebenslauf vor der Bewerbung,Jobs & Education - Jobs
passbild lebenslauf kleben,Jobs & Education - Jobs
Soziale Arbeit: Erziehung und Bildung im Lebenslauf,Jobs & Education - Jobs
soziale kompetenzen lebenslauf,Jobs & Education - Jobs
strukturierung lebenslauf,Jobs & Education - Jobs
student lebenslauf verbessern,Jobs & Education - Jobs
studentenjobs im lebenslauf,Jobs & Education - Jobs
was muss in den lebenslauf für bewerbung,Jobs & Education - Jobs
was muss in Lebenslauf einer 48 jährigen,Jobs & Education - Jobs
gehalt softwareentwickler spanien,Jobs & Education - Jobs
