1000 Liter Aquarium Kaufen,Pets & Animals - Animal Products & Services
2 Hundespielzeug,Pets & Animals - Animal Products & Services
aichach hundesitter schule hundepension ohne zwinger aichach augsburg radius,Pets & Animals - Animal Products & Services
aktuelles nachhaltiges hundespielzeug becothings,Pets & Animals - Animal Products & Services
altusried hundesitter schule hundesitter auf gegenseitigkeit absindex,Pets & Animals - Animal Products & Services
angebot anione hundespielzeug frisbee,Pets & Animals - Animal Products & Services
angebot ruckdaempfer fuer hundeleinen,Pets & Animals - Animal Products & Services
Aquarium 1000l kaufen,Pets & Animals - Animal Products & Services
aquarium abdeckung gebraucht kaufen,Pets & Animals - Animal Products & Services
aquarium becken kaufen,Pets & Animals - Animal Products & Services
archiv forum th baby und hund wie macht ihr das mit dem hundespielzeug sorry lang,Pets & Animals - Animal Products & Services
askoll pure l aquarium kaufen,Pets & Animals - Animal Products & Services
bad bevensen hundesitter schule spaziergaenge hundesitter urlaubspflege hundebetreuung keine hundepension imageindex,Pets & Animals - Animal Products & Services
bad zwischenahn hundesitter schule suche hunde sitter imageindex,Pets & Animals - Animal Products & Services
baden wuerttemberg hundesitter schule die etwas andere tierpension absindex,Pets & Animals - Animal Products & Services
bangee hundeleinen,Pets & Animals - Animal Products & Services
basaltsteine kaufen aquarium,Pets & Animals - Animal Products & Services
bauanleitung hundespielzeug holz,Pets & Animals - Animal Products & Services
bensheim hundesitter schule wir suchen hunde sitter recordid,Pets & Animals - Animal Products & Services
berlin friedrichshain kreuzberg sonstiges tierbetreuung in berlin absindex,Pets & Animals - Animal Products & Services
berlin hundesitter schule dogmenti spass fuer hund und halter trickschule recordid,Pets & Animals - Animal Products & Services
betta falls aquarium kaufen,Pets & Animals - Animal Products & Services
birkenbeul hundesitter schule biete familiaere kurz und langzeitpflege fuer ihren liebling radius,Pets & Animals - Animal Products & Services
bobenheim roxheim hundesitter schule mobile tierkommunikation recordid,Pets & Animals - Animal Products & Services
bochum dahlhausen hundesitter schule knut will spazieren absindex,Pets & Animals - Animal Products & Services
bochum hundesitter schule biete hundebetreuung absindex,Pets & Animals - Animal Products & Services
bremen hundesitter schule boxernanny nimmt ihren boxer in pflege recordid,Pets & Animals - Animal Products & Services
bremen hundesitter schule hundegassi von privat in bremen nord und umzu absindex,Pets & Animals - Animal Products & Services
bremen hundesitter schule suche hunde sitter absindex,Pets & Animals - Animal Products & Services
bremen sonstiges zubehoer hundespielzeug schnueffelteppich absindex,Pets & Animals - Animal Products & Services
de hundespielzeug aus gummi lernspielzeug baer,Pets & Animals - Animal Products & Services
dinslaken hundesitter schule hundebetreuung waehrend ihrer urlaubszeit radius,Pets & Animals - Animal Products & Services
dinslaken hundesitter schule liebevolle hundebetruung mit familienanschluss absindex,Pets & Animals - Animal Products & Services
dinslaken stellengesuche suche babysitter oder hundesitter job absindex,Pets & Animals - Animal Products & Services
discounter aldi angebot gruppe:hundespielzeug hundesport,Pets & Animals - Animal Products & Services
discounter tchibo angebot gruppe:hundespielzeug hundesport angebot datum:letzte woche,Pets & Animals - Animal Products & Services
dortmund grevel hundesitter schule rockergruppe hundeschule ams dortmund und luenen absindex,Pets & Animals - Animal Products & Services
dortmund hundesitter schule hundebetreuung hundesitting absindex,Pets & Animals - Animal Products & Services
dortmund hundesitter schule hundebetreuung hundesitting radius,Pets & Animals - Animal Products & Services
Dresden 350l Aquarium kaufen,Pets & Animals - Animal Products & Services
ebulobo antoine die musikalischen weichen hundespielzeug p,Pets & Animals - Animal Products & Services
eck aquarium komplett günstig kaufen umgebung neustdatd aisch,Pets & Animals - Animal Products & Services
emmendingen tiere tierbetreuung hundesitter und gassi service,Pets & Animals - Animal Products & Services
erfahrungsberichte karlie hundespielzeug tpr ball mit wurfschnur,Pets & Animals - Animal Products & Services
erfahrungsberichte kieffer aktion pferdesattel,Pets & Animals - Animal Products & Services
erfurt hundesitter schule hundebasis erfurt ihre hundeschule vor ort recordid,Pets & Animals - Animal Products & Services
erlangen hundesitter schule hundezentrum karl kraus hundeschule hundebetreuung seminare training huta in erl hoechstadt recordid,Pets & Animals - Animal Products & Services
essen hundesitter schule biete hundebetreuung in haeuslicher umgebung absindex,Pets & Animals - Animal Products & Services
fiersbach hundesitter schule hundebetreuung hundepension urlaubsbetreuung absindex,Pets & Animals - Animal Products & Services
fisch aquarium kaufen,Pets & Animals - Animal Products & Services
flip flop als hundespielzeug,Pets & Animals - Animal Products & Services
forum katzen spiele mal hundespielzeug fuer katzen grins fuetterungsautomat t,Pets & Animals - Animal Products & Services
forum mein tier und ich hundeleinen vergleich,Pets & Animals - Animal Products & Services
frage aquarium einsteiger set wo guenstig kaufen baumarkt,Pets & Animals - Animal Products & Services
frage aquarium kaufen bei sims,Pets & Animals - Animal Products & Services
frage gibt es ueberhaupt gesundes veganes hundefutter bzw wer ernaehrt seine hunde vegan,Pets & Animals - Animal Products & Services
frage hundesitter gesetze,Pets & Animals - Animal Products & Services
frage hundesitter richtig anmelden,Pets & Animals - Animal Products & Services
frage hundespielzeug selber machen tipps bitte,Pets & Animals - Animal Products & Services
frage ich will mir bald ein aquarium das um die liter fasst ungefaehr cm laenge cm breite und die hoehe ist egal aber nicht kleiner kaufen gibt es so etwas,Pets & Animals - Animal Products & Services
frage kann ich eine lebende muschelaus dem strandwatt oder vom geschaeft fuer mein aquarium kaufen,Pets & Animals - Animal Products & Services
frage katzenstreu das geruch absorbiert welches ist da am besten,Pets & Animals - Animal Products & Services
frage liter aquarium neu gestalten von kies zu sand usw neue pumpe kaufen,Pets & Animals - Animal Products & Services
frage lohnt es sich teststreifen fuer das aquarium wasser zu kaufen kommen schlechte wasserwerte oft vor,Pets & Animals - Animal Products & Services
frage moechte aquarium kaufen worauf muss man alles achten,Pets & Animals - Animal Products & Services
frage starter vom aquarium kaputt wo neu kaufen,Pets & Animals - Animal Products & Services
frage wenn man in ein aquarium wasservorbeireiter rein tutmuss man dann noch einen wassertest machenalso diese wasserfester kaufen,Pets & Animals - Animal Products & Services
frage wer muss bezahlen hundebesitzer oder hundesitter,Pets & Animals - Animal Products & Services
frage wie misst man die groesse eines pferdesattels,Pets & Animals - Animal Products & Services
frage wieviele guppys sollte ich fuer ein xx cm aquarium kaufen,Pets & Animals - Animal Products & Services
frage wo findet man aquarium boersen oder vereine beziehungsweise private zuechter bei denen man fische kaufen kann,Pets & Animals - Animal Products & Services
frage wo kann ich quallen fuers aquarium kaufen,Pets & Animals - Animal Products & Services
fronreute hundesitter schule hundeferienparadies familiaere hundepension mit liebevoller einzelbetreuung absindex,Pets & Animals - Animal Products & Services
furth wald hundesitter schule regelmaessiger auslauftreff fuer hunde absindex,Pets & Animals - Animal Products & Services
gebrauchte aquarium komplettset mit unterschrank kaufen,Pets & Animals - Animal Products & Services
gesundes hundefutter test,Pets & Animals - Animal Products & Services
gesündeste hundefutter,Pets & Animals - Animal Products & Services
gratis hundespielzeug kostenlos,Pets & Animals - Animal Products & Services
guxhagen hundesitter schule welpengruppe hat noch plaetze frei absindex,Pets & Animals - Animal Products & Services
halle saale hundesitter schule freundeskreis hund halle saale recordid,Pets & Animals - Animal Products & Services
hamburg hundesitter schule liebevolle hundebeteuung recordid,Pets & Animals - Animal Products & Services
hamminkeln sonstiges leinen hundeleinen halsbaender halsband leine schleppleine recordid,Pets & Animals - Animal Products & Services
heinsberg hundesitter schule hundeplatz hundetreff absindex,Pets & Animals - Animal Products & Services
hennef sieg hundesitter schule hundebetreuung hundepension urlaubsbetreuung absindex,Pets & Animals - Animal Products & Services
hund hundespielzeug intelligenzspielzeug,Pets & Animals - Animal Products & Services
hunde halsband leine hundeleinen hunter hunter fuhrleine freestyle neon pink,Pets & Animals - Animal Products & Services
hundebedarf hundeleinen bobby antik passendem leder blei s braun,Pets & Animals - Animal Products & Services
hundebedarf hundespielzeug page,Pets & Animals - Animal Products & Services
hundeleinen aldi,Pets & Animals - Animal Products & Services
hundespielzeug - chuckitball,Pets & Animals - Animal Products & Services
iad kaufen und verkaufen d aktion aquarium inkl unterschrank,Pets & Animals - Animal Products & Services
intelligentes hundespielzeug,Pets & Animals - Animal Products & Services
jobs hundesitter,Pets & Animals - Animal Products & Services
jw hundespielzeug,Pets & Animals - Animal Products & Services
karlie hund spielzeug hundespielzeug latex squeeker prix~linkin id,Pets & Animals - Animal Products & Services
kiel sonstiges leinen hundeleinen halsbaender halsband leine schleppleine recordid,Pets & Animals - Animal Products & Services
kleinanzeigen hunde pflege hundesitter in leverkusen gesucht a,Pets & Animals - Animal Products & Services
kleinanzeigen hundefutter kostenloses testessen gesundes a,Pets & Animals - Animal Products & Services
kleinanzeigen sonstiges hundesitter hundebetreuung a,Pets & Animals - Animal Products & Services
koeln hundesitter schule hey suesser recordid,Pets & Animals - Animal Products & Services
koeln hundesitter schule hundebetreuung hundesitter hundesitting recordid,Pets & Animals - Animal Products & Services
koeln hundesitter schule seminar welpe retriever schaeferhund mischling terrier boxer welpen shepherd pudel bolonka absindex,Pets & Animals - Animal Products & Services
kommentare zu testbericht anione hundespielzeug star,Pets & Animals - Animal Products & Services
kurze hundeleinen für ausstellungen,Pets & Animals - Animal Products & Services
landkreis aachen hundesitter schule gesucht zuverlaessigen hundesitter fur suesse labrador james absindex,Pets & Animals - Animal Products & Services
landkreis ammerland hundesitter schule dringend unterkunft fuer welpen gesucht absindex,Pets & Animals - Animal Products & Services
landkreis bad kissingen hundesitter schule hundehotel hausmann absindex,Pets & Animals - Animal Products & Services
landkreis verden sonstiges zubehoer tolle neue hundeleinen vers groessen und farben absindex,Pets & Animals - Animal Products & Services
leverkusen hundesitter schule hundebetreuung in duesseldorf hamm gesucht absindex,Pets & Animals - Animal Products & Services
luebeck sonstiges zubehoer hundeplatz hundesitter hundesport hundeauslauf schnuppergarten absindex,Pets & Animals - Animal Products & Services
luetjensee hundesitter schule gehe mit ihrem hund spazieren absindex,Pets & Animals - Animal Products & Services
mainaschaff hundesitter schule blick in die hundetagesstaette recordid,Pets & Animals - Animal Products & Services
martinshoehe hundesitter schule suche hundesitter recordid,Pets & Animals - Animal Products & Services
maulkorb werwolf kaufen,Pets & Animals - Animal Products & Services
meerwasseraquarium shop meerwasseraquaristik onlineshop kuelung heizen fuer aquarien aquarium heizer heizstab kaufen,Pets & Animals - Animal Products & Services
mehlmeisel hundesitter schule hundenanny gesucht recordid,Pets & Animals - Animal Products & Services
mode karstadt angebot gruppe:hundespielzeug hundesport,Pets & Animals - Animal Products & Services
mode woolworth angebot gruppe:hundespielzeug hundesport,Pets & Animals - Animal Products & Services
moenchengladbach hundesitter schule jede menge osterferien betreuungsmoeglichikeiten fuer ihren hund recordid,Pets & Animals - Animal Products & Services
moenchengladbach hundesitter schule seminar welpe retriever schaeferhund mischling terrier boxer welpen shepherd pudel bolonka absindex,Pets & Animals - Animal Products & Services
moers hundesitter schule hundebetreuung hundesitter hundesitting radius,Pets & Animals - Animal Products & Services
moers hundesitter schule hundebetreuung werktags absindex,Pets & Animals - Animal Products & Services
neopren hundeleinen,Pets & Animals - Animal Products & Services
neukirchen vluyn hundesitter schule private urlaubs und tages betreuung besonders fuer hunde senioren recordid,Pets & Animals - Animal Products & Services
news schweiz pitbull biss baby ins gesicht hundesitterin bezahlt franken schadenersatz id,Pets & Animals - Animal Products & Services
niedersachsen hundesitter schule biete tierbetreuung absindex,Pets & Animals - Animal Products & Services
nuthe urstromtal hundesitter schule hunde hof wald wiese hundepension hundebetreuung tagespflege recordid,Pets & Animals - Animal Products & Services
nylongurte zum flechten von hundeleinen,Pets & Animals - Animal Products & Services
oberhausen hundesitter schule hundebetreuung waehrend ihrer urlaubszeit absindex,Pets & Animals - Animal Products & Services
oerlenbach hundesitter schule hundesitter absindex,Pets & Animals - Animal Products & Services
offenbach main hundesitter schule der eckenheimer hundekindergaren recordid,Pets & Animals - Animal Products & Services
panfu losungen taucheranzug pferdesattel,Pets & Animals - Animal Products & Services
papenburg hundesitter schule hundesitter fuer beaglemaedchen gesucht radius,Pets & Animals - Animal Products & Services
passau hundesitter schule hundebetreuung recordid,Pets & Animals - Animal Products & Services
petershagen hundesitter schule notfall pflegestellen gesucht raum k f h ms d absindex,Pets & Animals - Animal Products & Services
pferdesattel für behinderte,Pets & Animals - Animal Products & Services
pferdesattel gebraucht,Pets & Animals - Animal Products & Services
produkte flexi hundeleinen fashion medium m,Pets & Animals - Animal Products & Services
qpi tiermarkt hunde cap hundesitter gesucht,Pets & Animals - Animal Products & Services
qpi tiermarkt zubehoer reit pferdesport ca verkaufe ueber pferdesattel,Pets & Animals - Animal Products & Services
rahden hundesitter schule gassi geher gesucht fuer woechentlich markt schwaben recordid,Pets & Animals - Animal Products & Services
regensburg hundesitter schule hundebuecher hundesport hundetraining hundeaufzucht hundeerziehung absindex,Pets & Animals - Animal Products & Services
regierungsbezirk arnsberg hundesitter schule welpenschule hundeschule ams dortmund und luenen absindex,Pets & Animals - Animal Products & Services
reiter reitstiefel damen cavallo lederreitstiefel kaufen in hamburg,Pets & Animals - Animal Products & Services
reiter reitstiefel damen cavallo reitstiefel weltmeister kaufen in wettenberg,Pets & Animals - Animal Products & Services
reiter reitstiefel damen dressurstiefel koenigs m zubehoer kaufen in muehldorf am inn,Pets & Animals - Animal Products & Services
robustes hundespielzeug selber machen,Pets & Animals - Animal Products & Services
rosenheim hundesitter schule hundebetreuung absindex,Pets & Animals - Animal Products & Services
rothenburg oberlausitz zentrum hundesitter schule hundeschule spass am lernen mit hund absindex,Pets & Animals - Animal Products & Services
rott inn hundesitter schule tierschutzverein sucht in bayern tierliebe pflegestellen mit auto absindex,Pets & Animals - Animal Products & Services
s adbffada die hundesitterin,Pets & Animals - Animal Products & Services
s hundeleinen,Pets & Animals - Animal Products & Services
sattler für pferdesättel kreis tübingen,Pets & Animals - Animal Products & Services
schermbeck hundesitter schule suche pflegestellen fuer kastrierte rueden und huendinnen absindex,Pets & Animals - Animal Products & Services
schleswig holstein hundesitter schule gehe mit ihrem hund spazieren imageindex,Pets & Animals - Animal Products & Services
schnecken für aquarium kaufen,Pets & Animals - Animal Products & Services
search pferdesattel gebraucht,Pets & Animals - Animal Products & Services
seil für hundespielzeug,Pets & Animals - Animal Products & Services
sennfeld hundesitter schule susannes pfotentreff professionelles dogwalking mit familienanschluss recordid,Pets & Animals - Animal Products & Services
shop dog toys hundespielzeug schlange,Pets & Animals - Animal Products & Services
shop dog toys hundespielzeug tpr knochen,Pets & Animals - Animal Products & Services
shop dog toys hundespielzeug tpr knochen mit seil,Pets & Animals - Animal Products & Services
siegburg stellengesuche suche babysitter oder hundesitter job absindex,Pets & Animals - Animal Products & Services
Sinn einer Fellunterlage unter einem Pferdesattel,Pets & Animals - Animal Products & Services
sonstiges zubehoer suche gelegentlich hundesitter fuer meinen schaeferhundmischling absindex,Pets & Animals - Animal Products & Services
sr q hundespielzeug reifen,Pets & Animals - Animal Products & Services
sr q hunter hundespielzeug,Pets & Animals - Animal Products & Services
sr q kurze hundeleinen,Pets & Animals - Animal Products & Services
stuttgart hundesitter schule gassiservice dogwalking tierbetreuung recordid,Pets & Animals - Animal Products & Services
stuttgart hundesitter schule private hundebetreuung recordid,Pets & Animals - Animal Products & Services
suche arbeit als hundesitter in nieder eschbach,Pets & Animals - Animal Products & Services
Suche einen Hundesitter Augsburg od. Umgebung,Pets & Animals - Animal Products & Services
supermarkt real angebot gruppe:hundespielzeug hundesport,Pets & Animals - Animal Products & Services
tag hundespielzeug,Pets & Animals - Animal Products & Services
tb a r haustiere schon welpen hundeleinen gewoehnen,Pets & Animals - Animal Products & Services
thread vollautomatisches hundespielzeug,Pets & Animals - Animal Products & Services
threads ungefährliche holzlasur für hundespielzeug gesucht,Pets & Animals - Animal Products & Services
thueringen hundesitter schule hundesitter gesucht absindex,Pets & Animals - Animal Products & Services
thueringen hundesitter schule wurfbox welpenkiste bett intelligenz beschaeftigung spiel leine agility geraete fressnapf futter absindex,Pets & Animals - Animal Products & Services
tier das futterhaus angebot gruppe:hundespielzeug hundesport,Pets & Animals - Animal Products & Services
tierbetreuung hundesitter muenchen forstenried fuerstenried sc cts page,Pets & Animals - Animal Products & Services
tiermarkt hundeleinen verschiedenen laengen sc,Pets & Animals - Animal Products & Services
üblicher Stundenlohn Hundesitter,Pets & Animals - Animal Products & Services
uetersen hundesitter schule gassiservice dogwalking tierbetreuung recordid,Pets & Animals - Animal Products & Services
ungiftiges Hundespielzeug,Pets & Animals - Animal Products & Services
unkaputtbares hundespielzeug,Pets & Animals - Animal Products & Services
verkauf von pferdesätteln in schleswigholstein,Pets & Animals - Animal Products & Services
viersen hundesitter schule seminar welpe retriever schaeferhund mischling terrier boxer welpen shepherd pudel bolonka recordid,Pets & Animals - Animal Products & Services
vinningen hundesitter schule biete hundebetreuung fuer alle groessen und rassen fuer tages u urlaubsbetreuung absindex,Pets & Animals - Animal Products & Services
waldfeucht hundesitter schule hundeplatz hundetreff absindex,Pets & Animals - Animal Products & Services
waltershausen sonstiges tierbetreuung in georgenthal thuer wald absindex,Pets & Animals - Animal Products & Services
welches ist das gesündeste hundefutter,Pets & Animals - Animal Products & Services
wiesbaden hundesitter schule liebevolle hundebetreuung gesucht absindex,Pets & Animals - Animal Products & Services
wiesbaden hundesitter schule private hundebetreuung absindex,Pets & Animals - Animal Products & Services
wirklich haltbares hundespielzeug selber machen a,Pets & Animals - Animal Products & Services
wissen hundesitter in deutschland,Pets & Animals - Animal Products & Services
wohnen diy tipp hundespielzeug selber haekeln,Pets & Animals - Animal Products & Services
wolmirstedt hundesitter schule hundebetreuung privat recordid,Pets & Animals - Animal Products & Services
wriezen hundesitter schule muecke mix huendin jahr nicht haarend absindex,Pets & Animals - Animal Products & Services
zubehoer reit pferdesport pferdesattel pfungstadt sc ct,Pets & Animals - Animal Products & Services
kann man chinchillas alleine halten,Pets & Animals - Pets
asso standard du hamster syrien,Pets & Animals - Pets
der schönste Hamster Käfig,Pets & Animals - Pets
dortmund hamster hamsterbabys wochen alt recordid,Pets & Animals - Pets
erfahrungsberichte vitakraft menu vital fur hamster,Pets & Animals - Pets
forum katzen verhalten neue toetet hamster t,Pets & Animals - Pets
frage eine beule auf dem kopf meines hamsters,Pets & Animals - Pets
frage eine gurke dem hamster geben,Pets & Animals - Pets
frage eltern wollen mit meinem hamster nicht zum tierarzt,Pets & Animals - Pets
frage kann ein hamster jahre alt werden,Pets & Animals - Pets
frage sind hamster auch tag aktiv,Pets & Animals - Pets
frage sind hamster einzelgaenger,Pets & Animals - Pets
frage wichtige frage ist mein hamstert wirklich tot,Pets & Animals - Pets
frage wie alt kann mein hamster werden,Pets & Animals - Pets
genuss essen tierisch lecker wenn ein kleiner hamster einen kleinen burrito isst,Pets & Animals - Pets
habe hamster getötet,Pets & Animals - Pets
Häuser für hamster,Pets & Animals - Pets
landkreis celle hamster hamsterkinder freuen sich auf ein schoenes zuhause absindex,Pets & Animals - Pets
paprika den hamster geben,Pets & Animals - Pets
selbst einen hamster käfig bauen,Pets & Animals - Pets
sonstige haustiere hamster berlin sc ct,Pets & Animals - Pets
sonstige haustiere hamster mannheim sc ct,Pets & Animals - Pets
threads warum baut mein hamster kein nest,Pets & Animals - Pets
threads was fuettert ihr euren hamstern an eiweissfutter,Pets & Animals - Pets
threads welcher hamster ist der richtige für mich,Pets & Animals - Pets
threads wie schwer ist euer hamster,Pets & Animals - Pets
threads woran erkennt mann wie alt ein hamster ist,Pets & Animals - Pets
was macht man wenn ein hamster nicht in sein häuschen geht?,Pets & Animals - Pets
was macht man wenn ein hamster tot ist,Pets & Animals - Pets
was passiert wenn ein hamster bombom isst,Pets & Animals - Pets
wie groß ist ein hamster gehirn,Pets & Animals - Pets
wie hamster einschläfern,Pets & Animals - Pets
wie helfe ich mein hamster beim sterben,Pets & Animals - Pets
wie lange ist hamster nachts wach,Pets & Animals - Pets
woran erkenne ich allergie gegen hamster,Pets & Animals - Pets
woran erkenne ich das mein hamster krank ist,Pets & Animals - Pets
frage beschaeftigung fuer hausschweine,Pets & Animals - Pets
frage darf man ein hausschwein in der wohnung halten,Pets & Animals - Pets
frage darf man in der stadt ein hausschwein halten oder gibt es dafuer gesetze,Pets & Animals - Pets
frage hat jemand erfahrung mit hausschweinen,Pets & Animals - Pets
frage hausschwein kosten,Pets & Animals - Pets
frage hausschweine alleine,Pets & Animals - Pets
frage hausschweine halten in deutschland,Pets & Animals - Pets
frage kann man einem hausschwein beibringen aufs katzenklo zu gehen,Pets & Animals - Pets
frage muss ich fuer ein hausschwein steuern bezahlen,Pets & Animals - Pets
frage namen fuer hausschweine,Pets & Animals - Pets
frage sind alle minischweinrassen zum hausschwein geeignet,Pets & Animals - Pets
frage wie bekomme ich ein hausschwein,Pets & Animals - Pets
George Clooney Hausschwein,Pets & Animals - Pets
hausschwein kaufen,Pets & Animals - Pets
suche deutsches hausschwein ferkel,Pets & Animals - Pets
verwilderte hausschweine,Pets & Animals - Pets
wildschwein mit hausschwein kreuzen,Pets & Animals - Pets
darf man haustiere in mietwohnungen halten,Pets & Animals - Pets
flughunde als haustiere halten,Pets & Animals - Pets
frage affen als haustiere halten,Pets & Animals - Pets
frage haustiere halten moral,Pets & Animals - Pets
frage kann man fuechse als haustiere halten,Pets & Animals - Pets
frage kann man kleine schildkroeten als haustiere halten,Pets & Animals - Pets
frage kann man molche als haustiere halten,Pets & Animals - Pets
frage sind degus einfach zu haltende haustiere,Pets & Animals - Pets
frage welche haustiere sind am einfachsten guenstigsten zu halten,Pets & Animals - Pets
frage welche maeusarten kann man als haustiere halten,Pets & Animals - Pets
frage wie viele haustiere darf man halten,Pets & Animals - Pets
gänse als haustiere halten,Pets & Animals - Pets
gartenforum haustiere forum zwei kater zusammen halten,Pets & Animals - Pets
haustiere die man in deutschland halten darf,Pets & Animals - Pets
kann man wölfe als haustiere halten,Pets & Animals - Pets
threads haustiere ganzjährig draußen halten,Pets & Animals - Pets
warum halten chinesen hunde als haustiere,Pets & Animals - Pets
warum halten wir haustiere,Pets & Animals - Pets
welche haustiere darf man halten als moslem,Pets & Animals - Pets
kanarienvoegel allgemein kanarienvogel allein halten,Pets & Animals - Pets
kanarienvögel alleine halten,Pets & Animals - Pets
1 hase und kaninchen,Pets & Animals - Pets
anzeichen allergie kaninchen,Pets & Animals - Pets
anzeichen dass ein kaninchen alt wird,Pets & Animals - Pets
Anzeichen einer Geburt bei kaninchen,Pets & Animals - Pets
anzeichen wenn es ein kaninchen schlecht geht,Pets & Animals - Pets
argerechte haltung kaninchen,Pets & Animals - Pets
Außengehege für kaninchen Kosten,Pets & Animals - Pets
außengehege für kaninchen selber bauen,Pets & Animals - Pets
außengehege kaninchen bauanleitung,Pets & Animals - Pets
außengehege kaninchen gebraucht,Pets & Animals - Pets
bei wieviel grad können kaninchen draußen bleiben,Pets & Animals - Pets
forum kleintierforum kaninchen hase total aggresiv,Pets & Animals - Pets
forum kleintierforum kaninchen kaninchen verhält sich merkwürdig,Pets & Animals - Pets
frage ein kaninchen jagt und beisst das andere was sollen wir tun,Pets & Animals - Pets
frage eines meiner kaninchen taummelt,Pets & Animals - Pets
frage kann eigentlich auch ein kastrierter kaninchen bock nachwuchs tot beissen,Pets & Animals - Pets
frage kann ein kaninchen davon sterben,Pets & Animals - Pets
frage kann ein kaninchen eine hauskatze anstecken,Pets & Animals - Pets
frage sehr krankes kaninchen,Pets & Animals - Pets
frage sind haferflocken gut fuer kaninchen,Pets & Animals - Pets
frage widder kaninchen gewicht,Pets & Animals - Pets
frage wie alt ist mein kaninchen im menschenalter,Pets & Animals - Pets
frage wie alt sind eure kaninchen geworden,Pets & Animals - Pets
gute frage kaninchen schwanger,Pets & Animals - Pets
hämorrhoiden bei kaninchen,Pets & Animals - Pets
jagdhund frisst kaninchen,Pets & Animals - Pets
was kostet es ein kaninchen im tierheim abzugeben,Pets & Animals - Pets
was machen wenn kaninchen weichen stuhl hat,Pets & Animals - Pets
was macht ein kaninchen den ganzen tag,Pets & Animals - Pets
wie gebe ich meinem kaninchen medikamente,Pets & Animals - Pets
Wie halte ich die Kaninchen von meinen Pflanzen den,Pets & Animals - Pets
wohnungskatze und kaninchen,Pets & Animals - Pets
zahnpflege bei kaninchen,Pets & Animals - Pets
zaun kaninchen freigehege,Pets & Animals - Pets
ab wann siam kater kastrieren,Pets & Animals - Pets
archiv forum th kater kastrieren aber wann,Pets & Animals - Pets
ausgewachsenen kater kastrieren,Pets & Animals - Pets
einhoder kater kastrieren,Pets & Animals - Pets
forum sexualitaet habt kater kastrieren lassen t,Pets & Animals - Pets
frage kastrieren kater,Pets & Animals - Pets
frage kater kastrieren lassen welches alter ist das beste,Pets & Animals - Pets
frage kater mit jahren noch kastrieren moeglich,Pets & Animals - Pets
freigänger kater kastrieren,Pets & Animals - Pets
guenstig kater kastrieren chemnitz,Pets & Animals - Pets
Kann man einen Kater nochmals kastrieren,Pets & Animals - Pets
muss ich kater kastrieren,Pets & Animals - Pets
sollte man Kater kastrieren lassen,Pets & Animals - Pets
wieviel Stunden vor dem kastrieren sollten Kater nützen sin,Pets & Animals - Pets
frage mein hund hat schokolade gegessen,Pets & Animals - Pets
Meine Katze Pinkelt Überall Hin,Pets & Animals - Pets
archiv forum th nacktkatzen sphinx,Pets & Animals - Pets
chinesische nacktkatze,Pets & Animals - Pets
GEWICHT VON EINER AUSGEWACHSENEN Nacktkatze,Pets & Animals - Pets
mischling nacktkatze,Pets & Animals - Pets
nacktkatze alter,Pets & Animals - Pets
nacktkatze haltung,Pets & Animals - Pets
pflege nacktkatzen,Pets & Animals - Pets
Sphinx nacktkatze,Pets & Animals - Pets
tierarzt nacktkatze münchen,Pets & Animals - Pets
wo bekomme ich eine nacktkatze,Pets & Animals - Pets
frage reptilien als haustier welche geckoarten kann man sich halten,Pets & Animals - Pets
10 monate alter schäferhund frisst nicht,Pets & Animals - Pets
6monate alte schäferhund größe und gewicht,Pets & Animals - Pets
airedale terrier schäferhund mix,Pets & Animals - Pets
alba weisse schäferhunde,Pets & Animals - Pets
appenzeller labrador schäferhund,Pets & Animals - Pets
Ausbildung weißer Schäferhund,Pets & Animals - Pets
Auslastung eines holländischen Schäferhund,Pets & Animals - Pets
belgische schäferhund,Pets & Animals - Pets
Blutkrebs Schäferhund,Pets & Animals - Pets
der deutsche schaferhund ist out die beliebtesten hunderassen foto,Pets & Animals - Pets
erfahrungsberichte weiser schaferhund,Pets & Animals - Pets
ernährung schäferhund,Pets & Animals - Pets
günstig hundehütte schäferhund,Pets & Animals - Pets
haart ein schäferhund viel,Pets & Animals - Pets
Husky Schäferhund Mix Welpen,Pets & Animals - Pets
Junge Schäferhunde Zu Verkaufen,Pets & Animals - Pets
kleinanzeigen von altdeutschen schäferhunden,Pets & Animals - Pets
koelleda deutscher schaeferhund deutscher schaeferhund ruede absindex,Pets & Animals - Pets
leonberger schäferhund mix,Pets & Animals - Pets
marokkanischer schäferhund,Pets & Animals - Pets
Mittelasiatischer-Schäferhund Rasse,Pets & Animals - Pets
passen schäferhunde mit franz bullys zusammen,Pets & Animals - Pets
problemhund schäferhund,Pets & Animals - Pets
produktdaten australischer schaferhund,Pets & Animals - Pets
produktdaten weiser schaferhund,Pets & Animals - Pets
rottweiler schäferhund labrador mischling,Pets & Animals - Pets
rottweiler schäferhund mischling Namen,Pets & Animals - Pets
rottweiler schäferhund welpen,Pets & Animals - Pets
schaferhund füttern,Pets & Animals - Pets
schaferhund Mischling,Pets & Animals - Pets
suche belgischen schäferhund welpen,Pets & Animals - Pets
terrier schäferhund mischling 14 jahre wie viel kg,Pets & Animals - Pets
threads schäferhund rottweiler mix,Pets & Animals - Pets
threads weisser schäferhund,Pets & Animals - Pets
unser schäferhund mag sich nicht hinlegen,Pets & Animals - Pets
unser schäferhund will ständig beim spaziergang vor laufen,Pets & Animals - Pets
was passiert wenn schäferhund jemanden beisst,Pets & Animals - Pets
wie groß 14 wochen alter weißer schäferhund welpe,Pets & Animals - Pets
wie gut ist royal canin deutscher schäferhund,Pets & Animals - Pets
zahnung beim schäferhund,Pets & Animals - Pets
kann ich schildkröten im gartenteich halten,Pets & Animals - Pets
schildkröten im aquarium halten,Pets & Animals - Pets
augsburg siam siam katzen recordid,Pets & Animals - Pets
baden wuerttemberg mischlingskatzen cinderella die suesse thai siam katze sucht ein zuhause absindex,Pets & Animals - Pets
bochum siam siamkatze siam katze kitten seal point alter typ reinrassig imageindex,Pets & Animals - Pets
frage katzen aus spanien oder siam regenscheu,Pets & Animals - Pets
frage siam katze als freigaenger,Pets & Animals - Pets
katzen fellpflege siam balinesen mixen,Pets & Animals - Pets
meerbusch siam suesse reinrassige siam katzen recordid,Pets & Animals - Pets
siam bengal katzen,Pets & Animals - Pets
siam kater und bkh katze paaren,Pets & Animals - Pets
siam katze 10 monate trächtig,Pets & Animals - Pets
siam katze allergie,Pets & Animals - Pets
siam katze babys kaufen,Pets & Animals - Pets
thai siam katze allergie,Pets & Animals - Pets
tiermarkt katzen ca bengal siam mix,Pets & Animals - Pets
tiermarkt katzen ca biete unseren schoenen siam thai,Pets & Animals - Pets
uetze thai siam katze alter typ recordid,Pets & Animals - Pets
vermittlungsangebote siam thai kater katze,Pets & Animals - Pets
welche katze passt zu siam,Pets & Animals - Pets
wiesbaden siam siam baby katzen recordid,Pets & Animals - Pets
welche große katzenrassen gibt es,Pets & Animals - Pets
frage welches haustier passt besser zu mir empfelung,Pets & Animals - Pets
Welches Haustier passt zu mir,Pets & Animals - Pets
wie erziehe ich meinen hund richtig AS,Pets & Animals - Pets
australische Fledermäuse,Pets & Animals - Wildlife
buch fledermause,Pets & Animals - Wildlife
duftender sommergarten für Fledermäuse,Pets & Animals - Wildlife
fledermäuse deutschland gefährlich,Pets & Animals - Wildlife
fledermause unterm dach habt ihr angst davor,Pets & Animals - Wildlife
freie fotos von deutschen fledermäusen,Pets & Animals - Wildlife
kommen fledermäuse durch fliegengitter,Pets & Animals - Wildlife
menschen fledermäuse hören,Pets & Animals - Wildlife
mittel gegen fledermäuse,Pets & Animals - Wildlife
pinterest fledermäuse bilder Suchen,Pets & Animals - Wildlife
questions sind fledermause wechselwarme tiere,Pets & Animals - Wildlife
reizbarkeit der fledermäuse,Pets & Animals - Wildlife
Retterin der Fledermäuse,Pets & Animals - Wildlife
sind fledermäuse allesfresser,Pets & Animals - Wildlife
thema fledermäuse verjagen,Pets & Animals - Wildlife
verwandte von fledermäusen,Pets & Animals - Wildlife
was mogen fledermause gar nicht,Pets & Animals - Wildlife
wie kann ich fledermause vertreiben,Pets & Animals - Wildlife
wie kann man fledermäuse schützen aufgelistet,Pets & Animals - Wildlife
Wie orientieren sich Fledermäuse im dunkeln,Pets & Animals - Wildlife
wie passen sich fledermäuse an fledermausblumen an,Pets & Animals - Wildlife
frage gibt es wircklich in deutschland schlangen,Pets & Animals - Wildlife
frage gibt es in afrika freilebende wilde tiger,Pets & Animals - Wildlife
gibt es tiger in afrika,Pets & Animals - Wildlife
1 Giraffe,Pets & Animals - Wildlife
alles über giraffen,Pets & Animals - Wildlife
evolution in der praxis anhand des beispiels von giraffen,Pets & Animals - Wildlife
evolutionstheorie warum hat die Giraffe einen so langen Hals,Pets & Animals - Wildlife
frage giraffen bisexuell,Pets & Animals - Wildlife
frage giraffen zunge hoerner,Pets & Animals - Wildlife
frage kann man auf giraffen reiten,Pets & Animals - Wildlife
frage kippen giraffen bei extremen wind um,Pets & Animals - Wildlife
frage safari in europa wo ist das groesste freigehege fuer loewen giraffen etc,Pets & Animals - Wildlife
frage stimmt es dass man stirbt wenn eine giraffe einen menschen tritt,Pets & Animals - Wildlife
frage warum haben die giraffen nicht einfach gras gefressen,Pets & Animals - Wildlife
frage warum haben giraffen einen langen halz,Pets & Animals - Wildlife
frage warum haben giraffen so lange haelse,Pets & Animals - Wildlife
frage warum hat die giraffe so ein langen hals,Pets & Animals - Wildlife
frage wie heissen die babys von giraffen,Pets & Animals - Wildlife
frage wie kommen giraffen mit nur minuten schlaf taeglich aus,Pets & Animals - Wildlife
frage wonach riechen stinken giraffen,Pets & Animals - Wildlife
geo interaktiv frage des tages was bedeutet der lateinische name der giraffe,Pets & Animals - Wildlife
geo interaktiv frage des tages was haben elefanten mit giraffen gemeinsam,Pets & Animals - Wildlife
life natur aus der froschperspektive so riesig ist eine giraffe id,Pets & Animals - Wildlife
life streit im reich der tiere giraffe zeigts laestigem baby rhino id,Pets & Animals - Wildlife
limmattal zuerich dank neuem zuhause giraffen und nashoerner kehren zurueck,Pets & Animals - Wildlife
muenster tierischer transport giraffe im flugzeug transportiert id,Pets & Animals - Wildlife
Name für eine Giraffe,Pets & Animals - Wildlife
name von giraffe auf latein,Pets & Animals - Wildlife
news kein erbarmen zoo hat die giraffe marius getoetet id,Pets & Animals - Wildlife
news schweiz basel im basler zolli hier wird ein giraffen baby geboren id,Pets & Animals - Wildlife
news schweiz basel stadt giraffen im zolli basel mit neuem zuhause id,Pets & Animals - Wildlife
news schweiz kinderzoo junge giraffe im kinderzoo gestorben id,Pets & Animals - Wildlife
news schweiz schweizer zoos ueber die giraffen metzgete wir machen das mit weniger show id,Pets & Animals - Wildlife
reise fernreisen kenia nach der krise wenn ploetzlich eine giraffe vor dem zelt steht,Pets & Animals - Wildlife
reise fernweh nakuru see in kenia flamingos loewen und giraffen a,Pets & Animals - Wildlife
threads pferd geht immer mit giraffen hals,Pets & Animals - Wildlife
threads pferd laeuft wie giraffe,Pets & Animals - Wildlife
threads schrittproblem heute giraffe morgen nicht,Pets & Animals - Wildlife
tiere giraffe hat knick im hals,Pets & Animals - Wildlife
videos giraffe bedient sich am pool,Pets & Animals - Wildlife
videos internet elefanten giraffen loewen street view macht auf tier doku,Pets & Animals - Wildlife
Was noch tun wenn pferd wie eine giraffe geht,Pets & Animals - Wildlife
wie ist sex bei giraffen,Pets & Animals - Wildlife
wie rufen giraffen,Pets & Animals - Wildlife
wie schnell ist eine giraffe,Pets & Animals - Wildlife
zebra auf giraffe,Pets & Animals - Wildlife
kapuzineräffchen als haustier,Pets & Animals - Wildlife
kapuzineräffchen zu verkaufen,Pets & Animals - Wildlife
artikel schacher ums fell des toten leoparden,Pets & Animals - Wildlife
essen leoparden äpfel,Pets & Animals - Wildlife
fotostrecke leoparden babys in der mara jungtiere aufm baum fotos fotostrecke,Pets & Animals - Wildlife
frage gibt es loewen ode leoparden in der wueste,Pets & Animals - Wildlife
frage haben alle leoparden geckos keine zaehne kennt sich jemand damit aus,Pets & Animals - Wildlife
frage leoparden geckos haltunginfo,Pets & Animals - Wildlife
frage warum werden zb leoparden nicht krank wenn sie rohes fleisch essen,Pets & Animals - Wildlife
frage wieso duerfen tiere uns toeten aber wir sie nicht zum beispiel tiger leoparden nashoerner usw,Pets & Animals - Wildlife
frau spielt mit leoparden,Pets & Animals - Wildlife
fressen leoparden menschen,Pets & Animals - Wildlife
gp leoparden aus dem wildlife park jungle park teneriffa,Pets & Animals - Wildlife
greifen leoparden nur von hinten an,Pets & Animals - Wildlife
meldungen zoo leipzig neue leoparden atrraktion eroeffnet,Pets & Animals - Wildlife
news ausland verkehrte tierwelt warzenschwein macht leoparden fertig id,Pets & Animals - Wildlife
news schweiz bern heisses blind date nach fuenf jahren leoparden liebe im berner tierpark id,Pets & Animals - Wildlife
panorama indien ein hund in mumbai hat einen leoparden verjagt a,Pets & Animals - Wildlife
panorama video ins netz gegangen tiergeschichten krueger nationalpark wassertriel kueken entkommt aus pfoten eines leoparden,Pets & Animals - Wildlife
panorama weltgeschehen indien skifahrer treffen leoparden,Pets & Animals - Wildlife
politik ausland leoparden fuer die saudis spd haelt kampfpanzer lieferung fuer illegal,Pets & Animals - Wildlife
reise fernreisen ratgeber suedafrika ranger training wo geht s hier zu den leoparden,Pets & Animals - Wildlife
reisen community reisebericht auf der suche nach dem arabischen leoparden,Pets & Animals - Wildlife
reisen community reisebericht im reich des leoparden samburu national reserve kenya,Pets & Animals - Wildlife
schneeleoparden leoparden unterschied,Pets & Animals - Wildlife
schwarze leoparden,Pets & Animals - Wildlife
tag rendezvous mit den afrikanischen leoparden,Pets & Animals - Wildlife
Tiger und Leoparden,Pets & Animals - Wildlife
video kurioses paarung von leoparden gefilmt,Pets & Animals - Wildlife
von leoparden und schlangen,Pets & Animals - Wildlife
webcam weiße Leoparden,Pets & Animals - Wildlife
wie groß muss ein terarium für leoparden gekkos sein,Pets & Animals - Wildlife
afrikanische nashorn,Pets & Animals - Wildlife
aktuelles aktion rettet das nashorn,Pets & Animals - Wildlife
aktuelles aktion rettet das nashorn malinois shaya,Pets & Animals - Wildlife
aktuelles meldungen palaeontologie der esel war ein baer war ein nashorn,Pets & Animals - Wildlife
aktuelles tolle tierfreundschaft nashorn und lamm spielen zusammen a,Pets & Animals - Wildlife
auch nashörner haben gefühle,Pets & Animals - Wildlife
augsburger zoo nashorn baby,Pets & Animals - Wildlife
ausland international seltenes sumatra nashorn in borneo gestorben;art,Pets & Animals - Wildlife
ausland sumatra nashorn kurz nach seiner entdeckung in indonesien gestorben,Pets & Animals - Wildlife
basel basel stadt zolli hofft auf nashorn nachwuchs und zeigt neues affenbaby,Pets & Animals - Wildlife
blaulicht seltenes sumatra nashorn in borneo gestorben,Pets & Animals - Wildlife
das musikalische nashorn,Pets & Animals - Wildlife
de blog article fabel gesucht wo ein rhinozeros nashorn drin vorkommt,Pets & Animals - Wildlife
de international sumatra nashorn kurz nach seiner entdeckung in indonesien gestorben,Pets & Animals - Wildlife
de lila nashorn zeisenhalle firmenevent konferenzraum in hamburg kein regierungsbezirk hamburg deutschland le,Pets & Animals - Wildlife
dielsdorf das nashorn geht die wallabys kommen story,Pets & Animals - Wildlife
elefanten und nashörner verwandt,Pets & Animals - Wildlife
flusspferd nashorn,Pets & Animals - Wildlife
fotostrecke letztes sumatra nashorn aus den usa auf paarungsreise fotostrecke,Pets & Animals - Wildlife
frage ist das schwarze nashorn wirklich ausgestorben,Pets & Animals - Wildlife
frage nashorn pferd,Pets & Animals - Wildlife
frage nashorn tauchtiefe,Pets & Animals - Wildlife
frage wo liegen die unterschiede zwischen einem nashorn und einem rhinozeros,Pets & Animals - Wildlife
geräusche nashorn,Pets & Animals - Wildlife
Ich möchte ein weißes Nashorn sehen.,Pets & Animals - Wildlife
life nicht kuschlig aber herzig nashorn baby erkundet zoo gehege id,Pets & Animals - Wildlife
life noch ganz wackelig auf den beinen nashorn baby steht auf id,Pets & Animals - Wildlife
life notfall uebung hier buechst ein nashorn aus id,Pets & Animals - Wildlife
lion vs rhino vs hyenas vs wildebeest lowen gegen nashorn gegen hyanen gegen gnu,Pets & Animals - Wildlife
NASHORN,Pets & Animals - Wildlife
nashorn aussterben,Pets & Animals - Wildlife
nashorn aussterben bedroht,Pets & Animals - Wildlife
Nashorn auswildern,Pets & Animals - Wildlife
news in der freien wildnis ausgestorben hier kommt ein schwarzes nashorn zur welt id,Pets & Animals - Wildlife
news in nepal wildes nashorn laeuft amok und toetet eine frau id,Pets & Animals - Wildlife
news nashorn olmoti das ist der neue liebling im zoo zuerich id,Pets & Animals - Wildlife
news schweiz zoo basel neue nashorn zuchtkuh im basler zoo id,Pets & Animals - Wildlife
Paarung Nashorn,Pets & Animals - Wildlife
panorama berliner zoo nashorn baby akili zeigt sich der oeffentlichkeit,Pets & Animals - Wildlife
panorama letztes sumatra nashorn aus den usa auf paarungsreise a,Pets & Animals - Wildlife
panorama wildes nashorn rennt in menschenmenge und toetet frau a,Pets & Animals - Wildlife
panorama wissen natur augen operation nashorn baby heini kann sehen,Pets & Animals - Wildlife
panorama wissen natur kuenstlich gezeugtes nashorn lulu gebiert totes baby,Pets & Animals - Wildlife
reisen community bild nashorn ganz nah,Pets & Animals - Wildlife
reportagen nashorn jagd blutige schlacht ums horn,Pets & Animals - Wildlife
rubriken boulevard sumatra nashorn kurz nach seiner entdeckung in indonesien gestorben,Pets & Animals - Wildlife
schwarzes nashorn,Pets & Animals - Wildlife
schweiz neue nashorn zuchtkuh im basler zoo,Pets & Animals - Wildlife
videos baby nashorn auf der flucht,Pets & Animals - Wildlife
wichtige fakten über Nashorn,Pets & Animals - Wildlife
wie viel wiegt ein nashorn,Pets & Animals - Wildlife
vogelschwarm,Pets & Animals - Wildlife
wohnen kleiner vogelschwarm stueck,Pets & Animals - Wildlife
bilder wildgänse,Pets & Animals - Wildlife
fliegen wildgänse nachts,Pets & Animals - Wildlife
rückkehr der wildgänse,Pets & Animals - Wildlife
wann kommen wildgänse zurück,Pets & Animals - Wildlife
warum schreien wildgänse beim fliegen,Pets & Animals - Wildlife
werden Wildgänse in den Niederlanden vergast,Pets & Animals - Wildlife
article weniger wildschweine,Pets & Animals - Wildlife
article wildschweine erneut unterwegs in veitshochheim,Pets & Animals - Wildlife
artikel tschernobyl wildschweine immer noch verstrahlt,Pets & Animals - Wildlife
das größte wildschwein der welt,Pets & Animals - Wildlife
das schwerste wildschwein,Pets & Animals - Wildlife
dürfen wildschweine rohe nudeln fressen,Pets & Animals - Wildlife
essen wildschweine erdnüsse,Pets & Animals - Wildlife
frage ernaehrung von schweinen wieviel prozent fleisch fressen wildschweine,Pets & Animals - Wildlife
frage mensch gegen wildschwein,Pets & Animals - Wildlife
frage soll man den foerster rufen wenn man ein wildschwein ueberfaehrt,Pets & Animals - Wildlife
frage wie kommen wildschweine auf kleine inseln,Pets & Animals - Wildlife
frage wie verhaelt man sich wenn man wildschweinen im wald begegnet,Pets & Animals - Wildlife
uncategorized bulldogge adoptiert wildschweine,Pets & Animals - Wildlife
video wildschwein auf campingplatz,Pets & Animals - Wildlife
was mögen wildschweine nicht,Pets & Animals - Wildlife
Was tun gegen wildschweine,Pets & Animals - Wildlife
was tun gegen wildschweine im garten,Pets & Animals - Wildlife
wie halte ich wildschweine von meiner wiese fern,Pets & Animals - Wildlife
wie heist der penis vom wildschwein,Pets & Animals - Wildlife
wie schwer ist größte wildschwein,Pets & Animals - Wildlife
frage schwitzt ein zebra unter schwarzen streifen mehr als unter weissen,Pets & Animals - Wildlife
frage welche grundfarbe haben zebras schwarz oder weiss,Pets & Animals - Wildlife
frage wie alt kann ein zebra werden,Pets & Animals - Wildlife
frage wie konnte ein zebra ein baby von einem esel bekommen,Pets & Animals - Wildlife
geo interaktiv frage des tages was ist der zweck des streifenmusters von zebras,Pets & Animals - Wildlife
geo interaktiv frage des tages wie heisst die kreuzung zwischen zebra und esel,Pets & Animals - Wildlife
geo natur tierwelt neue studie warum haben zebras streifen,Pets & Animals - Wildlife
mitfuehlen zebra baby,Pets & Animals - Wildlife
news nature spot zebra wildebeest stampede savannah,Pets & Animals - Wildlife
news schweiz bern eine tote eine verletzte zwei unfaelle am zebra streifen id,Pets & Animals - Wildlife
panorama wissen natur kw hat ein zebra weisse oder schwarze streifen werner hoppe mannheim,Pets & Animals - Wildlife
panorama wissen natur kw warum wird das zebra nicht als reittier genutzt dieter,Pets & Animals - Wildlife
panorama wissen natur tierwelt warum das zebra streifen hat,Pets & Animals - Wildlife
reisen community bild amboseli kenia zebra,Pets & Animals - Wildlife
reisen community bild da lacht das zebra,Pets & Animals - Wildlife
reisen community bild etoschapark namibia kudu springbock und zebras,Pets & Animals - Wildlife
reisen community bild etosha namibia zebras am wasserloch,Pets & Animals - Wildlife
wie lang ist der pennis eines zebras,Pets & Animals - Wildlife
wie macht ein zebra,Pets & Animals - Wildlife
wie schnell können zebras laufen,Pets & Animals - Wildlife
wie viel liter sperma hat ein zebra,Pets & Animals - Wildlife
Wieso hat ein ZEBRA STREIFEN,Pets & Animals - Wildlife
