Al Jazeera Arabic Live Online,News - International News
Al Jazeera Arabic TV Live,News - International News
al jazeera bein sport live,News - International News
Al Jazeera bein sport TV Direct,News - International News
Al Jazeera channel 108 hd,News - International News
channel al jazeera,News - International News
channel al jazeera english,News - International News
Daesh news al jazeera,News - International News
de sputniknews com german ruvr ru news youtube kanal des russischen fernsehsenders rt uberholt nach popularitat seine konkurrenten cnn euronews und al jazeera,News - International News
digital tv al jazeera english auf neuer frequenz astra ost und ost,News - International News
English Al jazeera,News - International News
English Al jazeera Freeview TV channel,News - International News
freesat al jazeera channel,News - International News
jazeera satellite freesat wins al tech channel,News - International News
kath turner al jazeera,News - International News
Kora Live Al Jazeera,News - International News
Like Al Jazeera,News - International News
news al jazeera english sendet jetzt in hdtv,News - International News
news archiv al jazeera balkans ab november ber ost,News - International News
news archiv arabischer kinderkanal jeem tv ersetzt al jazeera children s channel,News - International News
news archiv arabischer nachrichtensender al jazeera hd neu im free tv auf satellit,News - International News
panorama klitschko menschenrechtsverletzungen donbass al jazeera,News - International News
politik ausland aegypten al jazeera reporter fahmy begnadigt a,News - International News
politik ausland al jazeera journalist in berlin festgenommen a,News - International News
politik deutschland al jazeera ahmed mansour bleibt vorerst im gewahrsam a,News - International News
politik interview in al jazeera wie ein journalist den saudischen un botschafter in erklaerungsnot bringt,News - International News
sub Al Jazeera Balkans Live,News - International News
sub Al Jazeera Children Atfal,News - International News
sub Al Jazeera TV Online,News - International News
topbusiness al jazeera streicht weltweit stellen,News - International News
ausland international cnn zeigt video mit verschleppten maedchen;art,News - International News
cnn international deutschland,News - International News
CNN NY Summer Intern CNN international,News - International News
digital tv cnn international europe auf neuer frequenz satellit auf ost,News - International News
digital tv cnn international hd bereitet start auf astra ost vor europaweiter empfang,News - International News
digital tv frequenzwechsel des us nachrichtensenders cnn international auf astra ost,News - International News
entertainment atika shubert wird neue berlin korrespondentin f r cnn international,News - International News
entertainment bal cnn international africa ratings al jazeera english erin burnett euronews,News - International News
fussball international cnn laesst ribery in kaeltekammer sterben,News - International News
channel cnn news,News - International News
channel cnn student news,News - International News
CNN Headline News Listen Live,News - International News
cnn news Becky Anderson,News - International News
Cnn news direct,News - International News
news archiv cnn international testet auf neuer frequenz satellit hot bird ost free tv,News - International News
news ausland cnn mann richard quest drogen und sex skandal id,News - International News
news ausland cnn meldet wegen liebesspiel im auto verhaftet sex skandal um ch diplomat in iran id,News - International News
news ausland er kam gerade aus der dusche nackter cnn reporter erschiesst raeuber id,News - International News
news ausland frauen mit nutella und kaetzchen zum is gelockt dschihadisten verhoehnen cnn id,News - International News
news ausland uswahlen britschgis tv kritik ueber die us wahlen geniales polit show biz das kann nur cnn id,News - International News
news hdtv cnn hd ab dienstag bei unitymediakabel bw,News - International News
news homosexuelle cnn kommentatorin ich will dass meine tochter lesbisch wird id,News - International News
news laut cnn tuerk sechs deutsche bei explosion in istanbul verletzt n,News - International News
news miley cyrus cnn heroes und miley ist die goettlichste,News - International News
news sheraton vs cnn gerichtsentscheid hotels muessen kuenftig tv gebuehren zahlen,News - International News
search cnn student news,News - International News
student cnn news,News - International News
tag cnn student news,News - International News
Water Damage Emergency Service news cnn news,News - International News
Angela Merkel Daily Mail,News - International News
Angela Neustatter Daily Mail,News - International News
arnold schwarzenegger daily mail,News - International News
ATLETICO MADRID 2-0 BARCELONA DAILY MAIL,News - International News
bayern munich daily mail,News - International News
BBC DAILY MAIL,News - International News
Beharie Fassbender Daily Mail,News - International News
ben affleck jennifer garner daily mail RI,News - International News
benenden murder daily mail,News - International News
BENFICA 2-2 BAYERN DAILY MAIL,News - International News
Bernie breakfast SHarpton DAILY MAIL,News - International News
DAILY MAIL 11 MARCH 2016,News - International News
DAILY MAIL 23 MFEB,News - International News
denise welch daily mail SC,News - International News
DERBY 1-0 NOTTINGAM FOREST DAILY MAIL,News - International News
DERBY 4-1 BOLTON DAILY MAIL,News - International News
digital computer daily mail bestaetigt interesse an yahoo uebernahme,News - International News
gisele bündchen daily mail,News - International News
grand national 2016 runners DAILY MAIL,News - International News
heidi klum and vito schnabel daily mail,News - International News
heidi klum daily mail,News - International News
HULL DAILY MAIL GRAND NATIONAL,News - International News
kardashian jenner 2011 daily mail,News - International News
Kristen stewart daily mail,News - International News
Kristen wiig daily mail,News - International News
kurt geiger daily mail,News - International News
LEIGH ANNE SABINE DAILY MAIL,News - International News
MGM GRAND DAILY MAIL,News - International News
nachricht wsj daily mail denkt gebot yahoo,News - International News
nachrichten auch daily mail mutter will yahoo,News - International News
nachrichten daily mail bestaetigt interesse an yahoo uebernahme,News - International News
nachrichten nebenwerte wsj daily mail denkt ueber gebot fuer yahoo nach n,News - International News
nachrichten wsj daily mail denkt ueber gebot fuer yahoo nach,News - International News
news wsj daily mail denkt ueber gebot fuer yahoo nach,News - International News
news zeitung daily mail denkt ueber gebot fuer yahoo nach n,News - International News
Nicole Scherzinger Daily Mail,News - International News
patrick schwarzenegger daily mail,News - International News
REAL MADRID 3-0 WOLFSBURG DAILY MAIL,News - International News
Schweinsteiger ivanovic daily mail,News - International News
SCOTTISH DAILY MAIL,News - International News
SHAKHTAR DONETSK 4-0 BRAGA DAILY MAIL,News - International News
SHEFF UNITED 0-1 BURTON DAILY MAIL,News - International News
Steven Spielberg daily mail,News - International News
süddeutsche daily mail trump,News - International News
UK DAILY MAIL,News - International News
WARREN GREEN DAILY MAIL MARK DUELL,News - International News
wirtschaft unternehmen yahoo daily mail will fuer krisenkonzern bieten a,News - International News
Wladimir klitschko Daily Mail,News - International News
zenit 1-2 benfica daily mail,News - International News
daily telegraph - Roger Bannister,News - International News
Daily Telegraph Ben Melzer,News - International News
Derby Daily Telegraph Derby bs,News - International News
Die Freie Welt Zeitung,News - International News
Die Welt. Zeitung,News - International News
frage gbt es bei der shell tankstelle die zeitung junge welt zu kaufen,News - International News
frage zeitung die welt nachbestellen,News - International News
ist die welt eine seriöse zeitung,News - International News
news esport artikel in den zeitungen die welt und die zeit,News - International News
premium article die abos der welt digital oder als zeitung,News - International News
warum sperrt die zeitung die welt die kommentare,News - International News
zeitung die welt politische ausrichtung,News - International News
international wirtschaft fazit nach stunden razzia bei mossack fonseca «es ist komplex es hat über server»,News - International News
people tv international gabby rinne zieht fazit das dschungelcamp hat mein leben zerstoert id,News - International News
16 Fox News Arkansas,News - International News
Addie Huntsman Fox News,News - International News
FOX 10 NEWS,News - International News
FOX 10 NEWS NOW,News - International News
Fox 11 News San Bernardino,News - International News
Fox 16 News in Little Rock Arkansas,News - International News
jamie foxx news jamie foxx denies dating katie holmes,News - International News
Jamie Gilt fox news,News - International News
John Brennan Muslim Fox News,News - International News
nachrichten ausland usa id fox news donald trump ist krankhaft von kelly besessen,News - International News
nachrichten ausland usa id fox news trump ist krankhaft von moderatorin kelly besessen,News - International News
nachrichten dgap news evotec erhaelt foerderung fuer parkinsonforschung von the michael j fox foundation deutsch,News - International News
panorama fox news moderator beschimpft imam als boesartigen hurensohn,News - International News
panorama stern crime us sender fox news uebertraegt selbstmord tod vor laufender kamera,News - International News
Pimm Fox Bloomberg News,News - International News
politik ausland fox news moderatorin jeanine pirro ruft zum massenmord an islamisten auf,News - International News
politik ausland fox news trump verlangte angeblich fuenf milllionen dollar fuer tv debatte,News - International News
promi news megan fox nackt geht gar nicht renews,News - International News
promi news megan fox sex ist ihr verkaufsargument gninews,News - International News
Watch Fox News Presidential Debate,News - International News
workers minium wage in michigan fox news,News - International News
aktuelles omnibus news touristik nachrichten aus der igs wird wilhelmsburger inselpark internationale gartenschau in hambur,News - International News
aktuelles omnibus news touristik nachrichten berlin tatto wieder in der o world internationale musik formationen spielen i,News - International News
aktuelles omnibus news touristik nachrichten busplaner verleiht internationalen nachhaltigkeitspreis auszeichnung wuer,News - International News
aktuelles omnibus news touristik nachrichten deutsche busfahrer erhalten internationale austzeichnung von iru fahrer muess,News - International News
aktuelles omnibus news touristik nachrichten incoming workshop am bodensee region laedt internationale reiseveranstalter ei,News - International News
aktuelles omnibus news touristik nachrichten internationale gebraucht omnibus messe ueber besucher kamen nach neu,News - International News
boerse nachrichten allianz worldwide care stellt services zur absicherung von risiken fur internationale unternehmen,News - International News
boerse nachrichten bdew bundesverband der energie und wasserwirtsc launch der internationalen zukunftsstudie delphi e,News - International News
boerse nachrichten creative artists agency stellt internationalen veteranen fur unternehmensstrategien matteo perale,News - International News
boerse nachrichten dubai outsource city gibt anlasslich des internationalen frauentages die pink parking initiative b,News - International News
boerse nachrichten internationales abkommen soll erstmals hochsee schutzen,News - International News
forum kommentare zu aktuellen nachrichten antworten dubai bleibt nummer eins im internationalen verkehr,News - International News
forum kommentare zu aktuellen nachrichten antworten polen baut internationalen flughafen im cia forst,News - International News
internationale nachrichten,News - International News
internationale nachrichten aktuell,News - International News
internationale politik nachrichten,News - International News
karriere nachrichten deutsche wirtschaftspruefer lernen ias oder machen sogar den us abschluss cpa old germany und internationale rechnungslegung seite,News - International News
magazin nachrichten internationale autoschau,News - International News
magazin nachrichten konferenz roman networks in the west mit internationalen gaesten,News - International News
nachrichten abkommen zu internationaler e commerce plattform von yiwubuy com in frankreich,News - International News
nachrichten accenture studie zum internationalen frauentag arbeitnehmer interessiert die work life balance,News - International News
nachrichten aguettant eroeffnet im rahmen seiner internationalen expansion eine niederlassung in deutschland,News - International News
Aktuelle Nachrichten aus aller Welt,News - International News
die neuesten nachrichten aus aller welt,News - International News
GUTE Nachrichten aus aller Welt,News - International News
Nachrichten aus aller Welt,News - International News
Nachrichten aus der Schweiz und aller Welt,News - International News
www landeszeitung de blog nachrichten aus aller welt auch bryan adams sagt konzert ab,News - International News
www landeszeitung de blog nachrichten aus aller welt bulle in supermarkt erschossen,News - International News
www landeszeitung de blog nachrichten aus aller welt durchwachsenes fruehlingswetter zu ostern,News - International News
www landeszeitung de blog nachrichten aus aller welt hallervorden besingt erdogan,News - International News
www landeszeitung de blog nachrichten aus aller welt patricia schlesinger wird die neue rbb intendantin,News - International News
www landeszeitung de blog nachrichten aus aller welt prinz harry besucht erdbebengebiete in nepal,News - International News
29 NBC NEWS,News - International News
f news tv deal in den usa formel wechselt zu nbc,News - International News
nbc 12 news richmond va.,News - International News
NBC 4 News TV Arkansas,News - International News
nbc 7 news san diego sub,News - International News
san diego nbc news,News - International News
terroranschlag twitter nbc news skript kiddies,News - International News
news drei junge deutsche beim children of the world camp,News - International News
news trucks of the world die vielen gesichter des lkw,News - International News
Men Behind The Sun,News - International News
panorama claudia bier und autos the sun veroeffentlich liebesbrief an deutschland,News - International News
panorama the sun britische boulevardzeitung holt oben ohne models zurueck auf seite,News - International News
people tv royals the sun veroeffentlicht schockierende bilder hier zeigt die queen den hitler gruss id,News - International News
ingwer the epoche times deutschland,News - International News
July 2014 Count von Stauffenberg The Times,News - International News
olatz schnabel julian schnabel the ny times,News - International News
politik deutschland eine zeitung unserer epoche the epoch times a,News - International News
politik the times krt putin zum menschen des jahres in der,News - International News
politik welt ueberfall auf den technischen leiter von the epoch times in usa a,News - International News
produkte schipper malen nach zahlen the new york times square,News - International News
The Times interview with Herr von Staffenberg,News - International News
The Times March 14 NHS disaster sub,News - International News
Dennis Cauchon USA Today Federal Salaries,News - International News
USA TODAY's 2016 Presidential Poll Tracker,News - International News
berliner volksblatt spandau,News - Local News
jobangebote Berliner volksblatt,News - Local News
Fuldaer zeitung,News - Local News
fuldaer zeitung archiv,News - Local News
Fuldaer Zeitung Ausgabe vom 19.04.2016,News - Local News
fuldaer zeitung autoanzeigen,News - Local News
fuldaer zeitung familiennachrichtekn,News - Local News
fuldaer zeitung lokales,News - Local News
Michael Koch Todesanzeige Fuldaer Zeitung,News - Local News
nachrichten fz der tragoedie naechster teil kommentar der fuldaer zeitung zum fall boehmermann,News - Local News
nachrichten fz wir brauchen endlich wieder mut zur wahrheit kommentar der fuldaer zeitung zu den uebergriffen auf frauen in koeln,News - Local News
news artikel fz geliebt und gehasst kommentar fuldaer zeitung zum tod von guido westerwelle,News - Local News
thomas schmitt fuldaer zeitung,News - Local News
Todesanzeigen Fuldaer Zeitung Lesen,News - Local News
dn hamburger abendblatt de,News - Local News
familie leben preis des hamburger abendblatts fuer beste fluechtlingshilfe stoesst auf kritik,News - Local News
frage sind nur am samstag stellenangebote im hamburger abendblatt oder auch in der woche,News - Local News
hamburger abendblatt ak barmbek,News - Local News
immobilienmarkt hamburger abendblatt,News - Local News
ipad apps reisen ausfluege hamburger abendblatt,News - Local News
ipad apps reisen zeitreise hd hamburger abendblatt,News - Local News
kai schiller hamburger abendblatt,News - Local News
kulinarisches hamburger abendblatt auswanderer kullig ilgenstein,News - Local News
marathon hamburg 2016 hamburger abendblatt bilder,News - Local News
panorama gesellschaft erfolgreiche spendenaktion vom hamburger abendblatt,News - Local News
panorama gesellschaft spendenaktion fuer fluechtlinge hamburger abendblatt mobilisiert tausende leser,News - Local News
politik deutschland themen hamburger abendblatt,News - Local News
roger cicero traueranzeige hamburger abendblatt,News - Local News
roger willemsen hamburger abendblatt traueranzeige,News - Local News
search kreuzwortraetsel hamburger abendblatt,News - Local News
tb a r arbeitssuche hamburger abendblatt stellenanzeigen blick,News - Local News
Todesanzeigen Hamburger Abendblatt Archiv,News - Local News
werbung hamburger abendblatt,News - Local News
firmenpresse hamburger morgenpost,News - Local News
Hamburger Morgenpost,News - Local News
Hamburger Morgenpost Aktuell,News - Local News
Hamburger Morgenpost Mopo,News - Local News
nachrichten app taxi deutschland testsieger im app vergleich der hamburger morgenpost,News - Local News
panorama gesellschaft brandanschlag auf hamburger morgenpost staatsschutz ermittelt,News - Local News
politik deutschland lutz bachmann will hamburger morgenpost fuer schandfleck titel verklagen,News - Local News
PresseInfo hamburger morgenpost,News - Local News
pressinfo kreuzfahrt hamburg neues magazin der hamburger morgenpost mit fernweh garantie,News - Local News
pressinfo uptone turnier der toene hamburger morgenpost konzeptioniert ihren bandcontest neu,News - Local News
sport fussball themen hamburger morgenpost,News - Local News
www.hamburger Morgenpost vom 23.03.2016,News - Local News
1 heilbronner stimme geburtsanzeigen,News - Local News
19.01.2016 Heilbronner Stimme,News - Local News
70 jahre heilbronner stimme gewinnspiel,News - Local News
70 tage 70 gewinne heilbronner stimme,News - Local News
andré daub heilbronner stimme,News - Local News
andreas strähle Heilbronner Stimme,News - Local News
Anzeige 45 Jubiläum Heilbronner Stimme,News - Local News
anzeige heilbronner stimme vom mittwoch,News - Local News
Artikel Lindenhof Heilbronner Stimme,News - Local News
asyl heilbronner stimme,News - Local News
audi neckarsulm heilbronner stimme,News - Local News
Auktion Heilbronner stimme 2016,News - Local News
bad wimpfen lidl heilbronner stimme,News - Local News
bauernhofcafe heilbronner stimme,News - Local News
bauplatze heilbronner stimme,News - Local News
Bericht heilbronner stimme fc möckmühl,News - Local News
bezirksschützentag lauffen am neckar 2016 heilbronner stimme,News - Local News
Bildergalerie Heilbronner Stimme,News - Local News
boerse nachrichten pressestimme heilbronner stimme zu terror in belgien und frankreich,News - Local News
danksagung trauer heilbronner stimme,News - Local News
Florian huber Heilbronner Stimme,News - Local News
geburten heilbronner stimme,News - Local News
gemeinschaftsanzeige danksagung kommunion heilbronner stimme,News - Local News
gewinnspiel heilbronner stimme,News - Local News
handelsregister heilbronner stimme,News - Local News
heilbronn heilbronner stimme uni für erwachsene,News - Local News
heilbronner stimme 02.04,News - Local News
heilbronner stimme 06.03.2016,News - Local News
heilbronner stimme 10 04 2016 zeitung,News - Local News
heilbronner stimme 20 april,News - Local News
Immobilienmarkt Heilbronner Stimme,News - Local News
inserat heilbronner stimme,News - Local News
jobbörse heilbronner stimme,News - Local News
karsten kammholz heilbronner stimme,News - Local News
kaufland heilbronner stimme,News - Local News
kofirmanden in der heilbronner stimme,News - Local News
konfirmanden 2016 heilbronner stimme,News - Local News
konzertbericht a ha heilbronner stimme,News - Local News
kretschmann heilbronner stimme,News - Local News
landtagswahl bw heilbronner stimme,News - Local News
Lokale Kultur heilbronner Stimme,News - Local News
Lokale Kultur Herr Sommer heilbronner Stimme,News - Local News
motorrad unfall 11.märz heilbronner stimme,News - Local News
musiknacht der autohäuser Heilbronner stimme bilder,News - Local News
nachricht pressestimme heilbronner stimme afd schiessbefehl,News - Local News
nachricht pressestimme heilbronner stimme terror belgien frankreich,News - Local News
nachrichten pressestimme heilbronner stimme zu terror in belgien und frankreich,News - Local News
neueröffnung kaufhof Heilbronner stimme,News - Local News
omnibus müller massenbachhausen heilbronner stimme,News - Local News
online Traueranzeigen der Heilbronner Stimme,News - Local News
partybilder heilbronner stimme,News - Local News
polizeibericht heilbronner stimme,News - Local News
polizeiticker heilbronn heilbronner stimme,News - Local News
sascha brodmann Heilbronner stimme,News - Local News
sterbeanzeigen heilbronner stimme,News - Local News
telefon heilbronner stimme,News - Local News
todesanzeige am 20.03.2016 in der heilbronner stimme,News - Local News
todesanzeige heilbronner stimme böhm,News - Local News
todesanzeigen heilbronner stimme ab 02.04.2016,News - Local News
todesanzeigen heilbronner stimme april 2015,News - Local News
todesfälle erlenbach binswangen heilbronner stimme,News - Local News
unfall heilbronner stimme möckmhl - züttlingen,News - Local News
verkaufsoffener sonntag heilbronner stimme,News - Local News
verkehrsmeldungen heilbronner stimme,News - Local News
wahlergebnisse heilbronn landtag heilbronner stimme,News - Local News
wahlergebnisse Heilbronner stimme,News - Local News
Wahlforum der Heilbronner Stimme zur Landtagswahl,News - Local News
wahllandkarte heilbronner stimme,News - Local News
wertwiesen feiern muss heilbronner stimme,News - Local News
wochenblatt heilbronner stimme,News - Local News
lingener tagespost anzeigen,News - Local News
lingener tagespost immobilien,News - Local News
Lingener Tagespost Online Lesen,News - Local News
lingener tagespost todesanzeigen,News - Local News
bramscher nachrichten lokales,News - Local News
lokale nachrichten aus schleiz,News - Local News
lokale nachrichten düsseldorf,News - Local News
lokale nachrichten oberhaching,News - Local News
lokale nachrichten von laer,News - Local News
lokales elmshorner nachrichten,News - Local News
nachrichten archiv lokales detailansicht che fordert neuordnung der studienfoerderung,News - Local News
westfalenpost hagen lokale nachrichten,News - Local News
Wormser Zeitung Lokale Nachrichten,News - Local News
wz lokale nachrichten,News - Local News
lübecker nachrichten,News - Local News
Lübecker Nachrichten Flughafen2016,News - Local News
lübecker nachrichten marinemusikkorps 5 konzert trappenkamp,News - Local News
aktuelle nachrichten kronach neue presse,News - Local News
aktuelles presse pressemitteilung detail neuer glanz fuer triste kellerwaende,News - Local News
Anzeige Neue Presse Kronach,News - Local News
Anzeige Neue Presse Kronach Kontakt,News - Local News
Coburg neue Presse,News - Local News
ebern neue presse,News - Local News
frankfurter neue presse in german,News - Local News
Kronacher Neue Presse sub,News - Local News
Landjugend mit neuer spitze Fechheim neue Presse Coburg,News - Local News
lokal coburg coburg neue presse kneipennacht;art,News - Local News
nachrichten presse blog koeln weiterer rueckschlag fuer neue luftrettungsstation,News - Local News
nachrichten presse einladung start des neuen online tv channels doppio tv in berlin,News - Local News
news presse neues sonntagsblatt wirbt um gunst der leser id,News - Local News
passauer neue presse mietwohnungen,News - Local News
Passauer Neue Presse Stellenmarkt,News - Local News
passauer neue presse wohnungsmarkt,News - Local News
schule 2000 ebern neue presse,News - Local News
Todesanzeigen Neue Presse,News - Local News
Todesanzeigen Neue Presse Kronach,News - Local News
wohnungen passauer neue presse,News - Local News
Nürnberger Nachrichten,News - Local News
Nürnberger Nachrichten Gottesdienstanzeiger,News - Local News
nürnberger nachrichten leoni 2016,News - Local News
lokales pinneberger tageblatt a in richtung hamburg zeitweise voll gesperrt id,News - Local News
lokales pinneberger tageblatt brandursache in elmshorn unklar jaehriger in hamburg niedergestochen bekommt tornesch ein neues rathaus id,News - Local News
lokales pinneberger tageblatt hallenbad elmshorn sanierung oder neubau gunter gabriel in wedel schenefeld meilenstein beim xfel bau id,News - Local News
lokales pinneberger tageblatt hamburg leiche in der alster entdeckt dienstreiseaffaere politik will aufklaeren fahrerflucht in wedel id,News - Local News
lokales pinneberger tageblatt jaehrige frau nach unfall in lebensgefahr id,News - Local News
Pirmasenser Zeitung,News - Local News
Karikaturen Haitzinger Rhein-Zeitung,News - Local News
Rhein-Zeitung haitzinger,News - Local News
afd rheinische post,News - Local News
analysen artikel rheinische post juengere verlangen mehr unterstuetzung rentendebatte,News - Local News
arnstadt thüringer allgemeine,News - Local News
bekanntschaften thüringer allgemeine,News - Local News
nachrichten laufende fusionskontrollverfahren medien holding nord mittelb erwerb wes vermoegensteile uetersener nachrichten u a,News - Local News
sub Lokale Nachrichten aus dem Landkreis Coburg,News - Local News
sub Lokale Nachrichten aus dem Landkreis Kronach,News - Local News
news pressestimme frankfurter neue presse zu bahn,News - Local News
osterbrunnen 2016 gewinner neue presse coburg,News - Local News
redaktion neue presse kronach.de,News - Local News
sub Neue Presse Coburg,News - Local News
sub neue presse haßberge,News - Local News
verzeichnis neue ruhr zeitung neue rhein zeitung,News - Local News
nürnberger nachrichten 18.05.1966,News - Local News
nürnberger nachrichten django asül in feucht,News - Local News
kreuzworträtsel rhein-zeitung,News - Local News
rhein-zeitung archiv hells angels,News - Local News
artikel konstantin wecker in der rheinischen post,News - Local News
barmer gek rheinische post,News - Local News
der ungarische botschafter laesst im interview mit der rheinischen post einen blick,News - Local News
epaper rheinische post duesseldorf,News - Local News
kleinanzeigen bilder poster rheinische woerter a,News - Local News
kleinanzeigen gemaelde kunstblaetter der rheinischen post a,News - Local News
sanktionen rheinische post Linke 2016,News - Local News
Traueranzeigen rheinische post,News - Local News
verzeichnis rheinische post,News - Local News
archiv thüringer allgemeine 2008,News - Local News
danksagungen trauer zeitung heilbronner Stimme,News - Local News
die heilbronner stimme,News - Local News
lisette keller heilbronner stimme,News - Local News
afd bild zeitung kampagne n,News - National News
aktuelle bild zeitung titelseite,News - National News
angela merkel bild zeitung,News - National News
arbeitsvertrag befristet schwanger bild zeitung,News - National News
ashley graham Bild Zeitung,News - National News
atze schröder foto ohne perücke in bild zeitung,News - National News
atze schröder ohne perücke bild zeitung,News - National News
aufbau der bild zeitung,News - National News
bachelor 2016 bild zeitung noch zusammen,News - National News
bartels bild zeitung,News - National News
berichte bild zeitung top,News - National News
bild des tages bild zeitung,News - National News
bilder rosenmontagszug Düsseldorf 13.03.2016 zeitung,News - National News
bildzeitung von heute bild zeitung von heute,News - National News
busenblitzer bild zeitung gntm,News - National News
busenblitzer germany next topmodel Bild Zeitung,News - National News
caren christiansen bild zeitung,News - National News
daniela katzenberger nackt bild zeitung,News - National News
der spiegel ist die bild-zeitung der intellektuellen,News - National News
Die Bild Zeitung,News - National News
die bild zeitung busenblitzer gntm,News - National News
die bild zeitung heute,News - National News
Erdogan-Satire bild zeitung,News - National News
falsche angaben hier stellt die bild zeitung klar dass sie bei kay one etwas falsch gemacht haben,News - National News
familie kinder debatte um rechtschreibung man kann auch mit der bild zeitung das lesen beibringen,News - National News
farid bang bild zeitung,News - National News
fatih alkan bild zeitung,News - National News
fc st pauli boykottiert die fluchtlingsaktion der bild zeitung n,News - National News
film fernsehen erledigt bild zeitung,News - National News
fotografen der bild zeitung,News - National News
frage ich suche eine gute deutsches zeitung zum lesen kein bild oae allgemeinwissen nachrichten,News - National News
frage ist die bild zeitung eher rechts oder links,News - National News
frage ist die bild zeitung serioes,News - National News
frage stimmt das ueber die bild zeitung,News - National News
frage suche archiv mit den titelbildern der bild zeitung,News - National News
frage suche einen artikel der bild zeitung aus dem jahre,News - National News
frage unterschied zwischen bild zeitung und nrz,News - National News
frage warum hat die bild zeitung einen so schlechten ruf,News - National News
frage wie gefaellt euch die bild zeitung,News - National News
frage wo kann ich aeltere ausgaben der bild zeitung kaufen,News - National News
germanwings opfer bild zeitung,News - National News
germany next topmodel kim 2016 bild zeitung,News - National News
germanys next topmodel bild zeitung busen blitzer,News - National News
Girl Des Tages Bild Zeitung,News - National News
heutige bild zeitung lesen,News - National News
jahreshoroskop wassermann aus der bild zeitung,News - National News
kann man die bild zeitung abonnieren,News - National News
kultur gesellschaft bild zeitung druckt vergewaltigungswitz a,News - National News
newspapers bild zeitung august,News - National News
rhein zeitung historische bilder,News - National News
schlagzeilen bild zeitung was ist mit steffan raab passiert,News - National News
Thüringer Zeitung Bilder Merkers,News - National News
titelbild bild zeitung heute,News - National News
unterschied zwischen zeitung und bild,News - National News
wormser zeitung bilder flugplatzbrand,News - National News
zeitung bild,News - National News
zeitung bild am sonntag,News - National News
aufbau zeitung die zeit,News - National News
die zeit zeitung bewertung,News - National News
redaktionsschluss die zeit nach zeitung dp,News - National News
Zeitung Die Zeit,News - National News
Focus Online,News - National News
focus online flüchtlinge,News - National News
frage ist focus online ein serioese nachricht anbieter,News - National News
politik deutschland spiegel online focus online und faznet nicht erreichbar a,News - National News
schlagwoerter organisationen f focus online,News - National News
technik internet focus online platz google news,News - National News
www landeszeitung de blog nachrichten sport belgiens nationalelf sagt auch training am mittwoch ab,News - National News
aktuelles omnibus news touristik nachrichten man schmiergeldaffaere weitet sich aus spiegel online berichtet bereits von me,News - National News
app spiegel online kostenlos AS,News - National News
bruessel spiegel online,News - National News
de spiegel online kommentare,News - National News
der faktencheck von spiegel online,News - National News
forum schnittmengendiagramm spiegel online,News - National News
Heimerziehung in der DDR in der Spiegel Online,News - National News
herrschinger spiegel online,News - National News
kultur musik spiegel online zeigt michael kiwanuka konzert im livestream a,News - National News
nachrichten spiegel online und focus online nicht erreichbar,News - National News
nachrichten spiegel online vw vorstände wollen trotz krise boni finance,News - National News
panorama gesellschaft die besten gruseligen kindersprueche von spiegel online lesern a,News - National News
panorama gesellschaft leser von spiegel online beantworten die frage was heimat ist a,News - National News
politik debatte spiegel online debatte der unvermeidliche krieg a,News - National News
politik deutschland themen spiegel online,News - National News
pressemeldungen ueber mazda modelle cx test bei spiegel online,News - National News
recht spiegel online wal mart droht,News - National News
reise aktuell reise weltkarte auf spiegel online die besten tipps der leser a,News - National News
reise aktuell spiegel online startet interaktive weltkarte mit hunderten reisetipps a,News - National News
reise fernweh reise geheimtipps auf der spiegel online weltkarte a,News - National News
reise fernweh spiegel online leserfotos mit instagram um die welt a,News - National News
spam satire spiegel online erdogan boehmermann zdf a,News - National News
spam satire spiegel online frauenrechte saudi arabien fahrverbot a,News - National News
spam satire spiegel online genscher mauerfall prager botschaft a,News - National News
spam satire spiegel online landtagswahlen afd kretschmann a,News - National News
spam satire spiegel online landtagswahlen merkel fluechtlinge a,News - National News
technik spiegel online jeder dritte whatsapp nutzer erwaegt anbieter wechsel,News - National News
technik spiegel online smartphone abgabe droht,News - National News
view panama papers weltrangliste der steueroasen spiegel online jpg,News - National News
a rammstein special report by suddeutsche zeitung magazin,News - National News
abfindung fünftelregelung rechner süddeutsche,News - National News
Apostel Paulus süddeutsche Zeitung,News - National News
article suddeutsche zeitung masten im akkord,News - National News
artist emil rau lot vergangenheit gemälde suddeutsche landschaft mit wallfahrtskirche,News - National News
beate wild süddeutsche zeitung,News - National News
board opel adam forum board test presseberichte adam rocks der unrasierte freigeist in der süddeutschen zeitung,News - National News
boerse nachrichten pressestimme suddeutsche zeitung zu briefkastenfirmen,News - National News
boerse nachrichten pressestimme suddeutsche zeitung zu rucktritt des pfarrers von zorneding,News - National News
boerse nachrichten pressestimme suddeutsche zeitung zu volkswagen,News - National News
Burkhard Müller süddeutsche Zeitung,News - National News
i suddeutsche zeitung notruf bnl sueddeutschezeitung,News - National News
i suddeutsche zeitung wie geht s ihm bnl sueddeutschezeitung,News - National News
lisa klose süddeutsche,News - National News
mädchen süddeutsche meisterschaft fußball C juniorinnen,News - National News
mahjong süddeutsche zeitung,News - National News
panama papers süddeutsche zeitung,News - National News
PanamaPapers -Affäre Putins Sprecher entschuldigt sich bei Süddeutscher Zeitung,News - National News
peter haacke süddeutsche,News - National News
Pressestimmen stern süddeutsche Belgien anschlag,News - National News
Putin-Sprecher entschuldigt sich bei der Süddeutschen,News - National News
russland putin und seine freunde bahnchef jakunin verklagt suddeutsche zeitung n,News - National News
soziale ungleichheit süddeutsche zeitung 2016,News - National News
stefan hilscher süddeutsche zeitung,News - National News
suddeutsche kv test,News - National News
suddeutsche zeitung allemand revues internationales,News - National News
thema suddeutsche zeitung,News - National News
frage wie ist die aktuelle cannabis politik in deutschland was gibt es neues,News - National News
a syrien konflikt kronen zeitung bilder,News - National News
Angebot Flüge Städte Bild-Zeitung,News - National News
babette döge bild zeitung,News - National News
bild am sonntag zeitung,News - National News
cihan rocker bild zeitung,News - National News
cronauer bild zeitung,News - National News
daphne joy bild zeitung,News - National News
frage natuerlich liest niemand die bild zeitung aber wer kauft dann die ganzen ausgaben,News - National News
frage wo kann ich aeltere bild zeitungen kaufen ausgabe januar,News - National News
frage wo kann man alte bild zeitung titelthemen sehen,News - National News
germanys next topmodel bild zeitung,News - National News
günter arkenau bild zeitung,News - National News
gzsz Bild Zeitung,News - National News
heute bild zeitung top,News - National News
item bild zeitung lesen mit bushido video,News - National News
kay one bild zeitung,News - National News
kim blitzer germanys bild zeitung,News - National News
kim busenblitzer bild Zeitung,News - National News
langer natalie Bild Zeitung,News - National News
lefloid bild zeitung,News - National News
marie bild zeitung 2002,News - National News
max kruse bild zeitung,News - National News
nachgefragt bild zeitung hat bei lorielle london nach bushidos line erkundigt video,News - National News
nachrichten allg zeitung mainz schraeges bild kommentar zum bildungsbarometer von alexandra eisen,News - National News
nachrichten bild zeitung,News - National News
nippelblitzer bild zeitung kim gntm,News - National News
paparazzi deutsch topmodel bild zeitung nackt foto von kim,News - National News
peter maffay bild zeitung,News - National News
petition gegen putin bild zeitung will panzer am sowjetischen ehrenmal in berlin entfernen,News - National News
politik bundeswehr wirbt nun auch in der bild zeitung,News - National News
politik deutschland einstweilige verfuegung gegen bild zeitung wegen verletzung der persoenlichkeitsrechte a,News - National News
s antonia wagners bild zeitung,News - National News
s bernd hörburger bild zeitung,News - National News
schöneberger silbereisen bild zeitung,News - National News
schumacher bild zeitung,News - National News
search bild zeitung aktuell von heute,News - National News
titelbild bild zeitung,News - National News
verkaufszahlen der bild zeitung,News - National News
warum ist bild keine zeitung,News - National News
warum wir gegen die bild zeitung kaempfen,News - National News
was kostet bild zeitung 2016,News - National News
was kostet die bild zeitung heute,News - National News
wirtschaft news bild zeitung probleme beim am transportflugzeug,News - National News
wohnmobil bild zeitung,News - National News
zeitung bild am sonntag kurzbewertung,News - National News
zeitung bild am sonntag testbericht,News - National News
Der Text stellt die Bedeutung von Zeitungen in unserer Zeit infrage.,News - National News
die zeit zeitung aufbau,News - National News
frage an welchem wochentag kommt zeitung die zeit wenn ich sie abonniert habe,News - National News
frage wann erscheint die zeitung die zeit,News - National News
nachrichten aachener zeitung kommentar gewaehlt und jetzt die zeit der wackelkurse sollte nun zu ende sein bernd mathieu,News - National News
zeitung die zeit testberichte,News - National News
wie kann ich der bild zeitung schreiben,News - National News
wirtschaft news nach bild boykott von chemnitzer edeka markt mpv liefert keine zeitungen mehr,News - National News
wirtschaft studie bild ist gar keine zeitung,News - National News
zaman Zeitung bild,News - National News
bushido exklusiv bei focus online ueber hintergruende des brandes,News - National News
panorama stern crime muenchen anti terror einsatz nachrichtenportal focus online widerspricht einsatzbericht der polizei,News - National News
panorama videos vom riesling bis zum grauburgunder sommelier verkostet die neuen aldi weine fuer focus online vid,News - National News
politik ausland focus online vor ort im fluechtlingscamp taeglicher kampf gegen hunger kaelte dreck das zeigt der blick in indomenis zelte id,News - National News
politik deutschland frueherer afd politiker im focus online interview henkel warnt vor der afd die leute haben keine ahnung wen sie da gewaehlt haben id,News - National News
politik deutschland umfrage von focus online merkel laesst strafverfilgung gegen boehmermann zu die richtige entscheidung id,News - National News
regional muenchen freizeit focus online muenchen top liste dachterrassen in muenchen le buffet id,News - National News
weinwelt rotwein kaufen mit focus online wie finde ich den richtigen rotwein id,News - National News
aufdieliebe spiegel online social media redakteurin gelingt gefuehlvolle antwort auf den terror in bruessel,News - National News
blog mohammed und das studentenportal spiegel online entdeckt die tu ilmenau,News - National News
bmwsyndikatforum topic kritische kommentare auf spiegel online unerwuensch geplaudere,News - National News
dienste besser surfen auf spiegel online anleitungen und hilfen,News - National News
focus online schlaegt erneut spiegel online n,News - National News
iphone apps nachrichten spiegel online,News - National News
Nadine gordimer spiegel online,News - National News
news spiegel online behaelt sicherheitsluecken ueber monate bei update,News - National News
1 augsburger allgemeine,News - Newspapers
1 augsburger allgemeine immobilien,News - Newspapers
1 Augsburger Allgemeine stellenngebote,News - Newspapers
anzeige augsburger allgemeine,News - Newspapers
anzeigenannahme augsburger allgemeine,News - Newspapers
Augsburg Hochzoll augsburger allgemeine,News - Newspapers
augsburger allgemeine - falscher feueralarm,News - Newspapers
Augsburger Allgemeine Anzeigen,News - Newspapers
augsburger allgemeine anzeigen aufgeben,News - Newspapers
augsburger allgemeine ausbildungsboerse,News - Newspapers
zeitung rheinische post,News - Newspapers
Sächsische Zeitung,News - Newspapers
sächsische zeitung 1976,News - Newspapers
erfahrungsberichte suddeutsche zeitung,News - Newspapers
Nachrichten aktuell süddeutsche Zeitung,News - Newspapers
suddeutsche zeitung wikileaks,News - Newspapers
aktuell tageszeitung,News - Newspapers
alte tageszeitung ruhrgebiet,News - Newspapers
Auflage Tageszeitungen Deutschland,News - Newspapers
Berlin ist der bedeutendste Verlagsstandort Deutschlands. Dort hat der größte europäische Medienkonzern der regionale Berliner Verlag seinen Sitz. In keiner anderen deutschen Stadt erscheinen mehr Tageszeitungen wie die Bild,News - Newspapers
beste tageszeitung,News - Newspapers
bremer tageszeitung,News - Newspapers
britische tageszeitungen,News - Newspapers
bruchsal tageszeitung,News - Newspapers
deutsche tageszeitungen auflagenstärkste,News - Newspapers
deutsche tageszeitungen die meistgelesen,News - Newspapers
Deutsche Tageszeitungen Im Internet,News - Newspapers
dortmund tageszeitungen,News - Newspapers
england tageszeitung,News - Newspapers
essener tageszeitung,News - Newspapers
frage anspruchsvolle tageszeitung,News - Newspapers
frage gibt es in deutschland eine rechte tageszeitung,News - Newspapers
Friedrichshain tageszeitung,News - Newspapers
grassauer tageszeitung,News - Newspapers
greiz tageszeitung,News - Newspapers
gute tageszeitung in Deutschland,News - Newspapers
Herforder Tageszeitung,News - Newspapers
hofer tageszeitung,News - Newspapers
hohenloher tageszeitung,News - Newspapers
ilmenauer tageszeitung,News - Newspapers
internationale tageszeitungen,News - Newspapers
karlsruhe tageszeitung,News - Newspapers
kassel tageszeitung,News - Newspapers
kontakt tageszeitung österreich,News - Newspapers
kostenlose tageszeitungen,News - Newspapers
kronacher tageszeitung,News - Newspapers
lichtenfels tageszeitung,News - Newspapers
lüdenscheider tageszeitung,News - Newspapers
metzinger tageszeitung autismus,News - Newspapers
mitteldeutsche tageszeitung freiheit,News - Newspapers
Morbacher Tageszeitung,News - Newspapers
mosbach tageszeitung,News - Newspapers
münchen tageszeitungen,News - Newspapers
mv tageszeitung,News - Newspapers
nachrichten nur journalisten fuer europas beste tageszeitung,News - Newspapers
nd tageszeitung,News - Newspapers
neckarquelle tageszeitung,News - Newspapers
norderney tageszeitung,News - Newspapers
oesterreichische tageszeitunge,News - Newspapers
oldenburg tageszeitung immobilien,News - Newspapers
persische tageszeitung,News - Newspapers
pforzheimer kurier tageszeitung,News - Newspapers
presse miesbach tageszeitung,News - Newspapers
presse solingen tageszeitung,News - Newspapers
produkte tageszeitungen,News - Newspapers
Reichweiten Bayern Tageszeitungen,News - Newspapers
rosenheim tageszeitung,News - Newspapers
schmalkalder tageszeitung,News - Newspapers
schweden nachrichten schwedische tageszeitung t,News - Newspapers
schweizer tageszeitung blick,News - Newspapers
Schweizer Tageszeitung über anschlag in Brussels,News - Newspapers
search tageszeitung hanau,News - Newspapers
Seesen Tageszeitung online,News - Newspapers
Seesener Beobachter Tageszeitung,News - Newspapers
spanische tageszeitung auf deutsch,News - Newspapers
spanische tageszeitungen,News - Newspapers
suche tageszeitung solingen,News - Newspapers
suche tageszeitung weiden redaktion,News - Newspapers
suedtiroler tageszeitung,News - Newspapers
thema die tageszeitung,News - Newspapers
thread konservative amerikanische tageszeitung gesucht,News - Newspapers
zeitung oesterreich tageszeitung,News - Newspapers
zeitung tageszeitung junge welt,News - Newspapers
zukunft printmedien tageszeitung,News - Newspapers
tz online,News - Newspapers
Deutschland überregionale Zeitungen,News - Newspapers
Überregionale Zeitungen,News - Newspapers
überregionale zeitungen regionale ausgaben,News - Newspapers
nachrichten pressestimme westdeutsche allgemeine zeitung zu nrw wahl,News - Newspapers
verzeichnis westdeutsche allgemeine zeitung,News - Newspapers
zeitung westdeutsche allgemeine,News - Newspapers
Auferstehung Artikel in Wochenzeitung Die Zeit,News - Newspapers
kostenlose wochenzeitungen görlitz,News - Newspapers
langenhagen wochenzeitung,News - Newspapers
linke wochenzeitung deutschland,News - Newspapers
ostbevern wochenzeitung,News - Newspapers
produkte wochenzeitungen,News - Newspapers
thread welche gute linke tages bzw wochenzeitung koennt ihr empfehlen,News - Newspapers
tipps wohnungssuche frankfurt wochenzeitung,News - Newspapers
verkaufszahlen deutscher wochenzeitungen,News - Newspapers
verlag ravensburg suedfinder wochenzeitung ohg m,News - Newspapers
wirtschaft news wochenzeitung die woche wird eingestellt,News - Newspapers
wochenzeitung braunlage,News - Newspapers
wochenzeitung Deutschland,News - Newspapers
wochenzeitung heidenheim,News - Newspapers
wochenzeitung pforzheim,News - Newspapers
berufe augsburg Augsburger Allgemeine,News - Newspapers
epaper augsburger allgemeine,News - Newspapers
immo augsburger allgemeine,News - Newspapers
immobörse augsburger allgemeine,News - Newspapers
oettingen stellenangebote augsburger allgemeine,News - Newspapers
bild-zeitung 06.03.16,News - Newspapers
Die Bild-Zeitung Von Heute,News - Newspapers
Heute in der BILD-Zeitung,News - Newspapers
nachrichten deutschland bild-zeitung,News - Newspapers
stasi liste bild-zeitung 1992,News - Newspapers
auflagenzahlen deutsche zeitungen,News - Newspapers
deutsche zeitungen in florida,News - Newspapers
deutsche zeitungen politische ausrichtung,News - Newspapers
frage besitzer der verlaege deutscher zeitungen,News - Newspapers
frage deutsche zeitschriften zeitungen die sehr gutes deutsch benutzen,News - Newspapers
grosse deutsche zeitungen,News - Newspapers
meistgelesene deutsche zeitungen,News - Newspapers
nachrichten über jnu in deutsche zeitungen,News - Newspapers
uebersicht politisch meinungsbildende zeitungen und zeitschriften in deutscher sprache,News - Newspapers
wie vielde deutscher zeitungen kommen aus hamburg,News - Newspapers
die rheinpfalz am sonntag bekanntschaften,News - Newspapers
Die Rheinpfalz Bad DürkheimTodesanzeigen,News - Newspapers
Die Rheinpfalz Inserat Autoverkauf,News - Newspapers
die rheinpfalz kusel traueranzeigen,News - Newspapers
die rheinpfalz tiermarkt,News - Newspapers
die rheinpfalz todesanzeige,News - Newspapers
ivw die rheinpfalz 2016,News - Newspapers
baugrundstücke in mildenau freie presse,News - Newspapers
chemnitz freie presse,News - Newspapers
Freie Presse Augustusburg,News - Newspapers
freie presse chemnitz,News - Newspapers
grundstücke oelsnitz freie presse,News - Newspapers
stellenangebote chemnitz freie presse,News - Newspapers
straßenbeleuchtung ilmenau presse freies wort,News - Newspapers
zeitung freie presse,News - Newspapers
frage wie ist die politische ausrichtung von dem hamburger abendblatt der mopo taz und radio hh,News - Newspapers
hamburger abendblatt 1936,News - Newspapers
hamburger abendblatt automarkt,News - Newspapers
hamburger abendblatt biografie,News - Newspapers
kleinanzeigen hamburger abendblatt,News - Newspapers
s hamburger abendblatt,News - Newspapers
stellensuche hamburger abendblatt,News - Newspapers
hannoversche allgemeine zeitung,News - Newspapers
nachricht pressestimme hannoversche allgemeine zeitung landtagswahlen,News - Newspapers
nachrichten pressestimme hannoversche allgemeine zeitung zur bahn bilanz,News - Newspapers
kölner stadt-anzeiger,News - Newspapers
Kölner Stadt-Anzeiger Leverkusener Anzeiger top,News - Newspapers
2 todesanzeigen kärnten kronen zeitung,News - Newspapers
frage kronen zeitung politisch gefaerbt,News - Newspapers
kommentar kronen zeitung n,News - Newspapers
kronen zeitung,News - Newspapers
kronen zeitung merkel kri n,News - Newspapers
leipziger volkszeitung 1936,News - Newspapers
leipziger volkszeitung archiv,News - Newspapers
Leipziger Volkszeitung in Eilenburg,News - Newspapers
leipziger volkszeitung wegen unister,News - Newspapers
die drei Lokalzeitungen a b c haben Marktanteile,News - Newspapers
frage welche themen in lokalzeitung,News - Newspapers
lokalzeitung großburgwedel,News - Newspapers
lokalzeitung leverkusen,News - Newspapers
lokalzeitung münster,News - Newspapers
lokalzeitung themen,News - Newspapers
lokalzeitung von wunsiedel,News - Newspapers
lokalzeitungen,News - Newspapers
nachrichten verband deutscher lokalzeitungen e v vdl branchentreff der deutschen lokalpresse,News - Newspapers
Verband deutscher lokalzeitungen,News - Newspapers
zeitung lokalzeitungen,News - Newspapers
artikel mitteldeutsche zeitung zu den linken,News - Newspapers
artikel mitteldeutsche zeitung zu edathy,News - Newspapers
mitteldeutsche zeitung anhalt,News - Newspapers
verzeichnis mitteldeutsche zeitung,News - Newspapers
Bergische Morgenpost Remscheid,News - Newspapers
berlin morgenpost,News - Newspapers
Berliner Morgenpost,News - Newspapers
chemnitzer morgenpost vom 8.4.16 Randale in Plauen,News - Newspapers
Einbecker Morgenpost Aktuell,News - Newspapers
einbecker morgenpost Zeitung,News - Newspapers
Jobs Berliner Morgenpost,News - Newspapers
morgenpost chemnitz,News - Newspapers
norderneier morgenpost,News - Newspapers
politik deutschland themen berliner morgenpost,News - Newspapers
solinger morgenpost,News - Newspapers
zeitung bergische morgenpost,News - Newspapers
zeitung einbecker morgenpost,News - Newspapers
zeitung solinger morgenpost,News - Newspapers
münchener merkur,News - Newspapers
münchener merkur todesanzeigen,News - Newspapers
immobilien neue westfälische,News - Newspapers
neue westfälische,News - Newspapers
neue westfälische archiv,News - Newspapers
anzeigen online aufgeben augsburger allgemeine zeitung,News - Newspapers
accuweather app auf sommerzeit umstellen,News - Weather
Apple accuweather Uhrzeit aktualisieren,News - Weather
news accuweather neue version wetter app android geraete verfuegbar,News - Weather
thema frage zu accuweather app auf homeseite,News - Weather
computer software id wetter apps diese apps bieten die besten wettervorhersagen,News - Weather
die besten wetter apps fuer das smartphone,News - Weather
die besten wetter apps für wp10,News - Weather
galerien die besten wetter apps fuer das ipad,News - Weather
netzwelt apps die besten wetter apps a,News - Weather
news fuer android ios und windows phone die besten wetter und allergiker apps,News - Weather
toiportal servlet computer software id wetter apps diese apps bieten die besten wettervorhersagen,News - Weather
content weatherpro die wetter app die meteorologen alt aussehen laesst,News - Weather
de de ueber uns presse presse article weatherpro ist testsieger beste wetter app im test der stiftung warentest,News - Weather
iphone apps wetter weatherpro genaue wettervorhersagen auch offline,News - Weather
mobil news detail weatherpro wetter app sieben jahre gutes wetter,News - Weather
sv de ueber uns presse presse article weatherpro weiterhin die erfolgreichste deutschsprachige wetter app,News - Weather
tr de ueber uns presse presse article weatherpro ist testsieger beste wetter app im test der stiftung warentest,News - Weather
weatherpro app widget lässt sich nicht aktualisieren,News - Weather
Internationales Wetter,News - Weather
wetter aktuell aktuelles wetter deutschland flughafen duesseldorf international de,News - Weather
Wetter International,News - Weather
wetter international albanien durres,News - Weather
wetter international baden ag ch,News - Weather
wetter international basel ru,News - Weather
1 wetter online,News - Weather
14 tage wetter überherrn online,News - Weather
bodenseewetter wetter online,News - Weather
das Wetter online,News - Weather
digital id online de auf twitter sport wetter boerse computer news und mehr,News - Weather
digital id t online de auf facebook nachrichten sport wetter video und mehr,News - Weather
digital id t online de auf google nachrichten sport wetter und co,News - Weather
digital online wetterinformationen hier gibt s das beste wetter,News - Weather
forum meteo gesamtforum wetternews aus aller welt atlantik wetter sturm und meter hohe wellen vorhergesagt spiegel online,News - Weather
frage auf welchen online wetter dienst kann man sich am ehesten verlassen,News - Weather
frage welcher online wetterdienst ist der zuverlaessigste wetter com wetter de oder ein anderer,News - Weather
frankfurt wetter online,News - Weather
Freiburg wetter online,News - Weather
freising wetter online,News - Weather
hamburg wetter online,News - Weather
hameln wetter.de online,News - Weather
hessen wetter online,News - Weather
hr online wetter,News - Weather
ihr wetter online bringen,News - Weather
ilanz wetter online,News - Weather
landwirtschafts wetter online,News - Weather
magdeburg online wetter 14 tage trend,News - Weather
mannheim wetter online,News - Weather
nachrichten das wetter wird anders wetteronline startet neuen online auftritt,News - Weather
nrw wetter online,News - Weather
online Wetter,News - Weather
online wetter 14 tage fuerstenfeldbruck zoover,News - Weather
online wetter arnheim nl,News - Weather
online wetter zingst,News - Weather
penzberg wetter online,News - Weather
pollenflug wetter online,News - Weather
regensburg wetter online,News - Weather
reutlingen wetter online,News - Weather
saarland wetter online,News - Weather
t-online wetter konstanz,News - Weather
T-online wetter.de,News - Weather
wetter augsburg online,News - Weather
wetter beesten online,News - Weather
Wetter Butzweilerhof online,News - Weather
Wetter Crailsheim 7 Tage Online,News - Weather
www teneriffa wetter de online,News - Weather
www wetter bernburg online de,News - Weather
www Wetter online muehlhausen.de,News - Weather
www wetter online rendsburg de,News - Weather
www Wetter online sprendlingen,News - Weather
albstadt wetter.com,News - Weather
amsterdam wetter.com,News - Weather
bad salzuflen 14 tage wetter com,News - Weather
berlin wetter com,News - Weather
bochum wetter.com,News - Weather
bösensell wetter com,News - Weather
bregenz wetter.com 7 Tage,News - Weather
bremen wetter.com,News - Weather
brühl wetter.com,News - Weather
das wetter com berlin,News - Weather
Das Wetter in Loedla bei Wetter.com,News - Weather
deutschland wetter.com,News - Weather
dorstener wetter.com,News - Weather
dreitagewetter harsewinkel wetter.com,News - Weather
Dresden wetter com,News - Weather
enkhuizen wetter.com,News - Weather
Eschweiler wetter.com,News - Weather
essen wetter.com,News - Weather
euskirchen site:wetter.com,News - Weather
flensburg wetter.com,News - Weather
frage kann man sich bei wetter com auf die tage vorhersage verlassen,News - Weather
frage mit welcher wahrscheinlichkeit stimmen die wettervorhersagen wie bei wetter com,News - Weather
frage sind die tage wettervorhersagen von wetter com zuverlaessig,News - Weather
frage was ist zuverlaessiger wetter de oder wetter com,News - Weather
frage welchem wetterbericht kann ich ich mehr trauen wetter com oder wetter de,News - Weather
frage wie zuverlaessig ist die wettervorhersage auf wetter com,News - Weather
gärtringen wetter.com,News - Weather
geisenheim wetter com,News - Weather
göttingen wetter.com,News - Weather
greetsiel Wetter com,News - Weather
günzburg wetter.com,News - Weather
Hamburg Wetter com.de,News - Weather
hohenheim wetter.com,News - Weather
ischgl Wetter.com,News - Weather
Kaiserslautern wetter.com,News - Weather
karlsruhe wetter.com,News - Weather
kitzbühel wetter.com,News - Weather
Kleinarl Wetter com,News - Weather
kleinheubach wetter com,News - Weather
klimadatenbank wetter.com,News - Weather
köln wetter com,News - Weather
kostenlos Wetter com auf deskop,News - Weather
Krüger National Park Wetter com,News - Weather
Lenggries Wetter com,News - Weather
lenzerheide wetter.com,News - Weather
Lindau Wetter.com,News - Weather
mein wetter.com,News - Weather
München wetter.com,News - Weather
nachrichten fruehlingsgefuehle beim deutschen wetter fernsehen alles neu macht wetter com tv,News - Weather
nürnberg wetter.com,News - Weather
Prag Wetter com,News - Weather
regensburg wetter.com,News - Weather
reit im winkl wetter.com,News - Weather
rettenstein webcam wetter.com,News - Weather
rumänien klusch wetter.com,News - Weather
Saarbrücken wetter.com,News - Weather
Schenna Wetter.com,News - Weather
schierke wetter com,News - Weather
Siegen Wetter.com,News - Weather
Sölden Wetter.com,News - Weather
sternenfels wetter com,News - Weather
stundenwetter wetter com,News - Weather
taunusstein wetter com,News - Weather
tegernsee site:wetter.com,News - Weather
türkei wetter.com,News - Weather
uehlfeld wetter.com,News - Weather
ursensollen wetter com,News - Weather
velbert wetter.com,News - Weather
viernheim wetter.com,News - Weather
villingen wetter.com,News - Weather
wetter berlin wetter com,News - Weather
wittenberg wetter com,News - Weather
wuerzburg wetter com,News - Weather
www Wetter com - Wendelstein - Wilder Kaiser Oberaudorf,News - Weather
www wetter com de deutschland,News - Weather
www wetter com de rhein.pfalz,News - Weather
zugspitze wetter.com,News - Weather
zwiesel wetter.com de,News - Weather
. wetter.de bad krozingen,News - Weather
ahaus wetter.de,News - Weather
app wetter.de,News - Weather
bad essen wetter.de,News - Weather
bad füssing wetter.de,News - Weather
bad homburg wetter.de,News - Weather
bad nauheim wetter-de,News - Weather
bad salzuflen-wetter.de,News - Weather
bargteheide wetter de,News - Weather
berchtesgaden wetter.de,News - Weather
berlin wartenberg wetter de,News - Weather
bern wetter.de,News - Weather
bocholt wetter.de,News - Weather
bremen wetter de,News - Weather
brocken wetter.de,News - Weather
Caorle Wetter de,News - Weather
dachau wetter de,News - Weather
erfurt wetter.de,News - Weather
Fehmarn Wetter de,News - Weather
feiburg wetter.de.,News - Weather
neuhaus wetter.de,News - Weather
nusse wetter.de,News - Weather
oberstdorf wetter.de,News - Weather
Online Wetter de,News - Weather
Oranienburg Wetter de,News - Weather
Paris Wetter de,News - Weather
scharbeutz wetter.de,News - Weather
Schönberg Wetter.de,News - Weather
speyer wetter de,News - Weather
stuttgart wetter.de,News - Weather
texel wetter.de,News - Weather
Thale wetter.de,News - Weather
zdf wetter de regenradar,News - Weather
zdf wetter.de,News - Weather
testbericht wetter info,News - Weather
wetter info dubai,News - Weather
Wetter Info für Offenbach am Main,News - Weather
www.wetter info amalfiküste,News - Weather
www.wetter info ronneburg,News - Weather
vermischtes wetterdienste im internet,News - Weather
frage wo gibt es im internet gute und detaillierte wettervorhersage fuer mehrere tage mit,News - Weather
Google wie wird das Wetter morgen in Bretten,News - Weather
Kannst du mir sagen wie das Wetter morgen wird?,News - Weather
wie wird das Wetter heute morgen in Chemnitz,News - Weather
Wie wird das Wetter in Ausgburg morgen,News - Weather
Wie wird das Wetter in wuppertal heute und morgen,News - Weather
wie wird das wetter morgen 5.4.2016 in uplengen?,News - Weather
wie wird das wetter morgen bis sontag in rheinbach,News - Weather
www wetter de wie wird das wetter morgen in dresden,News - Weather
www. wetter de wie wird das wetter morgen in Saarbrücken,News - Weather
Es wird morgen regnen,News - Weather
frage wird es morgen regnen,News - Weather
glaubst du dass es morgen regnen wird,News - Weather
