allgemeine foren off topic us wahlen und aussenpolitik index,Law & Government - Government
allgemeine freie und geheime wahlen gut orchestriert auch,Law & Government - Government
frage sollten jugendliche ab bei allgemeinen wahlen waehlen duerfen,Law & Government - Government
grundgesetz angela merkel,Law & Government - Government
1 Millionen Menschen die Angela Merkel Scheiße finden Facebook,Law & Government - Government
10 fakten über angela merkel,Law & Government - Government
11 mai 2016 angela merkel Konferenz,Law & Government - Government
2008 oprah eröffnung norwegen angela merkel,Law & Government - Government
aktie dax gefahr stuerzt morgen angela merkel silberjunge im interview,Law & Government - Government
aktuell politik ausland europa tuerkei angela merkel haelt boehmermanns erdogan gedicht fuer verletzend,Law & Government - Government
aktuell politik ausland roettgen verteidigt angela merkel im streit um erdogan satire,Law & Government - Government
angela merkel,Law & Government - Government
antworten uni munchen schreibt mir im semester einen drohbrief wieso schreibt sie nicht der angela merkel einen drohbrief support,Law & Government - Government
archiv forum th angela merkel soll schwanger sein,Law & Government - Government
archiv forum th wurde angela merkel schon diskutiert,Law & Government - Government
article angela merkel ein irrtum,Law & Government - Government
article angela merkel wurde bei einem verkehrsunfall berfahren,Law & Government - Government
autoren angela merkel,Law & Government - Government
badeente angela merkel,Law & Government - Government
baden wuerttemberg angela merkel beim wahlkampf unerwuenscht,Law & Government - Government
beichthaus angela merkel,Law & Government - Government
beleidigungen aus der türkei an unsere angela merkel,Law & Government - Government
belgian selfie angela merkel,Law & Government - Government
beliebtheit angela merkel 2015,Law & Government - Government
berlin demo angela merkel,Law & Government - Government
bildergalerie angela merkel heute nürtingen,Law & Government - Government
bill gates angela merkel fluechtlingspolitik,Law & Government - Government
biographie angela merkel,Law & Government - Government
bis wann ist angela merkel bundeskanzlerin,Law & Government - Government
Black mail angela merkel,Law & Government - Government
blazer angela merkel,Law & Government - Government
breitband dpa angela merkel SC,Law & Government - Government
brief eines oberleutnants a.d. an kanzlerin angela merkel und die vereinigten staaten von amerika,Law & Government - Government
bruno banani werbekampagne kanzlerin angela merkel unterwasche,Law & Government - Government
Brussels terrorist angela Merkel,Law & Government - Government
buitenland angela merkel handhaaft vluchtelingenbeleid ondanks verkiezingsnederlaag bcaca,Law & Government - Government
bundeskanzlerin angela merkel,Law & Government - Government
community threads siri bezeichnet angela merkel nach wikipedia manipulation als luegnerin und sklavin der usa page,Law & Government - Government
computer internet id angela merkel erntet fuer neuland spott auf twitter,Law & Government - Government
computer internet id google street view angela merkel zeigt ihre wohnung im internet,Law & Government - Government
dätwyler und Angela merkel,Law & Government - Government
Demo gegen Angela Merkel,Law & Government - Government
der Ehemann von Angela Merkel im Aufsichtsrat,Law & Government - Government
der vater von Angela merkel,Law & Government - Government
Deshalb hat Angela Merkel bei Jan Böhmermann richtig entschieden,Law & Government - Government
dossiers angela merkel,Law & Government - Government
drippic com angela merkel und verteidigungsminister franz josef jung in kundus,Law & Government - Government
ehe angela merkel und prof. sauer,Law & Government - Government
Ehe von Angela Merkel,Law & Government - Government
ehe zerbrochen Angela Merkel,Law & Government - Government
entertainment film berlinale berlinale amal clooney bei angela merkel hier ist sie ihrem element,Law & Government - Government
eric zemmour angela merkel a idealise lautre en diabolisant lidentite allemande,Law & Government - Government
Ernst Thälmann schreite du voran ich lieb den Sozialismus drum steh ich hier nun meinen Mann weil Revanchismus weg muss. Schon lange will das rote Heer den Feind eliminieren,Law & Government - Government
eu gipfel angela merkel rede,Law & Government - Government
exnews hannelore kraft angela merkel schadet deutschland,Law & Government - Government
forum stuerzt boehmermann dr angela merkel all t,Law & Government - Government
forum wer soll angela merkel ersetzen talk t,Law & Government - Government
fotostrecke angela merkel auf der cebit fotostrecke,Law & Government - Government
fotostrecke angela merkel gesichtsausdruck fotostrecke,Law & Government - Government
frage gibt es ein bunker fuer angela merkel,Law & Government - Government
frage hat angela merkel einen doktortitel,Law & Government - Government
frage kann die knazlerin angela merkel gestuerzt werden von den buergern,Law & Government - Government
frage martin schulz hoeherer rang als angela merkel,Law & Government - Government
frage muss angela merkel auch steuern bezahlen und wer bezahlt sie eig,Law & Government - Government
frage soll angela merkel nach der naechsten bundestagswahl bundeskanzlerin bleiben,Law & Government - Government
frage umfrage seid ihr mit der fluechtlingspolitik von angela merkel zufrieden,Law & Government - Government
frage wie ist das eigentlich wenn angela merkel sich zb mit george clooney trifft spricht sie dann englisch mit ihm ohne dolmetscher,Law & Government - Government
frisur angela merkel,Law & Government - Government
gedenkmünze angela merkel silber 2005,Law & Government - Government
george bush masse angela merkel,Law & Government - Government
helmut kohl angela merkel,Law & Government - Government
Heute-Show Angela Merkel ist eine isolierte Bitch,Law & Government - Government
hier ist der beweis dass angela merkels regierung wirklich nichts zu sagen hat n,Law & Government - Government
i neulich beim hobby fotografen treffen mit angela merkel,Law & Government - Government
kann man angela merkel anrufen,Law & Government - Government
kolumnen artikel angela merkel balkanroute bleibt offen,Law & Government - Government
kritik gegen angela merkel,Law & Government - Government
Lasst uns Angela Merkel feiern sie hat es geschafft,Law & Government - Government
lieblingsfilme von angela merkel,Law & Government - Government
maske angela merkel,Law & Government - Government
mit wem ist angela merkel befreundet,Law & Government - Government
mit wem war angela merkel verheiratet,Law & Government - Government
Nachrichten Aktuell zu Angela Merkel,Law & Government - Government
nachrichten angela merkel hat richtig entschieden die justiz darf gegen boehmermann ermitteln das ist bitter aber,Law & Government - Government
nachrichten angela merkel zweifelt bei der einigung ueber klimaziele beim eu gipfel,Law & Government - Government
news friede springer stiftung zahlt jaehrlich euro an den ehegatten von angela merkel n,Law & Government - Government
panorama wie das foto von angela merkel und barack obama auf dem g gipfel in elmau entstand,Law & Government - Government
papst benedikt und angela merkel zur finanzkrise detail,Law & Government - Government
Pressekonferenz Angela Merkel Mediathek,Law & Government - Government
pressestimmen 15.4.2016 zu angela merkel,Law & Government - Government
rtl angela merkel in baden württemberg,Law & Government - Government
s cfdc angela merkel liegt die eigentlich auch mal nur so kaputt auf dem sofa,Law & Government - Government
schachtschneider hochverrat von angela merkel,Law & Government - Government
Scheidung Angela Merkel,Law & Government - Government
schlagwort angela merkel,Law & Government - Government
Schlechtes Bild von Angela Merkel,Law & Government - Government
Schließung der Balkanroute für Flüchtlinge Angela Merkel Wir können nicht ein Land alleine mi...,Law & Government - Government
seehofer csu rente angela merkel n,Law & Government - Government
seehofer sturz angela merkel,Law & Government - Government
stammbaum angela merkel,Law & Government - Government
sub angela merkel de profil,Law & Government - Government
sub Angela Merkel erzählt,Law & Government - Government
terminplan angela merkel,Law & Government - Government
terragermania com wer ist angela merkel die bundeskanzlerin ist ueber ihren vater bestens mit der stasi vernetzt,Law & Government - Government
terror Angela Merkel,Law & Government - Government
terror deutschland frankreich angela merkel alain finkielkraut komplettansicht,Law & Government - Government
til schweiger angela merkel,Law & Government - Government
todesanzeige angela merkel vater,Law & Government - Government
Traueransprache Angela Merkel,Law & Government - Government
Umfrage Angela Merkel,Law & Government - Government
umfrage beliebtheit angela merkel n,Law & Government - Government
video angela merkel kam in pink und mit ehemann nach bayreuth,Law & Government - Government
was lesen angela merkel,Law & Government - Government
was macht merkel angela merkel in der eurokrise dokumentation,Law & Government - Government
was machte Angela merkel als bundeskanzlerin 2005,Law & Government - Government
was man über Angela Merkel wissen muss,Law & Government - Government
was passiert mit angela merkel,Law & Government - Government
wie geht es angela merkel,Law & Government - Government
wie heißt der Staatssekretär von Angela Merkel,Law & Government - Government
wie lange Angela Merkel kannst Heim,Law & Government - Government
Wie lange hält sich Angela Merkel,Law & Government - Government
wie lange kann angela merkel bundeskanzlerin bleiben,Law & Government - Government
wohnhaus angela merkel,Law & Government - Government
wohnt angela merkel im kanzleramt,Law & Government - Government
Zehn Fakten über Angela Merkel,Law & Government - Government
zeitung angela merkel nachrichten für kinder,Law & Government - Government
zeitungen angela merkel europas starke frau,Law & Government - Government
Außenminister Genscher,Law & Government - Government
außenminister kurz,Law & Government - Government
bewegender abschied ex außenminister westerwelle,Law & Government - Government
blacklist außenminister venezuela cast,Law & Government - Government
Die USA fordert unter dem Außenminister Cordell Hull für potentielle Immigranten eine Bürgschaft von 5.000 US-$,Law & Government - Government
Die USA und Europa wollen,Law & Government - Government
fischer außenminister,Law & Government - Government
Früherer Außenminister Staatsakt für Genscher geplant,Law & Government - Government
guido westerwelle Außenminister,Law & Government - Government
GUS-Außenminister,Law & Government - Government
Herr Kurz Außenminister Österreich,Law & Government - Government
joschka fischer außenminister,Law & Government - Government
kanadische außenminister,Law & Government - Government
kurz außenminister,Law & Government - Government
kurz außenminister ehefrau top,Law & Government - Government
Kurz Außenminister Österreich,Law & Government - Government
litauen außenminister russland,Law & Government - Government
Obama nominiert John Kerry als neuen US-Außenminister NEWS.AT,Law & Government - Government
Östereich Außenminister,Law & Government - Government
österreich außenminister kurz freundin,Law & Government - Government
q wie heißt der jetzige außenminister von deutschland,Law & Government - Government
russische Außenministerin,Law & Government - Government
sn-dns Nachruf auf Ex-Außenminister Genscher,Law & Government - Government
SPD-Außenminister,Law & Government - Government
suchen bedeutung außenminister,Law & Government - Government
Suu Kyi Außenministerin,Law & Government - Government
synonyme außenminister,Law & Government - Government
Wer war Vorgänger Außenminister,Law & Government - Government
westerwelle schwuler außenminister,Law & Government - Government
wie heißt der außenminister von deutschland,Law & Government - Government
frage person ueber einwohnermeldeamt finden,Law & Government - Government
personen finden Einwohnermeldeamt,Law & Government - Government
Anrechnung der Abfindung auf Arbeitslosengeld bei K c3 bcndigung mit Integrationsamt 3f,Law & Government - Government
arbeitsrecht das integrationsamt und die dienstunfaehigkeit eines dienstordnungsangestellten,Law & Government - Government
arbeitsrecht der zustimmungsbescheid des integrationsamts im kuendigungsschutzprozess,Law & Government - Government
Außerordentliche Kündigung Einbindung des Integrationsamtes 14 Tage,Law & Government - Government
aussetzung Verfahren Integrationsamt,Law & Government - Government
bewerbung lehrstelle integrationsamt,Law & Government - Government
frage integrationsamt hat zugestimmt,Law & Government - Government
Integrationsamt behindertengerechte Toilette,Law & Government - Government
integrationsamt bürostuhl,Law & Government - Government
Integrationsamt Freiburg Antrag auf Zustimmung Formular,Law & Government - Government
integrationsamt kündigung abfindung,Law & Government - Government
kündigung zustimmung kriterien integrationsamt baden-württemberg,Law & Government - Government
was zahlt das integrationsamt,Law & Government - Government
wer erhält hilfe vom integrationsamt,Law & Government - Government
wie hilft das integrationsamt bei stellenvermittlung bei schwerbehinderung,Law & Government - Government
zahlt integrationsamt schutzbrille,Law & Government - Government
zustimmung des integrationsamt bei kündigung,Law & Government - Government
arbeitsrecht ausschreibung einer stelle in der kommunalverwaltung ausschliesslich fuer beamte,Law & Government - Government
frage aufgaben einer kommunalverwaltung,Law & Government - Government
frage aufgaben einer verwaltungsfachangestellte in der kommunalverwaltung,Law & Government - Government
frage bewerbungsanschreiben verwaltungsfachangestellte kommunalverwaltung,Law & Government - Government
frage industriekauffrau oder verwaltungsfachangestellte kommunalverwaltung,Law & Government - Government
frage kann man als verwaltungsfachangestellte der fachrichtung kommunalverwaltung in der schweiz arbeiten,Law & Government - Government
frage verwaltungsfachangestellter kommunalverwaltung was macht man in diesem beruf,Law & Government - Government
frage welchen abschluss braucht man fuer verwaltungsfachangestellter kommunalverwaltung,Law & Government - Government
kommunalverwaltung güstrow gehalt,Law & Government - Government
verwaltungsfachangestellte für kommunalverwaltung,Law & Government - Government
landtagswahlen in bayern,Law & Government - Government
frage sitzverteilung im bundestag,Law & Government - Government
sitzverteilung im bundestag 2016,Law & Government - Government
namensweihe standesamt berlin,Law & Government - Government
schönste standesamt berlin,Law & Government - Government
standesamt berlin,Law & Government - Government
standesamt berlin außenstellen,Law & Government - Government
standesamt berlin Kurfürstenstr.,Law & Government - Government
welches standesamt hat heute offen berlin 16.4.2016,Law & Government - Government
alle wahlergebnisse in deutschland,Law & Government - Government
politik deutschland spd wahlmanifest vertrauensspagat fuer deutschland,Law & Government - Government
frage wieviel verdienen kommunale poltiker stadtrat,Law & Government - Government
topten amtsgericht hamburg altona,Law & Government - Legal
anwalt insolvenzanwalt finden,Law & Government - Legal
anwalt ueber das internet finden,Law & Government - Legal
Familienrecht Anwalt finden,Law & Government - Legal
geld sparen verbrauchertipps so finden sie einen guten anwalt,Law & Government - Legal
10 stunden arbeitsrecht,Law & Government - Legal
Aktuelle Gerichtsurteile Arbeitsrecht,Law & Government - Legal
aktuelles smartlaw arbeitsrecht,Law & Government - Legal
aktuelles tipp arbeitsrecht welche auskuenfte sie ueber einen mitarbeiter geben duerfen,Law & Government - Legal
anwalt arbeitsrecht münchen,Law & Government - Legal
artikel arbeitsrecht ersatzfreizeit,Law & Government - Legal
arztbesuch arbeitszeit arbeitsrecht AS,Law & Government - Legal
beck stellenmarkt arbeitsrecht,Law & Government - Legal
beginnt das wochenende am freitag arbeitsrecht,Law & Government - Legal
behinderte arbeitsrecht,Law & Government - Legal
bei arbeits und wegeunfälle arbeitsrecht org,Law & Government - Legal
bildung karriere arbeit beruf wozu das arbeitsrecht den arbeitnehmer verpflichtet die krankmeldung,Law & Government - Legal
britisches arbeitsrecht,Law & Government - Legal
Bundesgesetzbuch Arbeitsrecht sonderurlaub,Law & Government - Legal
compliance klage arbeitsrecht,Law & Government - Legal
deutsche arbeitsrecht beratung kostenlos,Law & Government - Legal
deutsches Arbeitsrecht Erreichbarkeit während des Urlaubs,Law & Government - Legal
duldungsanspruch arbeitsrecht,Law & Government - Legal
elektronisch arbeitsrecht für führungskräfte,Law & Government - Legal
elterngeld Entgelt Arbeitsrecht,Law & Government - Legal
Entwicklungsblockade arbeitsrecht,Law & Government - Legal
erholungszeit arbeitsrecht,Law & Government - Legal
erreichbarkeit bei krankheit arbeitsrecht,Law & Government - Legal
feiertag arbeitsrecht,Law & Government - Legal
forum off topic arbeitsrecht betriebsgeheimnis,Law & Government - Legal
forum off topic arbeitsrecht muendliche abreden,Law & Government - Legal
frage anspruch auf abfindung arbeitsrecht,Law & Government - Legal
frage firmenverkauf arbeitsrecht,Law & Government - Legal
frage keine lohnzahlung nach kuendigung arbeitsrecht,Law & Government - Legal
frage kennt sich jemand mit arbeitsrecht im fahrdienst aus,Law & Government - Legal
frage schweizer arbeitsrecht fuer zeit leiharbeiter,Law & Government - Legal
frage stundenabzug arbeitsrecht,Law & Government - Legal
frage wie finde ich einen guten anwalt fuer arbeitsrecht,Law & Government - Legal
frage wie ist mein urlaubsanspruch nach dem arbeitsrecht,Law & Government - Legal
frage wie und wo erhalte ich eine kostenlose beratung beim anwalt fuer arbeitsrecht,Law & Government - Legal
frist feststellungsklage arbeitsrecht,Law & Government - Legal
fristsetzung anhörung arbeitsrecht,Law & Government - Legal
frühgeburt arbeitsrecht schweiz,Law & Government - Legal
geplante pausen arbeitsrecht tvöd,Law & Government - Legal
Gesetz Arbeitsrecht Krankheit,Law & Government - Legal
Hospitation Arbeitsrecht,Law & Government - Legal
mediziner Arbeitsrecht,Law & Government - Legal
mittagspause arbeitsrecht,Law & Government - Legal
nachtdienst arbeitsrecht,Law & Government - Legal
Pause arbeitsrecht bei 5 Stunden,Law & Government - Legal
Bankrott,Law & Government - Legal
der totale bankrott merkels,Law & Government - Legal
deutsche bank bankrott 2016,Law & Government - Legal
news international serbien rande bankrotts,Law & Government - Legal
recht händler bankrott Garantie,Law & Government - Legal
vorsätzlicher bankrott,Law & Government - Legal
wirtschaft geld finanzkrise was tun wenn die bank bankrott ist,Law & Government - Legal
Aktuelle Bußgeldkatalog 2016 Führerscheinenzug,Law & Government - Legal
alter bußgeldkatalog 2006,Law & Government - Legal
ausländische fahrerlaubnis keine übersetzung bußgeldkatalog,Law & Government - Legal
fahren mit falschen kennzeichen bußgeldkatalog,Law & Government - Legal
fahrerflucht ohne personenschaden bußgeldkatalog,Law & Government - Legal
gilt bußgeldkatalog für ausländer,Law & Government - Legal
LKW Bußgeldkatalog Doppelwoche,Law & Government - Legal
Neuer Bußgeldkatalog,Law & Government - Legal
österreich bußgeldkatalog,Law & Government - Legal
parken absoluten halteverbot bußgeldkatalog,Law & Government - Legal
verkehr katalog bußgeldkatalog,Law & Government - Legal
welcher bußgeldkatalog gilt,Law & Government - Legal
zugmaschine bußgeldkatalog,Law & Government - Legal
deutsche gesetze app windows,Law & Government - Legal
frage gelten deutsche gesetze fuer fluechtlinge,Law & Government - Legal
Gesetze auf deutschen Straßen,Law & Government - Legal
neue gesetze für verheiratet deutschen die aus dem ausland eheschließung,Law & Government - Legal
news deutsche gesetze kostenlos fuer jedermann,Law & Government - Legal
anwalt familienrecht darmstadt dieburg,Law & Government - Legal
beruf und geld recht abc familienrecht,Law & Government - Legal
blickpunkt reformen im familienrecht,Law & Government - Legal
blog anwalt familienrecht,Law & Government - Legal
checkliste scheidung familienrecht,Law & Government - Legal
ehe und familienrecht,Law & Government - Legal
fachanwalt familienrecht,Law & Government - Legal
frage fachanwalt familienrecht wie wird mans,Law & Government - Legal
frage familienrecht anwalt in delmenhorst,Law & Government - Legal
frage suche dringend anwalt fuer familienrecht und scheidung,Law & Government - Legal
frage wie finde ich einen guten rechtsanwalt fuer familienrecht,Law & Government - Legal
Gebühren Rvg Familienrecht Gutachten,Law & Government - Legal
mexikanisches Familienrecht,Law & Government - Legal
schwerpunkte familienrecht,Law & Government - Legal
Streitwert Stufenantrag Familienrecht,Law & Government - Legal
türkische rechtsanwältin für familienrecht stuttgart,Law & Government - Legal
Achritektur verband Geistiges eigentum,Law & Government - Legal
ch eidgenoessisches institut fuer geistiges eigentum,Law & Government - Legal
deutsch polnisch geistiges eigentum,Law & Government - Legal
facebook geistiges eigentum,Law & Government - Legal
frage arbeitsrecht geistiges eigentum,Law & Government - Legal
Geistiges Eigentum und Innovation,Law & Government - Legal
title geistiges eigentum und innovation innovation und recht i oclc,Law & Government - Legal
frage gerichtstermin kann ich den verschieben,Law & Government - Legal
frage kann man den gerichtstermin verschieben lassen,Law & Government - Legal
frage wie oft kein die polizei einen gerichtstermin verschieben,Law & Government - Legal
wie oft kann beklagter gerichtstermin verschieben,Law & Government - Legal
auto vom ehemann gewohnheitsrecht,Law & Government - Legal
beispiele zu gewohnheitsrecht,Law & Government - Legal
fahrrecht gewohnheitsrecht baden württemberg,Law & Government - Legal
forum mietminderung mieterhoehung gewohnheitsrecht,Law & Government - Legal
frage muss ein selbstgebauter wintergartenbalkonumbau weg oder greift hier das gewohnheitsrecht,Law & Government - Legal
frage nachbarin benutzt unsere privateinfahrt gewohnheitsrecht,Law & Government - Legal
frage unterschied gewohnheitsrecht und richterrecht,Law & Government - Legal
frage wann greift das gewohnheitsrecht,Law & Government - Legal
frage wann kann ich vom gewohnheitsrecht gebrauch machen,Law & Government - Legal
gewerbe miete gewohnheitsrecht nutzung,Law & Government - Legal
minijob gewohnheitsrecht stunden,Law & Government - Legal
was deutet gewohnheitsrecht bei der Arbeit,Law & Government - Legal
wo kann ich mein polizeiliches führungszeugnis einsehen,Law & Government - Legal
frage sozialstunden stunden nicht gemacht muss jetzt vor gericht kann ich die wahrheit sagen,Law & Government - Legal
frage habe wegen eines nicht abgesagten zeugenaussage termins ein ordnungsgeld oder tage arrest bekommen kann das geld aber nicht zahlen kommt das in meine akte,Law & Government - Legal
allgemeine rechtsberatung,Law & Government - Legal
arbeitsagentur rechtsberatung münchen,Law & Government - Legal
beratung online rechtsberatung,Law & Government - Legal
berlin rechtsberatung erbrecht,Law & Government - Legal
caritas münchen rechtsberatung,Law & Government - Legal
einkauf rechtsberatung seminar,Law & Government - Legal
erfahrungsberichte rechtsberatung,Law & Government - Legal
familie rechtsdienstleistungsgesetz rechtsberatung wird billiger,Law & Government - Legal
frag einen anwalt Rechtsberatung löschen,Law & Government - Legal
frage erste rechtsberatung kostenlos,Law & Government - Legal
frage gibt es in deutschland kostenlose rechtsberatung im sozialrecht,Law & Government - Legal
frage kostenlose rechtsberatung als azubi,Law & Government - Legal
frage kostenlose rechtsberatung als hartz empfaenger,Law & Government - Legal
frage wo gibt es kostenlose rechtsberatung im internet,Law & Government - Legal
infotestrat rechtsberatung,Law & Government - Legal
kostenlos rechtsberatung telefon,Law & Government - Legal
muß ich für rechtsberatung als Hartz IV bezahlen,Law & Government - Legal
steuerberater hannover roolfs steuer und rechtsberatung m bewertungen,Law & Government - Legal
threads rechtsberatung benoetigt,Law & Government - Legal
verein für rechtsberatung,Law & Government - Legal
weg rechtsberatung Schwerin,Law & Government - Legal
andreas brück staatsanwalt,Law & Government - Legal
angst um den staatsanwalt,Law & Government - Legal
artikel trebbin prozess staatsanwalt will lebenslang,Law & Government - Legal
arztpfusch bei staatsanwalt,Law & Government - Legal
de job staatsanwältin staatsanwalt,Law & Government - Legal
Der Staatsanwalt,Law & Government - Legal
frage als zeuge von staatsanwalt angegriffen,Law & Government - Legal
frage keine anzeige aber brief von staatsanwalt,Law & Government - Legal
frage staatsanwalt bedroht was tun,Law & Government - Legal
frage wie lange dauert es bis ein brief von staatsanwalt kommt,Law & Government - Legal
gehalt staatsanwalt,Law & Government - Legal
wie lange dauert es bis man staatsanwalt wird,Law & Government - Legal
2 fristen im Strafrecht,Law & Government - Legal
aids und strafrecht,Law & Government - Legal
Aktuelle Gerichtsurteile Strafrecht,Law & Government - Legal
anwalt strafrecht großsedlitz,Law & Government - Legal
anwaltshotline kostenlos strafrecht,Law & Government - Legal
bigamie strafrecht,Law & Government - Legal
de job juristin jurist mit schwergewicht strassenverkehrs und strafrecht,Law & Government - Legal
ec karte von freundin geklaut und benuzt strafrecht,Law & Government - Legal
examen strafrecht,Law & Government - Legal
fachanwalt strafrecht frankfurt am main,Law & Government - Legal
firma wuerzburg strafrecht,Law & Government - Legal
frage nochmal eine frage zum strafrecht,Law & Government - Legal
frage wo ist der unterschied zwischen zivilrecht und strafrecht,Law & Government - Legal
gebühren anwalt strafrecht,Law & Government - Legal
gerichtskosten strafrecht,Law & Government - Legal
holocaust lüge strafrecht,Law & Government - Legal
kindhäuser strafrecht besonderer teil,Law & Government - Legal
mobbing schule strafrecht,Law & Government - Legal
politik deutschland fall boehmermann erdoğan hat merkel vorgefuehrt und das deutsche strafrecht liberalisiert,Law & Government - Legal
politik deutschland jan boehmermann politiker wollen strafrecht reformieren a,Law & Government - Legal
sexuelle belästigung strafrecht,Law & Government - Legal
sicherungsverfahren strafrecht AS,Law & Government - Legal
vollendung delikt strafrecht,Law & Government - Legal
Wie oft Strafrecht bafög,Law & Government - Legal
alkoholtest bei straftat,Law & Government - Legal
computer id wlan unerlaubte nutzung ist straftat,Law & Government - Legal
frage sexueller missbrauch vergewaltigung straftat,Law & Government - Legal
Homophobe Straftäter,Law & Government - Legal
ich kenn jemand der eine straftatt machr soll ixj es.melden,Law & Government - Legal
lohnsteuer straftat,Law & Government - Legal
mpu straftaten danach geblitzt,Law & Government - Legal
news ist diebstahl virtueller gegenstaende eine straftat,Law & Government - Legal
prozesskostenhilfe straftat,Law & Government - Legal
telefon annonym anrufem straftat,Law & Government - Legal
Thüringer Straftaten 1.03.2016 Russen letten,Law & Government - Legal
welche Schlüsselzahlen führen zur Straftat,Law & Government - Legal
zahlen straftaten fluchtlinge gefalscht n,Law & Government - Legal
frage rausgeschmissen aus elterhaus was sind meine rechte,Law & Government - Legal
was sind meine rechte als jugendwart,Law & Government - Legal
was sind meine rechte als schwangere,Law & Government - Legal
arbeitslos welche rechte habe ich,Law & Government - Legal
Chef provoziert welche Rechte habe ich,Law & Government - Legal
frage airline streicht einfach reservierung welche rechte habe ich,Law & Government - Legal
frage kueche wasserschaden welche rechte habe ich,Law & Government - Legal
frage unakzeptable degradierung welche rechte habe ich,Law & Government - Legal
leben urlaub im gefahrengebiet welche rechte habe ich a,Law & Government - Legal
welche Rechte habe ich als arbeitende mutter,Law & Government - Legal
welche rechte habe ich als betrogene ehefrau,Law & Government - Legal
zivilgericht urteile im brieftauben,Law & Government - Legal
zivilgericht vergleich im schriftlichen verfahren,Law & Government - Legal
Abschaffung der Wehrpflicht,Law & Government - Military
schweiz gsoa lanciert initiative zur abschaffung der wehrpflicht,Law & Government - Military
a japaner atombomben ein jaehriger pech,Law & Government - Military
a sicher durch atombombe,Law & Government - Military
Atombombe auf isis,Law & Government - Military
Atombombe ausbreitungsgeschwindigkeit,Law & Government - Military
atombombe Deutschland,Law & Government - Military
CAoQAA auf der suche nach hitlers atombombe,Law & Government - Military
Die Geschichte der Atombombe von Hans Thirring,Law & Government - Military
frage kernschmelze oder atombombe was ist schlimmer,Law & Government - Military
frage koennen atombomben die ganze welt zerstoeren,Law & Government - Military
frage wie beginnt die kernspaltung in der atombombe,Law & Government - Military
frage wie entsteht eine atombombe,Law & Government - Military
frage wie gross kann man eine atombombe maximal bauen,Law & Government - Military
für welche stadt war atombombe bestimmt,Law & Government - Military
geschichte der atombombe,Law & Government - Military
hält ein bunker eine Atombombe aus,Law & Government - Military
hat amerika in der wüste atombomben getestet,Law & Government - Military
Hiroshima Atombombe Spätfolgen,Law & Government - Military
merkel kauft 20 atombomben,Law & Government - Military
nachrichten kim jong un will weiter mit atombomben experimentieren der spannungen zwischen der uno und nordkorea,Law & Government - Military
politik ausland berlin usa wollten im kriegsfall atombomben auf ost berlin abwerfen a,Law & Government - Military
sowjetisch atombomben in europa,Law & Government - Military
türkei atombombe,Law & Government - Military
Unterschied zwischen einer Atombombe und einer Wasserstoffbombe,Law & Government - Military
was kostet der BRD die 20 Atombomben,Law & Government - Military
wie viel atombomben stehen in Deutschland,Law & Government - Military
zeitungen angst vor irans atombombe saudis wollen kernwaffen aus pakistan,Law & Government - Military
alles schallundrauch blogspot de isis zeigt ballistische scud raketen in,Law & Government - Military
geschwindigkeit ballistische rakete,Law & Government - Military
militar cnn kiew setzt ballistische raketen in ostukraine ein,Law & Government - Military
militar medien iran testete ballistische rakete,Law & Government - Military
politik ukraine erstmals schlgt in donezk eine ballistische rakete ein,Law & Government - Military
artikel usa fliegen in somalia drohnenangriff,Law & Government - Military
deutschland pakistan drohnenangriff amnesty international n,Law & Government - Military
news pentagon us drohnenangriff toetet mehr shebab kaempfer in somalia,Law & Government - Military
politik deutschland verstoss gegen voelkerrecht us drohnenangriffe werden von deutschland aus gesteuert,Law & Government - Military
Britische Flugzeugträger,Law & Government - Military
bundeswehr flugzeugträger,Law & Government - Military
chinas erster flugzeugtrager,Law & Government - Military
drei us flugzeugtrager vor iranischen,Law & Government - Military
explosion auf flugzeugträger 1965,Law & Government - Military
hat deutschland flugzeugträger,Law & Government - Military
japans geheimwaffe tauchender flugzeugtrager,Law & Government - Military
kosten flugzeugträger,Law & Government - Military
neue flugzeugträger,Law & Government - Military
neue russische flugzeugträger,Law & Government - Military
queen elizabeth flugzeugträger,Law & Government - Military
sub HMS Ark Royal Flugzeugträger im Hamburger Hafen,Law & Government - Military
türkische flugzeugträger,Law & Government - Military
us flugzeugträger reserveflotte,Law & Government - Military
wiki liste der flugzeugträger,Law & Government - Military
wo wurde ein flugzeugträger versenkt,Law & Government - Military
Generalleutnant,Law & Government - Military
generalleutnant hans fritz,Law & Government - Military
militaria wehrmacht feldbluse eines generalleutnants und ministerialdirektors,Law & Government - Military
video news generalleutnant zufrieden mit nato uebung,Law & Government - Military
beste jagdflugzeug 2 weltkrieg,Law & Government - Military
bestes Jagdflugzeug der 80 Jahre,Law & Government - Military
Die Luftwaffe Jagdflugzeug-Pilotin,Law & Government - Military
geschichte flugzeuge jagdflugzeug martin baker mb,Law & Government - Military
jagdflugzeuge russlands sub,Law & Government - Military
jagdflugzeuge schnellsten,Law & Government - Military
militar moderne jagdflugzeuge su syrien einsatz,Law & Government - Military
russische jagdflugzeuge,Law & Government - Military
zivilluftfahrt flugzeuge vielseitiges jagdflugzeug focke wulf ta,Law & Government - Military
10 besten kampfjets,Law & Government - Military
a syrien russland liefert kampfjets,Law & Government - Military
ausland russische kampfjets donnern laut pentagon ueber us kriegsschiff,Law & Government - Military
beschleunigung eines kampfjets PF,Law & Government - Military
bilder syrien kampfjets flug,Law & Government - Military
china wirtschaft china kauft sich russische high tech kampfjets,Law & Government - Military
de sputniknews com militar assad iran russische kampfjets,Law & Government - Military
die schnellsten kampfjets,Law & Government - Military
frage warum fliegen manchmal kampfjets durch die luft,Law & Government - Military
frage was ist die aufgabe des kopiloten in kampfjets zb f,Law & Government - Military
frage ziele aufschalten bei kampfjets,Law & Government - Military
kampfjets im vergleich,Law & Government - Military
kampfjets preise,Law & Government - Military
luftwaffenmuseum kampfjets f k sabre f k sabre,Law & Government - Military
militar assad iran russische kampfjets,Law & Government - Military
militar china kampfjets insel verlegung medien,Law & Government - Military
nachrichten weltweit usa schicken patriot system und kampfjets zu manoever nach jordanien,Law & Government - Military
news pentagon russische kampfjets donnern ueber us kriegsschiff n,Law & Government - Military
panorama us buerger fotografieren kampfjets,Law & Government - Military
rubriken ausland russische kampfjets donnern laut pentagon ueber us kriegsschiff,Law & Government - Military
sputnik russische kampfjets in syrien OS,Law & Government - Military
threads merkwuerdige geraeusche von kampfjets,Law & Government - Military
threads warum keine winglets an kampfjets,Law & Government - Military
videoklub bulgarien ufo verfolgung kampfjets,Law & Government - Military
Wieviel Kampfjets Hat Die Bundeswehr,Law & Government - Military
zeitungen russland liefert kampfjets china,Law & Government - Military
koniglichen marine teppich p,Law & Government - Military
kriegsmarine Konteradmiral Menche,Law & Government - Military
frage sind die deutschen soldaten im zweiten weltkrieg haager landkriegs ordnung verbrecher,Law & Government - Military
Landkrieg,Law & Government - Military
article oberkommando der luftwaffe okl,Law & Government - Military
b-17 luftwaffe,Law & Government - Military
belgische luftwaffe,Law & Government - Military
bilder syrien russland luftwaffe angriffe daesh,Law & Government - Military
bundeswehr ausstellung unsere luftwaffe,Law & Government - Military
computer id datenpanne britischer luftwaffe hochsensible daten gestohlen,Law & Government - Military
deutsche luftwaffe,Law & Government - Military
einsatzfahrzeuge tag belgische luftwaffe,Law & Government - Military
eurofighter luftwaffe anzahl,Law & Government - Military
frage fragen zur sicherungstruppe der luftwaffe,Law & Government - Military
frage luftwaffe berufsfelder der bundeswehr,Law & Government - Military
frage luftwaffe freiwilliger wehrdienst,Law & Government - Military
frage wie lange dauert ein unteroffizierlehrgang bei der luftwaffe,Law & Government - Military
frage wie viel verdient ein kampfpilot bei der luftwaffe,Law & Government - Military
frage wo hat dei luftwaffe ihren standort,Law & Government - Military
fwd luftwaffe Möglichkeiten,Law & Government - Military
hercules c 130 für die deutsche Luftwaffe,Law & Government - Military
kleinanzeigen militaria luftwaffe navigationskarte militaer a,Law & Government - Military
lederjacken luftwaffe,Law & Government - Military
mehr high tech fuer die russische luftwaffe t kampfjet erhaelt rofar superradar,Law & Government - Military
news luftwaffe erhaelt ihren ersten airbus am,Law & Government - Military
news luftwaffe verlegt pilotenausbildung von laage in usa,Law & Government - Military
Nuiederlandische Luftwaffe.nl,Law & Government - Military
Objektschutz Luftwaffe,Law & Government - Military
russische luftwaffe einsatzmuster,Law & Government - Military
schirmmütze general luftwaffe,Law & Government - Military
schulterklappen luftwaffe,Law & Government - Military
schwedische luftwaffe im zweiten weltkrieg,Law & Government - Military
serbische luftwaffe,Law & Government - Military
siegerin dienstuhr luftwaffe,Law & Government - Military
soldat luftwaffe jagel jens,Law & Government - Military
standorte koninklijke luchtmacht luftwaffe alle,Law & Government - Military
stärkten luftwaffen der welt,Law & Government - Military
Syrische Luftwaffe,Law & Government - Military
tf dokumente der luftwaffe angebot,Law & Government - Military
threads offizierslaufbahn im fliegerischen dienst luftwaffe,Law & Government - Military
threads pc schweizer luftwaffe,Law & Government - Military
threads russische luftwaffe schrumpft um flugzeuge und hubschrauber,Law & Government - Military
uniform luftwaffe,Law & Government - Military
universitaeten grundwehrdienst luftwaffe,Law & Government - Military
verwendungen bundeswehr luftwaffe,Law & Government - Military
wehrmacht elite luftwaffe,Law & Government - Military
wehrmacht luftwaffe,Law & Government - Military
wiki luftwaffe,Law & Government - Military
zuerst de russischer general in syrien war nicht nur die russische luftwaffe aktiv,Law & Government - Military
bilder daesh u boote marschflugkorper,Law & Government - Military
bilder russland kaspisee syrien is marschflugkorper,Law & Government - Military
deutsch russisch marschflugkörper,Law & Government - Military
hiperschall-marschflugkörper 2016,Law & Government - Military
marschflugkörper,Law & Government - Military
marschflugkörper über sibirien,Law & Government - Military
marschflugkörper zirkon,Law & Government - Military
russische marschflugkorper von,Law & Government - Military
sowjetische marschflugkörper,Law & Government - Military
de sputniknews com militar nordkorea feuert erneut rakete ins meer,Law & Government - Military
de sputniknews com militar nordkorea schiesst mit ballistischen raketen,Law & Government - Military
militar nordkorea atomtest misslungen,Law & Government - Military
militar nordkorea atomtestgelaende ausbau,Law & Government - Military
militar nordkorea atomwaffen nicht gegen suedkorea,Law & Government - Military
alte militärfahrzeuge kaufen,Law & Government - Military
billige militärfahrzeuge,Law & Government - Military
militärfahrzeuge ausgemustert top,Law & Government - Military
mobile militärfahrzeuge,Law & Government - Military
russische militärfahrzeuge neuer generation,Law & Government - Military
schweizer militärfahrzeuge,Law & Government - Military
US Militärfahrzeuge 2013 top,Law & Government - Military
us militärfahrzeuge gebraucht kaufen,Law & Government - Military
us militärfahrzeuge irak,Law & Government - Military
volvo militärfahrzeuge,Law & Government - Military
deutsch tuerkisch oberleutnant,Law & Government - Military
frage wer kannte oberleutnant handschuh aus kettenburg tonna jugendhaus,Law & Government - Military
gehalt oberleutnant bundeswehr a10,Law & Government - Military
luftwaffe uniform oberleutnant,Law & Government - Military
militaria wehrmacht leichte feldbluse fuer einen oberleutnant der verwaltung,Law & Government - Military
Oberleutnant Besoldung,Law & Government - Military
wie viel bezahlt man als Pensionär wenn man Oberleutnant war an Krankenversicherung,Law & Government - Military
abkürzung für Oberstleutnant,Law & Government - Military
frage besoldung oberstleutnant,Law & Government - Military
Oberstleutnant afd,Law & Government - Military
oberstleutnant frank simon,Law & Government - Military
politik deutschland themen oberstleutnant,Law & Government - Military
seekrieg,Law & Government - Military
seekrieg erster weltkrieg,Law & Government - Military
abkuerzung streitkräfte,Law & Government - Military
amerikanische streitkräfte bomb patrol,Law & Government - Military
bedeutung Streitkräfte,Law & Government - Military
bilder russland streitkrafte flugzeug frontbomber,Law & Government - Military
Britische Streitkräfte,Law & Government - Military
bulgarische streitkräfte,Law & Government - Military
kindergeld nato streitkräfte bundeswehr,Law & Government - Military
Neue Waffen für die Ukrainische Streitkräfte top,Law & Government - Military
russische streitkräfte in moldawien,Law & Government - Military
russland streitkräfte aufrüstung,Law & Government - Military
sowjetische streitkräfte hummel,Law & Government - Military
streitkräfte azerbaijan,Law & Government - Military
Streitkräfte Malta,Law & Government - Military
Streitkräfte Russland,Law & Government - Military
Trennung Streitkräfte und Polizei,Law & Government - Military
Türkische Streitkräfte in Syrien,Law & Government - Military
türkische streitkräfte vergleich,Law & Government - Military
US-Streitkräfte in Syrien,Law & Government - Military
wiki streitkräfte syriens,Law & Government - Military
frage bundeswehr unteroffizierslaufbahn vorrausetzungen,Law & Government - Military
frage will wieder zur bundeswehr unteroffizierslaufbahn,Law & Government - Military
frage aufpasser fuer eine party,Law & Government - Politics
news fremde richter aufpasser mehr geld das alles will die eu von der schweiz id,Law & Government - Politics
politik deutschland berlin vertraulich schaeuble bringt einen aufpasser mit,Law & Government - Politics
s cdf der aufpasser,Law & Government - Politics
s ecdaa der aufpasser,Law & Government - Politics
a machtpolitik wilsons ideale schwere differenzen konferenz,Law & Government - Politics
artikel widersprueche in der machtpolitik,Law & Government - Politics
machtpolitik,Law & Government - Politics
news strippenzieher und machtpolitiker brasiliens vize temer n,Law & Government - Politics
politik deutschland fischer wird der oliv gruene machtpolitiker,Law & Government - Politics
zeitungen das system putin machtpolitik mit sowjet nostalgie,Law & Government - Politics
people tv schweiz viktor giacobbo ueber lahme linke und vife rechte parteipolitik geht mir am arsch vorbei id,Law & Government - Politics
regenbogen koalition wirft osnabruecker oberbuergermeister griesert parteipolitik vor,Law & Government - Politics
ahmeti dhe zaev kane biseduar per krizen politike dhe doreheqjen e ivanov,Law & Government - Politics
ak carte postale ancienne caricatures kuenstler ak lanny satire franzoesischer politiker ordnet seine reden in sozialistisch und nationalistisch,Law & Government - Politics
aktie deutsche bank politik boerse und analysten senken den daumen,Law & Government - Politics
aphorismen politik ehrlichkeit ist die beste politik,Law & Government - Politics
aphorismen politik schlechte gesellschaft,Law & Government - Politics
arab ülkelerinde politik tartismal,Law & Government - Politics
armee gesellschaft & politik geheimes waffenlager entdeckt – militärjustiz untersucht schiessübungen,Law & Government - Politics
Arten von Politiker,Law & Government - Politics
article ach so und zum zombie gesellschafts politik umwelt thema,Law & Government - Politics
B.a. Politik Und Wirtschaft,Law & Government - Politics
ba friedrichshain kreuzberg politik und verwaltung aemter amt fuer buergerdienste buergeramt,Law & Government - Politics
beitrag leserbeitrag politik im modernen kuhstall,Law & Government - Politics
bekloppte politik jetzt leicht verstandlich,Law & Government - Politics
belarusinfo de aktuelles politik,Law & Government - Politics
bilder zu politiker deutschland,Law & Government - Politics
bilderwelten gesellschaft & politik schonungslose und bitterböse illustrationen aus dem netz halten uns einen spiegel vor,Law & Government - Politics
Bildung Politik,Law & Government - Politics
briefe an politiker schreiben,Law & Government - Politics
brussel anschlage terror politik reaktion n,Law & Government - Politics
content afrikaner vergewaltigt linken politiker schuld der grausamen gesellschaft,Law & Government - Politics
content aktuell news politik ausland,Law & Government - Politics
content aktuell news politik inland,Law & Government - Politics
der erste politiker,Law & Government - Politics
der fragebogen zur politik test,Law & Government - Politics
der franzoesische politiker jack lang ueber berlin die deutsche sprache und das leid der sozialisten ich bin optimist,Law & Government - Politics
der frauenversteher politik,Law & Government - Politics
die neue politik,Law & Government - Politics
dossier die politik der stromkonzerne,Law & Government - Politics
drei landtagswahlen verloren aendert merkel jetzt ihre politik,Law & Government - Politics
erfahrungsberichte wirtschaft politik uni kiel,Law & Government - Politics
Erich Auerbach Kultur als Politik,Law & Government - Politics
erich honecker ein deutscher politiker,Law & Government - Politics
ermittlungen gegen politiker wegen muellkrise in neapel detail,Law & Government - Politics
erneuerbare energien band strategie politik recht wirtschaft,Law & Government - Politics
erziehung und unterricht zur deutschen kaiserzeit politik,Law & Government - Politics
fernaufgaben politik,Law & Government - Politics
feuilleton menschen bericht cdu politiker und ex ministerpraesident lothar spaeth gestorben a,Law & Government - Politics
feuilleton menschen buch gerhard strate der fall gustl mollath und das versagen der justiz und politik in bayern a,Law & Government - Politics
feuilleton menschen vicky leandros wirft politik versagen in fluechtlingskrise vor,Law & Government - Politics
forum kommentare zu aktuellen nachrichten antworten bea nimmt politik und piloten in die pflicht,Law & Government - Politics
forum netzwerke lan wlan mal was positives aus der politik minister dobrindt gegen stoererhaftung pro offene wlans,Law & Government - Politics
forum off topic politik zitate bez glich anonymit t im netz vorratsdatenspeicherum etc,Law & Government - Politics
forum off topic suche l sungen buchners kompendium politik politik und wirtschaft f r die oberstufe,Law & Government - Politics
frage eignungstest was koennte ueber politik gefragt werden,Law & Government - Politics
frage ein kind politik auslaender,Law & Government - Politics
frage ein kind politik drittes kind hoehere strafen als beim zweiten,Law & Government - Politics
frage ein kind politik in china was ist mit weiblichen zwillingen,Law & Government - Politics
frage kann einen ein politiker vorhaltendass man die falsche wahl getroffen hat wenn man zur wahl geht und unzufried ist oder ist es besser deshalb nicht zu waehlen,Law & Government - Politics
frage kann man mit der allgemeinen fachhochschulreife politik studieren,Law & Government - Politics
frage kann mir bitte jemand in politik helfen,Law & Government - Politics
frage kann mir jemand bei dieser aufgabe in politik helfen,Law & Government - Politics
frage schwerpunkt fuer muendliche pruefung in politik,Law & Government - Politics
frage seit wann gibts die isis und wieso tun die politiker nichts gegen die,Law & Government - Politics
frage sind politiker auf medien angewiesen oder medien auf politiker,Law & Government - Politics
frage sind tuerken und russen gute freunde wenn es um politik geht,Law & Government - Politics
frage soll der mann einen bekannten politiker darstellen,Law & Government - Politics
frage wichtige politiker,Law & Government - Politics
frage wichtige politiker in deutschland,Law & Government - Politics
frage wie erklaert man den unterschied zwischen eubundeslandes politik,Law & Government - Politics
frage wie findet ihr die politik von wladimir putin mit dem sogenanntem is,Law & Government - Politics
frage wie findet ihr meine hausaufgabe in politik,Law & Government - Politics
fuehrerschein idiotentest politik ende des fuehrerschein tourismus gefordert,Law & Government - Politics
furcht vor skandal waehrend der em politikum benzema,Law & Government - Politics
geo interaktiv wissenstests populaere irrtuemer geschichte und politik,Law & Government - Politics
geo natur oekologie un klimakonferenz die politiker nehmen das risiko nicht ernst genug,Law & Government - Politics
Gute Englisch Kenntnisse Praktikum politik,Law & Government - Politics
guttenberg komm zuruck in die grose politik,Law & Government - Politics
gymnasium fos brandenburg politik und zeitgeschichte,Law & Government - Politics
gymnasium fos nordrhein westfalen politik und zeitgeschichte,Law & Government - Politics
gymnasium fos politik und zeitgeschichte,Law & Government - Politics
heimat berlinbrandenburg merkel vor berliner schuelern ukraine braucht versoehnende politiker,Law & Government - Politics
heimat sachsen anhalt wowereit hoeppner war ein mutiger und feinsinniger politiker,Law & Government - Politics
heimat sachsen cdu politiker warnen vor schleichender legalisierung von cannabis,Law & Government - Politics
helene fischer und politik,Law & Government - Politics
Helmut Kohl auslender politik,Law & Government - Politics
jahre im saarland neukirch gruppe feiert jubilaeum mit prominenten gaesten aus wirtschaft und politik,Law & Government - Politics
jan böhmermann politiker,Law & Government - Politics
jana bach und politiker,Law & Government - Politics
Jetzt sind Politiker und Juristen am Zug,Law & Government - Politics
jobmöglichkeiten studium politik und wirtschaft,Law & Government - Politics
kiesewetter politiker,Law & Government - Politics
Kinder Politik,Law & Government - Politics
koeln eklat im badehaus voll auf droge politiker randaliert in koelner sauna,Law & Government - Politics
koeln spd politiker twitterte penis bild auf seinem bdsm account n,Law & Government - Politics
kohlekraftwerke politik,Law & Government - Politics
kolumnen artikel geld politik zukunft,Law & Government - Politics
landkreis kulmbach fetisch erotik zunge sucht politik biete tg absindex,Law & Government - Politics
langenscheidt politiker deutsch,Law & Government - Politics
larangan masuk ahli politik pembangkang dan aktivis arahan pihak berkuasa negeri,Law & Government - Politics
lauringe mose images politiken side mindesten jpg,Law & Government - Politics
leben arbeiten politik quiz,Law & Government - Politics
lesbische Politiker,Law & Government - Politics
leseproben politik aufschwung aufschwung,Law & Government - Politics
leseproben politik freiheit freiheit,Law & Government - Politics
Lexikon der Politik,Law & Government - Politics
lexus h politik streit um die bestenliste,Law & Government - Politics
libyen gesellschaft & politik gaddafi sohn nach libyen ausgeliefert und kahlrasiert,Law & Government - Politics
marathon mexikanischer politiker kuerzt in berlin ab,Law & Government - Politics
marathon politiker auf dem laufband,Law & Government - Politics
margareten politik bezirksraete walter stockinger und ing peter sir freuen sich schon auf das kabarettstueckl von niko formanek m,Law & Government - Politics
margareten politik bezirksraetinnen susanne schaefer wiery und marion enzi im kleinen theatersaal des spektakel m,Law & Government - Politics
marina weisband wir nennen es politik ebook,Law & Government - Politics
mit welchem politiker ist angela merkel aufgewachsen,Law & Government - Politics
mitteldeutsche zeitung politik bergbau folgen sachsen anhalt meldet fuer so viele loecher im boden wie noch nie,Law & Government - Politics
mobil stern de politik deutschland hans dietrich genscher frueherer bundesaussenminister ist tot,Law & Government - Politics
nachricht ratlose profis und ahnungslose politiker,Law & Government - Politics
nachricht rentenversicherung weichenstellungen politik,Law & Government - Politics
nachricht roundup bauern hilfen politik preiskrise,Law & Government - Politics
nachricht roundup deutsche politiker konsequenzen panama enthuellungen,Law & Government - Politics
news geheime briefkasten firmen enthuellt diese politiker stehen auf der panama liste id,Law & Government - Politics
panorama wissen natur un weltklimabericht weltklimarat draengt politik zu entschlossenem handeln gegen erderwaermung,Law & Government - Politics
panorama wissenstests politik quiz sind sie fit fuer die bundestagswahl,Law & Government - Politics
panorama wolfgang bosbach sorge um den krebskranken politiker,Law & Government - Politics
paroles reinhard mey was kann schoner sein auf erden als politiker zu werden lyrics,Law & Government - Politics
Partei die grüne was politiker sagten,Law & Government - Politics
Parteien Politik,Law & Government - Politics
presse news merkel mit ihrer politik macht die tuerkei stark,Law & Government - Politics
pressemitteilung cdu politiker fischer afd nicht in rechte ecke verdammen,Law & Government - Politics
pressinfo autolobby verhindert aufklaerung des abgasskandals greenpeace undquot schwarzbuch autolobbyundquot zeigt einflussnahme auf die politik,Law & Government - Politics
pressinfo berliner morgenpost verspieltes vertrauen leitartikel von jochim stoltenberg zur nullzins politik der ezb,Law & Government - Politics
pressinfo cdu politiker dietrich monstadt steuern auf diabetes tsunami zu,Law & Government - Politics
rede bayerischer grünen politiker,Law & Government - Politics
reden lernen wie ein politiker,Law & Government - Politics
roswell zitate in der Politik,Law & Government - Politics
rotary freimaurer illuminaten deutschland politik kirche medien rotary freimaurer illuminaten deutschland,Law & Government - Politics
rtl politik nachrichten,Law & Government - Politics
rubric politik jazenjuk und awakow geben startsignal fur neue streifenpolizei in poltawa,Law & Government - Politics
rubric politik poroschenko uber referendum in den niederlanden attacke auf europas einheit,Law & Government - Politics
rubric politik prozess gegen nadija sawtschenko russische staatsanwaltschaft fordert jahre haft,Law & Government - Politics
Schauspielerin mit Politiker liiert,Law & Government - Politics
Seine Erfolge als Feldherr und zugleich als selbsternannter Politiker hatten in Napoleon von diesem Zeitpunkt an den Gedanken an eine von ihm selbst auszuübende Diktatur reifen lassen. Nach dem Italienfeldzug drängte der Außenminister Talleyrand zur,Law & Government - Politics
Seit Mitte des 19. Jahrhunderts erhebt sich der berühmte Glockenturm Big Ben über London. Den Spitznamen verdankt der Turm seiner 13,Law & Government - Politics
sekretariat artikel so reden und schreiben sie politiker korrekt an,Law & Government - Politics
seminare wirtschaft politik politik,Law & Government - Politics
sonstiges buecherpaket politik gorbatschow grundgesetz brd bw u a teile imageindex,Law & Government - Politics
Sozialkunde Politik,Law & Government - Politics
sp gesellschaft & politik die sp kopiert obama,Law & Government - Politics
streit um oesterreichs grenzen dicht politik gruene lassen die maske fallen,Law & Government - Politics
studium stipendien politik parteien,Law & Government - Politics
stupi diverses:wie man politiker wird,Law & Government - Politics
technik politik netzfragtmerkel so lief das youtube interview,Law & Government - Politics
telekom muss beim neuen standortkonzept zur politik der ausgestreckten hand zurueckkehren,Law & Government - Politics
tennengau politik ein infoabend zum altstadtpflaster d,Law & Government - Politics
tf allgemeine informationen zum studienschwerpunkt staat politik und gesellschaft,Law & Government - Politics
threads rund um die politik page,Law & Government - Politics
threads was ist inhumaner kind politik in china oder das verhütugsmittelverbot vatikans,Law & Government - Politics
uhren werden auf sommerzeit vorgestellt die politik ist dafuer zustaendig finanzen mm kat id,Law & Government - Politics
ukraine aufbauhilfe politiker n,Law & Government - Politics
Ukraine-Politik,Law & Government - Politics
ulm nachrichten politik viel zu frueh guido westerwelle mit jahren gestorben;art,Law & Government - Politics
verzeichnis regional im puls berater fuer kommunale politik und gesellschaft atkins haupt hildebrand und,Law & Government - Politics
video extra satire deutsche politiker kritisieren erdogan video,Law & Government - Politics
was machen politiker mit unserem land,Law & Government - Politics
was macht die politik in deutschland,Law & Government - Politics
was macht man politik lk oberstufe,Law & Government - Politics
Was muss die Politik zum autonomen Fahren beschließen,Law & Government - Politics
was muss man studieren um politiker zu werden,Law & Government - Politics
wie fängt man als politiker an,Law & Government - Politics
wie geht es weiter in der politik,Law & Government - Politics
wie heißt der Politiker von der FDP der mit dem Fallschirm abgestürzt ist Selbstmord,Law & Government - Politics
Wie hieß der FDP Politiker der mit dem Fallschirm abgestürzt ist,Law & Government - Politics
wie kann ich mich in die politik meiner gemeinde einmischen,Law & Government - Politics
wollen deutsche politiker deutschland vernichten,Law & Government - Politics
wurde nach den Politiker nenjamin hall benannt,Law & Government - Politics
www amerika auf einen blick de usa politik,Law & Government - Politics
Zeitarbeit Politik,Law & Government - Politics
zeitschrift für politik,Law & Government - Politics
frage darf ein lehrer seine politische meinung kundgeben und fuer seine partei werben,Law & Government - Politics
frage duerfen lehrer ihre politische meinung im unterricht aeussern,Law & Government - Politics
frage in wiefern darf ein lehrer seine meinung bzw politische richtung sagen meiner ist kommunist,Law & Government - Politics
frage welche politische richtung hat eurer meinung nach wladimir putin,Law & Government - Politics
frage wenn jemand seine politische meinung sagen will worauf muss er achten um sich nicht strafbar zu,Law & Government - Politics
frage wie kann ich meine politische meinung zum ausdruck bringen,Law & Government - Politics
Meiner Meinung nach können Schulen den Schülern dabei helfen mehr über Integration zu erfahren,Law & Government - Politics
nachrichten meinung standpunkt sn artikel fluechtende menschen werden zu politischen waffen,Law & Government - Politics
politische vierteljahresschrift luhmann öffentliche meinung,Law & Government - Politics
suchen bedeutung politische meinungen ändern,Law & Government - Politics
bildung karriere sozialmanagement wahlen in rheinland pfalz und baden wuerttemberg fuer politische glaubwuerdigkeit,Law & Government - Politics
ehrenamtliche tatigkeiten bei politischen wahlen test,Law & Government - Politics
ehrenamtliche tatigkeiten bei politischen wahlen test ratingvalid,Law & Government - Politics
frage ich muss in politik ein plakat machen zu einem aktuellen politischen thema ausser fluechtlingskinder und die wahlen in den usa welche gibt es zur zeit noch so,Law & Government - Politics
kommentare zu testbericht ehrenamtliche tatigkeiten bei politischen wahlen,Law & Government - Politics
news schweiz wahlen neue tourismus partei fordert politische stimme fuer den tourismus id,Law & Government - Politics
debatte kommentar schwarzes lehrstueck in politischer selbstdemontage,Law & Government - Politics
Merlin,Law & Government - Politics
politischer kommentar aufbau,Law & Government - Politics
schweiz kommentar nach der anti dsi kampagne wie «neutral» soll politischer journalismus sein,Law & Government - Politics
ausnahmezustand deutschland,Law & Government - Public Safety
frage wenn der ausnahmezustand ueber deutschland verhangen wird welche unmittelbaren folgen hat das dann,Law & Government - Public Safety
gesellschaft ist deutschland bereit fur ausnahmezustand,Law & Government - Public Safety
nachrichten deutschland ausnahmezustand in bremen nach hinweisen auf moegliche anschlagsplaene,Law & Government - Public Safety
Selbstverteidigung im Ausnahmezustand Deutschland,Law & Government - Public Safety
blog unheimlich der bundesnachrichtendienst,Law & Government - Public Safety
Bundesnachrichtendienst,Law & Government - Public Safety
bundesnachrichtendienst bewerber anfordrungen,Law & Government - Public Safety
bundesnachrichtendienst gehalt,Law & Government - Public Safety
frage bundesnachrichtendienst aussendienst,Law & Government - Public Safety
frage bundesnachrichtendienst karriere,Law & Government - Public Safety
frage hat man beim bundesnachrichtendienst auch waffen,Law & Government - Public Safety
frage was erwartet der bundesnachrichtendienst von einem,Law & Government - Public Safety
frage wie schwer ist es zum bundesnachrichtendienst zu kommen,Law & Government - Public Safety
nachrichten spd will schnelle reform des bundesnachrichtendienstes,Law & Government - Public Safety
news bundesnachrichtendienst bestaetigt datenuebermittlung an nsa,Law & Government - Public Safety
page view tag bundesnachrichtendienst,Law & Government - Public Safety
tag bundesnachrichtendienst,Law & Government - Public Safety
threads bundesnachrichtendienst flotte,Law & Government - Public Safety
verdienst feldwebel bundesnachrichtendienst,Law & Government - Public Safety
wiki bundesnachrichtendienst,Law & Government - Public Safety
elektrische rollläden sicherheit,Law & Government - Public Safety
grundlagen der elektroinstallation elektrische sicherheit im pool,Law & Government - Public Safety
shop elektrische sicherheit bewegungsmelder s artikelliste,Law & Government - Public Safety
thema sicherer arbeitsplatz in bezug auf elektrische sicherheit und brandgefahr,Law & Government - Public Safety
1kg feuerlöscher,Law & Government - Public Safety
alte feuerlöscher entsorgen,Law & Government - Public Safety
anzahl feuerlöscher bus,Law & Government - Public Safety
aus was bestehen feuerlöscher,Law & Government - Public Safety
bauhaus feuerlöscher,Law & Government - Public Safety
bmw feuerlöscher,Law & Government - Public Safety
co2 feuerlöscher füllen,Law & Government - Public Safety
dänemark auto feuerlöscher,Law & Government - Public Safety
darf man einen Feuerlöscher ins Auto legen,Law & Government - Public Safety
doppeldecker bus Feuerlöscher,Law & Government - Public Safety
einsatzbereitschaft feuerloscher,Law & Government - Public Safety
forum thema habt ihr einen feuerlöscher im auto,Law & Government - Public Safety
forum thema versicherungszahlungen bei mitgeführtem feuerlöscher,Law & Government - Public Safety
halon feuerlöscher,Law & Government - Public Safety
kinder feuerlöscher,Law & Government - Public Safety
kommentare zu testbericht total feuerloscher wartungsdienste,Law & Government - Public Safety
kontrolle der feuerlöscher Pflicht,Law & Government - Public Safety
kosten für feuerlöscher umlagefähig,Law & Government - Public Safety
Kroatien Auto Feuerlöscher Pflicht,Law & Government - Public Safety
leere feuerlöscher entsorgen,Law & Government - Public Safety
lkw ausstattung feuerlöscher,Law & Government - Public Safety
lkw feuerlöscher gesetz,Law & Government - Public Safety
mercedes feuerlöscher,Law & Government - Public Safety
mitführpflicht feuerlöscher,Law & Government - Public Safety
nürnberg feuerlöscher u bahn un94,Law & Government - Public Safety
pelletheizungsraum feuerlöscher,Law & Government - Public Safety
personenbeförderung feuerlöscher,Law & Government - Public Safety
privathaus feuerlöscher pflicht,Law & Government - Public Safety
prüfen Feuerwehren Feuerlöscher,Law & Government - Public Safety
rumänien feuerlöscher auto,Law & Government - Public Safety
Schmalkalden meiningen Feuerlöscher entsorgen,Law & Government - Public Safety
schule erfurt feuerloscher,Law & Government - Public Safety
sind feuerlöscher im haus pflicht,Law & Government - Public Safety
sonstiges ausstattung f so feuerlöscher recht gefährlich t p,Law & Government - Public Safety
total feuerlöscher,Law & Government - Public Safety
total feuerloscher wartungsdienste test,Law & Government - Public Safety
Vermieter Feuerlöscher,Law & Government - Public Safety
versicherung feuerlöscher,Law & Government - Public Safety
wie sehen die Prüfsiegel vom Feuerlöscher aus,Law & Government - Public Safety
wie viele feuerlöscher in firma,Law & Government - Public Safety
kosten anbaubalkon feuertreppe,Law & Government - Public Safety
eine moschee in deutschland nazis geheimdienste und der aufstieg des politischen islam im westen stefan meining,Law & Government - Public Safety
frage bau geheimdienst der usa in deutschland deutschland,Law & Government - Public Safety
frage geheimdienste in deutschland,Law & Government - Public Safety
frage gibt es auch echte geheimdienste in deutschland,Law & Government - Public Safety
in frankreich und belgien werden terroristen verhaftet. in deutschland hat der geheimdienst diese längst getötet. bis 1990 war deutschland geteilt und es gab die ddr und dieser geheimdienst ist heute noch aktiv.,Law & Government - Public Safety
politik deutschland wer in deutschland die geheimdienste kontrolliert,Law & Government - Public Safety
russischer geheimdienst in deutschland,Law & Government - Public Safety
zivil- und katastrophenschutz in deutschland,Law & Government - Public Safety
wiki krisenmanagement in deutschland,Law & Government - Public Safety
a lebensmittelsicherheit who zwei millionen tote pro jahr,Law & Government - Public Safety
blog fuenf jahre nach ehec was wurde aus dem versprechen der lebensmittelsicherheit,Law & Government - Public Safety
blog lebensmittelsicherheit keime in lebensmitteln,Law & Government - Public Safety
Bundesamt für Lebensmittelsicherheit und Veterinärwesen,Law & Government - Public Safety
bundesamt für verbraucherschutz und lebensmittelsicherheit,Law & Government - Public Safety
de jobs sekretariat amt für lebensmittelsicherheit,Law & Government - Public Safety
ernaehrung lebensmittelsicherheit hygiene regeln,Law & Government - Public Safety
familie themen bundesamt fuer verbraucherschutz und lebensmittelsicherheit,Law & Government - Public Safety
gesundheit ernaehrung lebensmittel atomunfall in japan und unsere lebensmittelsicherheit,Law & Government - Public Safety
ihk lebensmittelsicherheit mannheim,Law & Government - Public Safety
Lebensmittelsicherheit,Law & Government - Public Safety
nestle lebensmittelsicherheit prozess Motarjemi,Law & Government - Public Safety
politik deutschland lebensmittelsicherheit keime im fleisch und das chinarestaurant syndrom a,Law & Government - Public Safety
threads lebensmittelsicherheit und vorratsschutz und andere module,Law & Government - Public Safety
adressen notdienste,Law & Government - Public Safety
bildung soziales notrufe notdienste,Law & Government - Public Safety
bürger notdienste feuerwehr,Law & Government - Public Safety
fehmarn inselgeschichte notdienste auf fehmarn,Law & Government - Public Safety
frage kostentragung des heizungs notdienstes,Law & Government - Public Safety
leben und arbeiten leben in lohr hilfe in notlagen bereitschafts und notdienste,Law & Government - Public Safety
mainpost schweinfurt notdienste,Law & Government - Public Safety
region rostock rostock notruf und aerztliche notdienste in rostock am,Law & Government - Public Safety
tdk leistungen service notdienste,Law & Government - Public Safety
themen notdienste westerstede ocholt,Law & Government - Public Safety
threads notdienste azubis regelung,Law & Government - Public Safety
überhöhte kosten für notdienste,Law & Government - Public Safety
wucherpreise bei notdienste,Law & Government - Public Safety
Migration: Bedingungen,Law & Government - Public Safety
öffentliche sicherheit,Law & Government - Public Safety
versammlung öffentliche sicherheit gegendemonstration,Law & Government - Public Safety
artikel boehmermann unter polizeischutz,Law & Government - Public Safety
Böhmermann PolizeiSchutz,Law & Government - Public Safety
cms legaler strassenstrich in koeln prostitution unter polizeischutz,Law & Government - Public Safety
forum feuerwehr fordert polizeischutz,Law & Government - Public Safety
frage ab wann bekommt man polizeischutz,Law & Government - Public Safety
frage kann man als normalbuerger polizeischutz beantragen,Law & Government - Public Safety
frage polizeischutz frage,Law & Government - Public Safety
frage polizeischutz fuer eine diplomtische person,Law & Government - Public Safety
frage vor gericht polizeischutz,Law & Government - Public Safety
frage wie beantrage ich polizeischutz als normal buerger,Law & Government - Public Safety
frage wie weit muss jemand gehen bis man polizeischutz bekommt,Law & Government - Public Safety
geert wilders polizeischutz,Law & Government - Public Safety
id hamburg nach sex attacken steht schule unter polizeischutz,Law & Government - Public Safety
israelische flugzeuge polizeischutz,Law & Government - Public Safety
leben karneval unter polizeischutz,Law & Government - Public Safety
medien premiere mit polizeischutz deutsche zeigen sotschi film in moskau,Law & Government - Public Safety
neu bushido kay one olliwood mit polizeischutz,Law & Government - Public Safety
news ausland todesangst vor dem boesen onkel kims neffe steht unter polizeischutz id,Law & Government - Public Safety
news promi show polizeischutz hoechste sicherheitsstufe fuer jan boehmermann,Law & Government - Public Safety
news schweiz beerdigung unter polizeischutz id,Law & Government - Public Safety
panorama berliner afd parteitag unter starkem polizeischutz,Law & Government - Public Safety
panorama juedisches leben alltag unter polizeischutz,Law & Government - Public Safety
panorama justiz religionskonflikte in indonesien beten unter polizeischutz a,Law & Government - Public Safety
promis michael schumacher polizeischutz fuer michael schumacher,Law & Government - Public Safety
reise fernweh philippinen feriengaeste unter polizeischutz a,Law & Government - Public Safety
schule polizeischutz,Law & Government - Public Safety
selb polizeischutz fur schiedsrichter archives,Law & Government - Public Safety
sport fussball angst vor terror staendiger polizeischutz fuer schweizer nati id,Law & Government - Public Safety
sport fussball krise ralf rangnick unter polizeischutz,Law & Government - Public Safety
sport tennis sania mirza hingis partnerin braucht polizeischutz id,Law & Government - Public Safety
warum erhaelt boehmermann polizeischutz,Law & Government - Public Safety
welt nach sex attacken schule steht unter polizeischutz,Law & Government - Public Safety
wer trägt die kosten für den polizeischutz böhmermann,Law & Government - Public Safety
wie bekomme ich polizeischutz,Law & Government - Public Safety
forum uebersicht forum beitraege thema sicherheit bei der arbeit,Law & Government - Public Safety
„strafverfolgung“ ohne grenzen – aber durchaus grenzwertig,Law & Government - Public Safety
aktive strafverfolgung,Law & Government - Public Safety
Android Cop - Die Zukunft der Strafverfolgung,Law & Government - Public Safety
anzeige strafverfolgung,Law & Government - Public Safety
artikel ankara verlangt strafverfolgung,Law & Government - Public Safety
artikel diestel erbost selektive strafverfolgung,Law & Government - Public Safety
auto service recht verkehr recht strassenverkehr archiv strafverfolgung ausland,Law & Government - Public Safety
boehmermann strafverfolgung n,Law & Government - Public Safety
Bundesregierung ermöglicht Strafverfolgung,Law & Government - Public Safety
deurag Strafverfolgung,Law & Government - Public Safety
dritte Dimensionen der strafverfolgung,Law & Government - Public Safety
entgeht markwalder einer strafverfolgung detail,Law & Government - Public Safety
Entscheidung der Bundesregierung über Strafverfolgung von Böhmermann top,Law & Government - Public Safety
frage darf thailand ausliefern wenn ein deutscher wegen strafverfolgung gesucht wird,Law & Government - Public Safety
frage deep web strafverfolgung,Law & Government - Public Safety
frage doppelte strafverfolgung,Law & Government - Public Safety
frage facebook hacker strafverfolgung,Law & Government - Public Safety
frage ins ausland fahren trotz laufender strafverfolgung,Law & Government - Public Safety
frage knuddels sperre und strafverfolgung,Law & Government - Public Safety
frage omegle bann strafverfolgung,Law & Government - Public Safety
frage schutz vor strafverfolgung durch kirchenasyl,Law & Government - Public Safety
frage strafverfolgung bei geringem drogenbesitz,Law & Government - Public Safety
frage strafverfolgung freispruch entschaedigung was steht mir nun zu,Law & Government - Public Safety
frage strafverfolgung im internet ueber email identitaetsdiebstahl,Law & Government - Public Safety
inland is strafverfolgung,Law & Government - Public Safety
knuddels gesperrt strafverfolgung,Law & Government - Public Safety
m artikel ankara verlangt strafverfolgung,Law & Government - Public Safety
Merkel last strafverfolgung zu,Law & Government - Public Safety
Ob die Strafverfolgung,Law & Government - Public Safety
panorama recht offizielle richtlinien veroeffentlicht so geht apple mit anfragen von strafverfolgung,Law & Government - Public Safety
panorama strafverfolgung in china mann nach jahren verhaftet wegen umarmung,Law & Government - Public Safety
politik ausland nordkorea un fordert strafverfolgung von kim jong un,Law & Government - Public Safety
pressinfo der tagesspiegel bundestags immunitaetsausschuss wehrt sich gegen lammert vorstoss abgeordnete wollen schutz vor strafverfolgung beibehalten,Law & Government - Public Safety
promis oliver kalkofe strafverfolgung im fall boehmermann die reaktionen,Law & Government - Public Safety
strafrecht strafverfolgung verjaehrung und die deutsche staatsangehoerigkeit,Law & Government - Public Safety
strafverfolgung durch Bundesregierung,Law & Government - Public Safety
strafverfolgung falsches alter chat,Law & Government - Public Safety
strafverfolgung gegen beleidigung,Law & Government - Public Safety
synonyme vor strafverfolgung geschützt,Law & Government - Public Safety
threads zeit strafverfolgung behoerden verlangen wieder mehr nutzerdaten von google,Law & Government - Public Safety
title gefahrenabwehr und strafverfolgung im internet oclc,Law & Government - Public Safety
vertrag mit türkei über strafverfolgung,Law & Government - Public Safety
wer erteilt ermächtigung zur strafverfolgung,Law & Government - Public Safety
wer stimmte für die strafverfolgung gegen böhmermann,Law & Government - Public Safety
wird mangels offentlichen interesses an fer strafverfolgung keine folge t te en,Law & Government - Public Safety
finanzkrise thema syrien konflikt leserfragen terrorgefahr in deutschland,Law & Government - Public Safety
nachrichten phoenix unter den linden in zeiten von fluechtlingskrise und terrorgefahr wie soll deutschland reagieren montag april uhr,Law & Government - Public Safety
politik deutschland deutsche vertretungen in der tuerkei wegen terrorgefahr geschlossen a,Law & Government - Public Safety
politik deutschland nach bremen wie gross ist die terrorgefahr in deutschland wirklich,Law & Government - Public Safety
politik deutschland terrorgefahr in deutschland bahnhoefe in berlin und dresden und pegida demonstrationen im visier von islamisten,Law & Government - Public Safety
politik deutschland terrorgefahr in deutschland de maizière verstaerkt polizei praesenz an grossen bahnhoefen,Law & Government - Public Safety
politik deutschland terrorgefahr in deutschland polizisten wird urlaub gestrichen,Law & Government - Public Safety
sport fussball laenderspiel in hannover deutschland gegen niederlande wegen terrorgefahr abgesagt,Law & Government - Public Safety
terrorgefahr deutschland schliesst vertretungen in der de,Law & Government - Public Safety
terrorgefahr in deutschland aktuell,Law & Government - Public Safety
Terrorgefahr Ostern auch in Deutschland,Law & Government - Public Safety
wie hoch wird terrorgefahr in deutschland eingeschätzt?,Law & Government - Public Safety
wo terrorgefahr in deutschland,Law & Government - Public Safety
panorama justiz spur eines verbrechens das dorf der mord und das schweigen a,Law & Government - Public Safety
frage wie sicher sind wir in deutschland,Law & Government - Public Safety
15 stunden regelung bei arbeitslosigkeit,Law & Government - Social Services
aktuell wirtschaft konjunktur milder winter laesst arbeitslosigkeit auf millionen sinken,Law & Government - Social Services
alg index arbeitslosigkeit künstler ksk,Law & Government - Social Services
alg index arbeitslosigkeit nach existenzgründung,Law & Government - Social Services
alg index arbeitslosigkeit schauspieler,Law & Government - Social Services
arbeiten neben der arbeitslosigkeit,Law & Government - Social Services
arbeitnehmer arbeitslosigkeit aenderungen bei hartz iv reform verlangt was kommt jetzt,Law & Government - Social Services
arte arbeitslosigkeit,Law & Government - Social Services
arten der arbeitslosigkeit magisches vireck,Law & Government - Social Services
arten der arbeitslosigkeit wirtschaft und schule,Law & Government - Social Services
bafoeg bei arbeitslosigkeit eltern,Law & Government - Social Services
bafög rückzahlung arbeitslosigkeit,Law & Government - Social Services
bayern hauptschule arbeit wirtschaft technik klasse arbeitsblatt arbeitslosigkeit arten der arbeitslosigkeit,Law & Government - Social Services
bildung karriere arbeit beruf auch bei arbeitslosigkeit droht steuernachzahlung,Law & Government - Social Services
bildung karriere arbeit beruf so nutzen sie die zeit der arbeitslosigkeit sinnvoll,Law & Government - Social Services
forum kummerforum f krankengeld bei arbeitslosigkeit wohngeld t,Law & Government - Social Services
forum macht arbeitslosigkeit wirklich aggressiv,Law & Government - Social Services
frage kann man aus der arbeitslosigkeit heraus hausmann werden,Law & Government - Social Services
frage selbstbehalt bei arbeitslosigkeit,Law & Government - Social Services
frage selbstmordrohung arbeitslosigkeit was soll ich machen,Law & Government - Social Services
frage sonderkuendigungsrecht des mietvertrags bei arbeitslosigkeit,Law & Government - Social Services
frage sorgerecht bei arbeitslosigkeit,Law & Government - Social Services
frage wie deutet ihr diese karikatur arbeitslosigkeit,Law & Government - Social Services
frage wie kann die hohe arbeitslosigkeit bekaempft werden,Law & Government - Social Services
frage wie kann ich bei und sofort kuendigen wegen arbeitslosigkeit,Law & Government - Social Services
Günstigste krankenversicherung bei arbeitslosigkeit,Law & Government - Social Services
Hamburger Modell Arbeitslosigkeit,Law & Government - Social Services
hartz 4 wegen arbeitslosigkeit,Law & Government - Social Services
höhe krankengeld bei arbeitslosigkeit,Law & Government - Social Services
Ich war unmittelbar vor Beginn der Arbeitslosigkeit/Maßnahme pflichtversichert in der gesetzlichen Rentenversicherung,Law & Government - Social Services
kind krank bei arbeitslosigkeit,Law & Government - Social Services
kinder gesetzlich familienversichert Arbeitslosigkeit,Law & Government - Social Services
kindesunterhalt arbeitslosigkeit,Law & Government - Social Services
lexikon strukturelle arbeitslosigkeit,Law & Government - Social Services
lohnsteuer bei arbeitslosigkeit AS,Law & Government - Social Services
lohnsteuerausgleich nach arbeitslosigkeit,Law & Government - Social Services
muss arbeitslosigkeit in den lebenslauf,Law & Government - Social Services
panorama niedrigste februar arbeitslosigkeit in deutschland seit jahren,Law & Government - Social Services
patchwork Familie arbeitslosigkeit,Law & Government - Social Services
pflichten bei arbeitslosigkeit AS,Law & Government - Social Services
pressinfo bewerbungscoach raphael knoche kaempft gegen arbeitslosigkeit,Law & Government - Social Services
private krankenversicherung arbeitslosigkeit,Law & Government - Social Services
regional wirtschaft arbeitslosigkeit im januar deutlich gestiegen;art,Law & Government - Social Services
regionale arbeitslosigkeit,Law & Government - Social Services
Selbstbewußtsein nach Arbeitslosigkeit sub,Law & Government - Social Services
sozialrecht krankengeld bei arbeitslosigkeit,Law & Government - Social Services
sperrzeit arbeitslosigkeit krankenversicherung,Law & Government - Social Services
strukturelle Arbeitslosigkeit,Law & Government - Social Services
studie drogen arbeitslosigkeit,Law & Government - Social Services
technologische arbeitslosigkeit,Law & Government - Social Services
teilzeitarbeit bei arbeitslosigkeit,Law & Government - Social Services
termine für nachmieter bei arbeitslosigkeit,Law & Government - Social Services
thread arbeitslosigkeit als ingenieurabsolvent,Law & Government - Social Services
thread arbeitslosigkeit in der schwangerschaft,Law & Government - Social Services
threads studium in die arbeitslosigkeit,Law & Government - Social Services
umzug in der arbeitslosigkeit,Law & Government - Social Services
Was muss bei drohender Arbeitslosigkeit tun,Law & Government - Social Services
was passiert mit dispo bei arbeitslosigkeit,Law & Government - Social Services
was tun bei plötzlicher arbeitslosigkeit,Law & Government - Social Services
wie hoch ist das einkommen bei einer umschulung während der arbeitslosigkeit,Law & Government - Social Services
wie hoch ist der verdienst bei arbeitslosigkeit,Law & Government - Social Services
Wohnungsgröße bei Arbeitslosigkeit,Law & Government - Social Services
bafög beantragen,Law & Government - Social Services
Bafög beantragen Potsdam Mittelmark,Law & Government - Social Services
geld für klassenfahrt beantragen bei bafög bezug,Law & Government - Social Services
kann ich bafög beantragen wenn ich noch zuhause wohne,Law & Government - Social Services
kann ich mehrmals meister-bafög beantragen,Law & Government - Social Services
kind wohnt bei der mutter kann bafög beantragen,Law & Government - Social Services
muss man bafög neu beantragen bei sitzenbleiben,Law & Government - Social Services
wann muss ich bafög wieder beantragen,Law & Government - Social Services
Was muss man beantragen wenn Bafög nicht ausreicht,Law & Government - Social Services
Wohngeld meister bafög beantragen 2016,Law & Government - Social Services
8 monate gearbeitet bekomme ich arbeitslosengeld 1,Law & Government - Social Services
ab wann bekomme ich kein arbeitslosengeld,Law & Government - Social Services
alg index was bekomme ich nach arbeitslosengeld i,Law & Government - Social Services
arbeitslos mit 62 bekomme ich arbeitslosengeld,Law & Government - Social Services
arbeitslosengeld wieviel bekomme ich,Law & Government - Social Services
bei welcher kündigung bekomme ich kein arbeitslosengeld,Law & Government - Social Services
bekomme arbeitslosengeld wieviel kann ich dazu verdienen,Law & Government - Social Services
bekomme ich arbeitslosengeld 2 wenn ich selbstständig bin,Law & Government - Social Services
bin 57 wie lange bekomme ich arbeitslosengeld,Law & Government - Social Services
bin ich krankenversichert wenn ich kein arbeitslosengeld bekomme,Law & Government - Social Services
darf ich eine ausbildung machen wenn ich arbeitslosengeld bekomme,Law & Government - Social Services
erwerbsunfähigkeitsrente wie lange bekomme ich arbeitslosengeld,Law & Government - Social Services
frage arbeitslosengeld oder krankengeld wo bekomme ich mehr geld,Law & Government - Social Services
frage gewerbe abgemeldet bekomme ich jetzt arbeitslosengeld,Law & Government - Social Services
frage halli hallo so ich habe eine frage und zwar bekomme ich arbeitslosengeld und heute sah ich das mein geld immer noch nicht gekommen ist weis einer waru,Law & Government - Social Services
frage kann ich als student arbeitslosengeld bekommen,Law & Government - Social Services
frage kann ich arbeitslosengeld bekommen wenn ich nach jobs in amerika suche,Law & Government - Social Services
frage kann ich bafoeg und arbeitslosengeld gleichzeitig bekommen,Law & Government - Social Services
frage kann ich wohngeld beantragen wenn ich arbeitslosengeld bekomme,Law & Government - Social Services
frage wenn ich arbeitslosengeld bekomme darf ich da dazu verdienen,Law & Government - Social Services
frage wenn ich einen aufhebungsvertrag unterschreibe bekomme ich dann nicht sofort arbeitslosengeld,Law & Government - Social Services
frage wenn ich in der letzten firma nur monate gearbeitet habe bekomme ich dann arbeitslosengeld,Law & Government - Social Services
frage wichtig waehrend der probezeit gekuendigt habe keine wohnung bekomme ich arbeitslosengeld,Law & Government - Social Services
frage wie lange bekomme ich arbeitslosengeld,Law & Government - Social Services
frage wie lange dauert es bis ich arbeitslosengeld bekomme und meine miete bezahlt wird,Law & Government - Social Services
frage wie lange muss ich arbeiten um arbeitslosengeld zu bekommen,Law & Government - Social Services
fristlose kündigung durch arbeitgeber bekomme ich arbeitslosengeld,Law & Government - Social Services
Habe gekündigt und wurde innerhalb probezeit gekündigt bekomme ich arbeitslosengeld,Law & Government - Social Services
habe meine Arbeit gewechselt es war vorher ein unbefristeter und jetzt ist es ein befristeter bekomme ich da Arbeitslosengeld,Law & Government - Social Services
Ich bekomme 870€ Arbeitslosengeld I was kann ich noch beantragen,Law & Government - Social Services
ich bekomme arbeitslosengeld 2 und bin schwanger darf ich bei caritas und awo hilfe bekommen,Law & Government - Social Services
ich bekomme kein Arbeitslosengeld 1 und kein Hartz 4 Was ist zu tun,Law & Government - Social Services
ich bin 54 wielange bekomme ich arbeitslosengeld,Law & Government - Social Services
kündigung freistellung wie lange bekomme ich kein Arbeitslosengeld,Law & Government - Social Services
mit 60 jahren gekündikt mit abfindung bekomme ich dann arbeitslosengeld,Law & Government - Social Services
Muss ich Einkommensteuer abgeben wenn ich teil des Jahres Arbeitslosengeld bekommen habe,Law & Government - Social Services
muss ich Nebentätigkeit bei aa anmelden wenn ich arbeitslosengeld bekomme,Law & Government - Social Services
muss ich steuererklärung abgeben nachdem ich arbeitslosengeld bekommen habe,Law & Government - Social Services
nach 18 Monaten Krankengeld bekomme ich Arbeitslosengeld,Law & Government - Social Services
schwanger bekomme ich arbeitslosengeld,Law & Government - Social Services
sperrzeit arbeitslosengeld 1 bekomme ich Kindergeld,Law & Government - Social Services
sub wie lange bekomme ich arbeitslosengeld mit 62 jahren,Law & Government - Social Services
verdiene 650 00 seit 9 jahre wieviel arbeitslosengeld bekomme ich,Law & Government - Social Services
verheiratet bekomme ich arbeitslosengeld,Law & Government - Social Services
wann bekomme ich 24 monate arbeitslosengeld,Law & Government - Social Services
was bekomme ich nach Arbeitslosengeld,Law & Government - Social Services
wie lang muss ich arbeiten um arbeitslosengeld zu bekommen,Law & Government - Social Services
wie lange bekomme ich arbeitslosengeld 1 mit 60 jahren,Law & Government - Social Services
berlin klinik radiologie maria heimsuchung caritas klinik pankow kontakt,Law & Government - Social Services
Caritas Berlin Aufsichtsratsvorsitzender Herr Fischer,Law & Government - Social Services
caritas berlin erstausstattung wohnung,Law & Government - Social Services
caritas berlin spandau für schwangere,Law & Government - Social Services
caritas kleiderkammer berlin,Law & Government - Social Services
erfahrungsberichte berlin caritas klinik pankow,Law & Government - Social Services
nachrichten santander unterstuetzt fluechtlingsarbeit von berliner caritas und maltesern,Law & Government - Social Services
seniorenheim berlin caritas altenhilfe ggmbh m,Law & Government - Social Services
verdienst erzieher caritas berlin,Law & Government - Social Services
berechnung einstiegsgeld,Law & Government - Social Services
Einstiegsgeld,Law & Government - Social Services
frage ablehnung einstiegsgeld,Law & Government - Social Services
frage einstiegsgeld bei arbeitsaufnahme,Law & Government - Social Services
frage einstiegsgeld bei neuem job,Law & Government - Social Services
frage kann in diesem fall einstiegsgeld gewaehrt werden,Law & Government - Social Services
frage rueckzahlung einstiegsgeld,Law & Government - Social Services
frage wie bekomm ich einstiegsgeld,Law & Government - Social Services
hartz 4 arbeitsaufnahme einstiegsgeld,Law & Government - Social Services
hartz einstiegsgeld existenzgruendung zuschuss,Law & Government - Social Services
hartz ratgeber einstiegsgeld bei hartz iv,Law & Government - Social Services
job center verweigert einstiegsgeld,Law & Government - Social Services
kann man 10.000€ einstiegsgeld bekommen,Law & Government - Social Services
redaktion einstiegsgeld fuer hartz iv empfaenger,Law & Government - Social Services
wann wird einstiegsgeld gezahlt,Law & Government - Social Services
wie hoch ist Einstiegsgeld,Law & Government - Social Services
eltergeld fur vater beantragen nach 1 jahr,Law & Government - Social Services
müssen beide elternteile eltergeld beantragen,Law & Government - Social Services
frage ausbildung abgebrochen und trozdem kindergeld beziehen,Law & Government - Social Services
frage kann ich mein kindergeld beziehen,Law & Government - Social Services
frage kindergeld beziehen trotz teilzeitarbeit,Law & Government - Social Services
kann ein kind kindergeld beziehen,Law & Government - Social Services
kann ich kindergeld im ausland beziehen?,Law & Government - Social Services
kindergeld über bundeswehr beziehen,Law & Government - Social Services
Wann kann ein Kind selbst Kindergeld beziehen,Law & Government - Social Services
kinderzuschlag für geringverdiener,Law & Government - Social Services
65 rente beantragen,Law & Government - Social Services
ab wann kann ich rente beantragen,Law & Government - Social Services
als selbständiger rente beantragen,Law & Government - Social Services
Arbeitslos MIT 59 Rente Beantragen,Law & Government - Social Services
bu rente beantragen arbeitslos,Law & Government - Social Services
darf man mich zwingen rente zu beantragen,Law & Government - Social Services
Erfahrungen rente mit morbus crohn beantragen,Law & Government - Social Services
eu rente beantragen voraussetzungen,Law & Government - Social Services
ewann muss ich meine rente beantragen,Law & Government - Social Services
frage kann ich ein zweites mal eu rente beantragen,Law & Government - Social Services
frage wann erwerbsminderungs rente beantragen,Law & Government - Social Services
frage wie hoch kann ich meine bu rente beantragen,Law & Government - Social Services
frage wie vorzeitig rente beantragen,Law & Government - Social Services
früh rente beantragen formular,Law & Government - Social Services
geringe rente was kann ich beantragen,Law & Government - Social Services
nach herzinfarkt rente beantragen,Law & Government - Social Services
schwerbehinderung rente beantragen,Law & Government - Social Services
wie kann man mit 6 kinder rente beantragen,Law & Government - Social Services
wie lange im voraus Rente beantragen,Law & Government - Social Services
sozialfürsorge ddr,Law & Government - Social Services
synonyme sozialfürsorge,Law & Government - Social Services
wieviel rente werde ich bekommen habe 40 jahre gearbeitet top,Law & Government - Social Services
ab welchem Gehalt kann man in Leipzig Wohngeld beantragen,Law & Government - Social Services
als Student Wohngeld beantragen,Law & Government - Social Services
archiv forum th koennen wir wohngeld beantragen,Law & Government - Social Services
bin uch verpflichtet wohngeld zu beantragen,Law & Government - Social Services
braunschweig wohngeld beantragen,Law & Government - Social Services
darf ein soldat wohngeld beantragen,Law & Government - Social Services
darf man bei Insolvenz Wohngeld beantragen,Law & Government - Social Services
frage ab wann kann ich alg oder wohngeld beantragen,Law & Government - Social Services
frage alg zu wenig alg oder wohngeld beantragen,Law & Government - Social Services
frage kann ich als schuelerin wohngeld beantragen und bafoeg erhalten,Law & Government - Social Services
frage teilzeitstelle und wohngeld beantragen,Law & Government - Social Services
frage vorher hartz und nach umzug soll ich wohngeld beantragen,Law & Government - Social Services
frage wo kann man wohngeld beantragen,Law & Government - Social Services
kann ich bei einer teilzeit stelle wohngeld beantragen,Law & Government - Social Services
mit 17 wohngeld beantragen,Law & Government - Social Services
thread wohngeld trotz eignem haus beantragen,Law & Government - Social Services
wann wohngeld beantragen elternzeit,Law & Government - Social Services
wenn ich arbeitslos bin kann ich da wohngeld beantragen,Law & Government - Social Services
wohngeld abgelehnt neu beantragen,Law & Government - Social Services
wohngeld beantragen berufstätige,Law & Government - Social Services
