Aber ich weiß nicht was ich machen kann	de
aktuell mit diesen fuenf tipps wird der campingurlaub nicht zum alptraum	de
anfaenger der richtige laufschuh tipps zum laufschuhkauf	de
Apple ID wird von fremden Gerät benutzt	de
archiv forum th abflussrohr verstopft darf der vermieter uns das in rechung stellen	de
archiv forum th auto privat verkaufen wie stelle ich sicher dass ich kein falschgeld bekomme	de
archiv forum th wissenschaftl ma an der uni wer kennt sich aus	de
ausfall der elektronik beim Auto während der Fahrt sub	de
ausgefüllte zellen können nicht über das blatt hinaus verschoben	de
baby babyentwicklung verhüten der stillzeit	de
baby zähne wann	de
Babydecke häkeln Diamant	de
baden an den küsten der normandie	de
balancetraining aus sicht der sportwissenschaften	de
bargstedt schleswig holstein anhaenger achs anhaenger zu verkaufen recordid,ecf expose	de
bekomme ich witwenrente bei gütertrennung	de
benzinpreis in der nähe	de
berlin er sucht ihn biete jungen burschen bis jahre nicht nur unterhaltung absindex, categoryid, page, rview,list recordid,fa expose	de
Blasen an den Füßen	de
blätterteig pralinen mit lachscreme	de
bochum fetisch erotik goettin sucht absindex, categoryid, keywords,füße rview,list radius, recordid,adf sorting, date expose	de
bosch werksverkauf	de
chefkoch milchreis mit Erdbeersoße	de
content sport fussball specials ,,die besten sprüche von zlatan ibrahimovic "ich bin der größte hinter ali",content	de
content unterhaltung musik musik news ,,der rapper über seine neue platte und das kickboxen kontra k: "der knast war für mich keine option",content	de
das geschäft mit den flüchtlingen	de
das hält ein jahr	de
das ist nicht nötig	de
das vermächtnis der wanderhure	de
Das Vermächtnis des geheimen Buches	de
de haustierliste	de
delonghi gasheizgerät	de
Der Aufbau der geschichtlichen Welt in den Geisteswissenschaften	de
details behaviorismus eine naturwissenschaftliche definition der psychologie	de
details mit diesem trick die verwaltungskosten auf den mieter umlegen	de
Die anderen aus der mannschaft größeren penia	de
die beliebtesten haustiere im familiencheck	de
die glücklichen jahre der torvalds 1962	de
Die Körperlotion mit weißen Lotus und Reismilch spendet der Haut täglich Feuchtigkeit und hinterlässt einen leichten samtigen Duft.	de
Diesbezüglich können wir uns später verständigen	de
du bist groß du bist groß	de
duesseldorfer tabelle ab leitlinie fuer den kindesunterhalt	de
düngen mit düngestäbchen	de
Durch einen Mausklick in eine Zelle der Spaltenüberschrift können Sie die Liste jederzeit nach der angeklickten Spalte sortieren.	de
Ebola - Anschlag auf den Präsidenten	de
einbruchschutz im urlaub polizei warnt vor neuer masche id index	de
einkünfte aus privaten veräußerungsgeschäften	de
eintopf rezepte eintopf mit gefluegel	de
entsäuerung des körpers	de
esel zwergesel zu verkaufen absindex, categoryid, rview,list radius, recordid,d expose	de
excel datum automatisch ausfüllen	de
faltenbrot mit kräuterbutter	de
familie und urlaub familienleben kinderliebe hunderassen	de
farbgetaltung großer Räume mit treppe	de
federweißer saison OS	de
flugportal rund um den flug flug mit haustieren	de
frage alg nur wie zahle ich die wohnungsmiete und das geld reicht mir nicht aus hilfe	de
frage als haustier wuensch ich mir ein stein	de
frage betriebsstrom berechnen fuer den mieter	de
frage darf ein vermieter das wohnungsschloss bei fristloser kuendigung auswechseln	de
frage denkt ihr dass ein ernaehrungswissenschaften studium anspruchsvoll ist	de
frage fallout suche den wissenschaftler der das gesicht veraendern kann wo ist er	de
frage gibt es eine altersbegrenzung ab wann ein vater sein kind alleine sehen darf	de
frage haustierfotos mit handgeschriebenen zetteln vor ihnen	de
frage ist ein rechtswissenschaften studium das gleiche wie ein jurastudium	de
frage kulturwissenschaften studium fragen	de
frage muss ich beim autoverkauf dem neuen besitzer sagen dass die hinteren bremsen erneuert werden muessen	de
frage muss ich den neger in kinderbuechern umschreiben	de
frage was ist der warenwert mit oder ohne steuer schulfach bwr	de
frage welches haustier nehmen ich kann mich einfach nicht entscheiden	de
frage whatsapp sim freischaltung nach stunden noch immer keine nachricht und kein netz hilfe	de
frage wie kan ich meinen vater davon ueberzeugen das ich ein haustier moechte	de
fuß dick schmerzen beim laufen	de
gangkofen haflinger toller haflinger zu verkaufen absindex, categoryid, maxprice, minprice, rview,list radius, recordid,ebb expose	de
gartenforum gartenarbeit duenger giftig fuer haustiere was muss ich beachten	de
gebrauchtwagen ratgeber autokauf rabatt bei barzahlung aushandeln so gelingt s	de
geisteswissenschaften studium karrieretipps statt taxifahren	de
geld sparen verbraucherrecht was passiert mit haustieren bei einer scheidung	de
gemälde mit sonnenblumen	de
gerichte mit hähnchenbrustfilet	de
geschwollene füße mit blutergus	de
gesundheit sport und gesundheit seilspringen das richtige springseil kaufen	de
goldkauf auf was achten gold tipps	de
habt ihr erfahrung mit verkauf bei kaufhaus könig n	de
herstellernews tc unterhaltungselektronik startet verkauf der fernsehfee	de
Ich Bin Immer für dich da!	de
Ich habe die Buchhaltung gebeten, den Betrag heute nochmals zu überweisen.	de
Ich habe zwischenzeitlich noch versucht den Liefertermin für den Datalogger zu verkürzen.	de
ich kämpfe niemals wieder	de
ich soll dir herzliche grüße bestellen	de
immobilien der mieter laesst seine wohnung verkommen sie duerfen fristlos kuendigen	de
ist das studium für erziehungswissenschaften shwer	de
juckende bläschen den fingerseiten	de
kaese rezepte mit parmesan	de
kaninchen in der nähe kaufen	de
kann der meniskus wieder reißen	de
kartoffeln die besten rezepte mit kartoffeln	de
kohlrabi mit weißer soße	de
komisches geräusch der klimaanlage	de
Können Sie das bitte überprüfen?	de
kopfschmerzen mit übelkeit in der schwangerschaft	de
kuchen mit eierlikör zwetschken	de
kühlflüssigkeit läuft in fußraum bei opel vectra	de
kündigung wohnung untermieter zieht nicht aus	de
kurzurlaub de test	de
landkreis rhein kreis neuss sie sucht ihn vor meinem urlaub ab uhr kaarst absindex, categoryid, rview,list recordid,da expose	de
life tipp haustier eier graupapagei message	de
lifestyle unterhaltung maleficent die unerzaehlte geschichte aus dornroeschen video a	de
lkivin großkreuz hatte der transfaehr geklappt	de
lohn gehalt so berechnen sie den urlaubsanspruch ihrer aushilfen	de
löschen der schufadaten	de
maden und fleischfliegen in der küche	de
magisches sechseck erklärung	de
maut mit anhänger	de
mein bildschirm wird schwarz wenn ich das netzteil anschließe n	de
mieter ist gestorben wann darf die wohnung geräumt werden	de
mit rasenmäher über stein gefahren	de
model aus thüringen	de
motorradhelme ratgeber kaufen der neue shark helm	de
motorradreise reise spezial die perfekte planung fuer den motorradurlaub	de
muenchen wgs und untermiete studentin auf der wohnungssuche absindex, keywords,wg zimmer rview,list recordid,bdea expose	de
nachrichten kuka aktie koennte im naechsten jahr dreistellig notieren schoene kaufgelegenheit aktienanalyse	de
nachrichten syngenta aktie steigt chemiekonzern will aktionaere mit verkaufserloesen besaenftigen	de
nachts immer käfer in der wohnung	de
nährwert zwiebel	de
news siemens praesentiert digitale unterhaltung ohne grenzen mit dem gigaset ms	de
nudeln mit thunfischsoße	de
pelzankauf de test	de
polizei nägelkauen	de
press olivo haustierproduktfirma investieren den olivo behaltern	de
produkte mit salicylsäure	de
ratgeber auto autokauf id gebrauchtwagen kaufen wann und wie wird sicher gezahlt	de
ratgeber finanzen recht steuern id miete nicht gezahlt darf der vermieter kuendigen	de
ratgeber finanzen recht steuern id wie wird der urlaub durch das arbeitsrecht geregelt	de
räucher rippe braten	de
recht arbeitsrecht bekomme ich sonderurlaub im todesfall	de
rezept avocado tomaten nudeln	de
rezept haehnchen aus dem paeckchen	de
rezept iberico schweineschulter mit espresso szechuanpfeffer salz	de
rezept mit harzer käse	de
rezepte warenkunde y	de
robert schumann strasse köln	de
salbe mit acetylsalicylsäure	de
schellfisch mit senfsoße	de
schläge mit den Gürtel	de
schmink und schmuckaufbewahrung aus coladosen a	de
schwimmen schädlich bei eisprung	de
seemann lass das träumen	de
selbstgemachte tomatensoße mit frischen tomaten	de
soße mit röstzwiebeln	de
sprüche mit bohren	de
spülmaschine geht plötzlich aus	de
städtereisen berlin mit flug	de
stechen an der linken schläfe	de
stricken mit neuem knäuel	de
studium abschlussarbeit literaturwissenschaften	de
studium studiengaenge geisteswissenschaften sprach und literaturwissenschaft	de
taschen für mädschen	de
thread muss ich aktien mit verlust verkaufen wenn ich arbeitslos werde	de
threads haus wird verkauft kuendigungsfrist	de
threads kann ich dem mieter das wasser abstellen lassen wenn er seine nebenkosten nicht zahlt	de
übertragungsfunktion des offenen Regelkreises	de
übungen mit körpergewicht	de
Umso höher ich den Kühlschrank stelle bildet sich hinten Eis	de
und ich denk mir, es wär so schön	de
unkraut mit heißem wasser vernichten	de
unterhaltung motorsport formel rennstrecken circuit de nevers	de
unterhaltung musik id tid rl lightbox sid si die boybands der er jahre	de
unterhaltung stars id tid rl single lightbox poid karl lagerfeld die besten sprueche zum vermutlich geburtstag	de
unterhaltung tv id tid rl lightbox sid si jahre musikantenstadl	de
unterhaltungselektronik mailbox abhoeren wie mach ich das	de
Vater des toten jungen wollte neue Zähne	de
vegetarischerezepte bratlinge	de
Vom Wesen des Musikalischen Texte aus der Geisteswissenschaft Rudolf Steiners	de
wände mit pvc kleben	de
wann mit kinderwunsch abschließen	de
wann wird gepfändet	de
waren mueritz sie sucht ihn sie sucht ihn wenn du gut bezahlst absindex, categoryid, rview,list radius, recordid,cba resultsperpage, expose	de
warum läuft wasser aus dem trockner	de
was darf ich mit Führerschein von 1984 fahren	de
was hilft bei rheuma in den händen	de
was kann ich von einer Mietkaution abziehen als vermieter	de
was kostet der haustier chip	de
was tun wenn aus der vagina flüssigkeit austretet	de
was tun wenn man einen bären sieht	de
was verträgt sich mit skalaren	de
wasseransammlung in den beinen und füßen	de
weihnachten weihnachten rezepte mit lamm	de
weitere hardware aus schalter kabel fuer den rechner	de
welche unterlagen bekomme ich bei kündigung	de
welcher gründünger ist der effektivste	de
weltkarte mit größten städten	de
wenn der bh krank macht gesundheitsrisiken tipps bh kauf	de
wenn die miete von der Agentur für Arbeit bezahlt wird geht das gekd auf das Konto des Vermieters	de
wenn ich für 5000euro lotto spiele gewinne ich was?	de
Werden die geplanten Prüfungen an den Produkten und Überwachungen der Prozesse, durchgeführt?	de
wichtige ueberlegungungen vor der anschaffung von haustieren	de
wie kann ich Klamotten fotografieren damit sie Schön aussehen	de
wie sieht ein tyoischer woxheneinkauf aus	de
wildau bei königs wusterhausen lieferservice nam anh	de
wir ja auch du bist ein kind des holocaust	de
wird Vermieter von privatinsolvenz informiert	de
wissenschaft psychologie intelligenzstoerungen aus der sicht der psychologie	de
wo bekomme ich eine patientenverfügung	de
womit bekämpfe ich spinnen	de
zäpfchen wann wirkt es	de
zwetschgen auflauf mit brötchen	de
zwetschgen die besten rezepte mit zwetschgen	de
Avis de Décès Télégramme. Brest	fr
1 française qui aime les insultes	fr
a idées de prénoms médiévaux pour garçons	fr
à l'insu	fr
a le développement de votre tout petit de mois	fr
a les aliments solides chez le tout petit de à mois	fr
a les repas de bébé à partir de sept mois	fr
achat appartement classique pieces aurillac	fr
achat bien ancien villeneuve les avignon	fr
achat maison marsanne	fr
achat nourriture versel laga beo complet	fr
actualite automobile mandataires un achat sans risques	fr
aimant de levage capacité 400kg diamètre 15cm	fr
aménagement et finition du bâtiment	fr
ancêtre de romulus en 4 lettres	fr
arrêt maladie congé payé posé	fr
arrêté et décret présidentiel	fr
article non classe ce pere de famille a su expliquer brillamment a son fils que les coups de colere pouvaient engendrer des maux incurables	fr
Assistante contrôleur de gestion	fr
assurance qui remboursé les réparations de dégât des eaux	fr
baise entre frere et soeur sexe en famille	fr
Bioanalyses et Contrôles	fr
c lecture poemes pour enfants les poesies des membres de jedessine la nature le coquillage	fr
cadre de santé emploi cadre de santé	fr
cahier d'exercices français 6ème jardin des lettres	fr
cahier de français 2de	fr
cahier de français 2nde élève	fr
calculez vos frais de notaires achat bien immobilier validation	fr
camping de l'île aux cygnes bourget du lac	fr
camping le suroît île de re	fr
cap pâtisserie en 1 an aisne	fr
carnet de santé	fr
ces choses qui refroidissent le plus les hommes au lit nggallery image éteindre toutes les lumières	fr
cette française ke drague en parlant et en lexitent puis baise	fr
chambres d'hôtes de charme bretagne	fr
chargé de clientèle h/f	fr
chef de prière	fr
Chef De Produit Junior santé	fr
chevalière femme	fr
cisaille le plastique, le cuir, les tôles fines, le cartonnage	fr
combien frais de notaire pour achat maison	fr
coment direje en francais un gorgé ou une gorgé	fr
comment empecher sur un ordinateur mac book pro d 'afficher le changement de nom d'hôte	fr
comment voir que ce nedt pas une contrefaçon boucleur ghd	fr
confiture de pêche	fr
conforama chalon voir les prix pour un lit de 190 cm et de 90 et modéle lits	fr
conseil départemental corrèze	fr
constaté lors de l'autocontrôle	fr
content quest ce que vous pensez du naturisme en famille	fr
côte d'ivoire epreuves du BEPC	fr
cotes darmor plemet l outil en main des ateliers pour les enfants	fr
cout de creation d' un règlement de copropriété	fr
Créateur de décors de théâtre	fr
creer une chambre d hote à lille	fr
crime et châtiment livre de poche 2008	fr
cuisine et gastronomie reunion recettes corned beef boeuf creole	fr
cuisiner le pâtisson recettes	fr
dans cette migration ou sont les femmes et les enfants la question que les medias ne posent pas	fr
date d'entrée pour les eleves à l'école hôtelière de perpignan	fr
définition en fonction de	fr
des familles martiniquaises bloquees a miami a cause de la tempete erika	fr
designation d'un avocat de l'enfant par le bâtonnier	fr
dessins sur le thème de l'école	fr
diarrhée perte de sang	fr
dictionnaire des rêves	fr
dictionnaires francais célébrer synonyme	fr
dictionnaires francais enjôler synonyme	fr
dictionnaires francais être déçu synonyme	fr
dictionnaires francais hélicoïdal hélicoïdale hélicoïdaux synonyme	fr
dictionnaires francais impétueux impétueuse synonyme	fr
dictionnaires francais marâtre synonyme	fr
dictionnaires francais mélancolique synonyme	fr
dictionnaires francais pathétique synonyme	fr
différents type de parquets	fr
Diplôme d'Etat d'éducateur de jeunes enfants	fr
documents à remettre à un salarié après un licenciement - doivent être envoyés ou donnés en mains propres?	fr
doit-on accepter le siège social des associations en mairie	fr
donner une gifle à un enfant	fr
emission les ch tis vs les marseillais la revanche videos entre sa femme et sa famille paga va devoir choisir	fr
encyclopedie images lhôtel dieu au moyen âge	fr
encyclopedie oeuvre épîtres du nouveau testament	fr
encyclopedie personnage jheronimus van aken ou aeken dit jheronimus en français jérôme bosch	fr
enfant atteinte d anemie cette fillette de ans fait de la zumba comme une pro art	fr
équipement en strcutures pour personnes âgées département des landes	fr
être sous le vent	fr
evaluation du risque suicidaire par medecin en établissment de santé	fr
excès de gamma glutamyl transférase	fr
exemple tableaux de bord contrôle de gestion	fr
Exo Eclat reçois l'adoration paroles et tradiction	fr
expulsion pour le occupant du futur lycée de Saint Laurent du maroni	fr
faire disparaître bouton de fièvre	fr
faut til desactiver lairbag cote passer pâssager pour mettre un siege bebe	fr
femme française suce	fr
filtre à eau pour machine à café delonghi	fr
forcer a payer une facture de santé aux usa	fr
fr flights frompuj tode vols pas chers à partir de punta cana pour aller à allemagne	fr
fr unlockunit com unlockscope com t comment débloquer lg l double par code de déverrouillage à travailler avec n importe quel gsm réseau	fr
fr webcam coutevroult a péage de coutrevoult reims seine et marne île de france france	fr
française. avec. chatte. poilue	fr
gâteau au fromage blanc et amour rembourse	fr
glaçade pour gateau se vent-elle toute prête	fr
habits à emporter en slovénie septembre	fr
histoire à imprimer de chenille	fr
historique taux intérêt caisse des depots	fr
hôpital de nancy brabois medecincardiologue	fr
Hôte De Caisse	fr
hôtel de maynier d'oppède	fr
hôtel normandy deauville promo	fr
huile essentielle d'eucalyptus à partir de quel âge	fr
humour ces parents ont installe une camera dans la chambre de leurs enfants ils ont filme un truc totalement incroyable art	fr
île bagaud et les rats	fr
importateurs français de soja	fr
insecticide nids de guêpes et frelons raid johnson n	fr
je recherche un studio meublé à louer à saint maxi	fr
jusqua e par mois pour un couple de gens du voyage avec trois enfants sans travailler	fr
l'amour est dans le pré 2015	fr
l'intitulé du diplôme obtenu	fr
La santé des femmes, nouvelle priorité en Côte d'Ivoire	fr
le château de ma mère	fr
Le maître du jeu	fr
le monde appartient à ceux qui se lèvent tôt	fr
lecher la chatte d une vierge française	fr
les bienfaits du pollen pour la santé	fr
les différentes spécialité du genie arm	fr
les enfants du peche	fr
les Français de Marbella	fr
les hommes préfèrent les minces	fr
les marseillais à cancun	fr
lettre de motivation générale	fr
logiciels windows loisir famille vie pratique telecharger emploi du temps scolaire	fr
longévité en france	fr
ma classe de A à Z	fr
maison à vendre sanary	fr
maison montmorency à louer	fr
mere de famille salope je demande de laide a mon voisin vicieux	fr
modele de ferme pour deco crèche à imprimer	fr
mots commençant par sou	fr
news conseils de maman à suivre (absolument)	fr
nf ts cabane en bois pour enfant~jeux d exterieur,	fr
nice à la dérive grégoire puel se réengage pour une saison	fr
Nom des départements français envahis en 1915	fr
Nuits paraît-il Live	fr
ou apparait le salaire d'un commerçant dans le bilan	fr
paces, après le bac, université, études de santé, santé	fr
parcours de santé salleboeuf	fr
pâte au thon et a la crème	fr
petite fermière	fr
pièce de tracteur agricole	fr
pièces à fournir carte jeune	fr
poêlée de courgettes	fr
portant modification de l’organisation générale des services de la Haute Autorité de santé	fr
potage de tomates fraîches	fr
pour quelle construction faut il un permis de bâtir au cameroun	fr
prix du fiul ordinaire ce jour et tendance pour les jours à venir	fr
Prix et tarifs des taxis à Londres ?	fr
prix petite glacière	fr
problème d'évacuation d'eau évier et machine à lav	fr
produit abîmé amazon	fr
professeur / professeure de collège et de lycée	fr
prothèse de hanche	fr
que prendre pour le mal être de la menopause	fr
Quel est l'âge pour le départ en retraite ?	fr
quelle est l'origine du nom de Camblain-Châtelain	fr
qui sont les français incarcérés au maroc	fr
recette gâteau avec poire	fr
recette légère et pas cher	fr
recette par type petit dejeuner	fr
recette rôti de porc cocotte	fr
recherche de chaînes tv	fr
recherche maison achat montbrun les bains	fr
réferenciel de santé	fr
règlement intérieur du CE	fr
remboursement nuit hôtel	fr
rêve de miel	fr
Robert de Montesquiou ou l'art de paraître	fr
rôti de porc moutarde	fr
salle des fête brignancourt	fr
salle des fêtes wailly	fr
santé sécurité au travail	fr
santée voir des petites mouches noires	fr
sauce mascarpone pâtes recettes de cuisine	fr
scénarios à lire en ligne	fr
sense du prénom soumaya	fr
serie en famille photos en famille les photos du tournage de la saison photo	fr
siège de bureau IMAX - Autorégulé synchrone - MODE EMPLOI	fr
stage théâtre sur les animaux	fr
sujet comment payer se faire payer lors d une vente a distance achat vente sur internet	fr
Survêtements de présentations	fr
téléviseur avec tnt intégrée avec programme des chaînes	fr
têtes de lit conforama en 90cm	fr
thread brèves et autres petits mots	fr
thread feuille à envoyer pour les mois	fr
thread pouvez vous décrire vos douleurs au ventre en début de grossesse	fr
threads astuce amortir les dégâts de chute la fin des sauts du lit douloureux	fr
threads durée des décoctions et intoxication	fr
threads liste complète toutes les cartes et jeux de gwynt	fr
tissu basque au mètre pas cher	fr
toutes les fréquences des chaînes de télé françaises	fr
toutes les recettes aperitifs radis au fromage frais et cacahuetes	fr
une famille en or arnaud tsamere et tmc au plus bas a heures	fr
Une forêt d'arbres creux	fr
Vendeuse de vêtements	fr
Ventes immobilières autour de pont a marcq	fr
vétements et accessoire: modèles à partir de bâches	fr
vf recettes legumes et cereales spaghetti de courgettes en salade recette	fr
vf recettes pains et brioches crumpets au levain naturel recette	fr
vidéo sex dans des lieux insolites en français	fr
vidéos jeunes ados garçons à l'extérieur	fr
articles people are spraying their clothes with cheap vodka for an amazing reason	en
adverts list horses and ponies	en
all albums	en
android marshmallow missing dark theme	en
Angiogram	en
answers can doxepin be added to fluoxetine as a sleep aid	en
apple breakfast sausage	en
articles apps keep you happy fit and healthy	en
articles maria sharapova quit boyfriend grigor dimitrov grand slam brisbane international	en
articles stars of the big bang theory top s highest paid tv actors list	en
articles ten facts you probably didnt know about the late great robin williams	en
arts entertainment comedy news edinburgh fringe the best comedy shows to book now	en
baby to months development months your baby at months	en
barefoot contessa recipes blondies	en
beauty from around the globe	en
before after a breakfast nooks gets a bold blue look under professional project	en
best chili cheese frito pie	en
best digital cameras	en
bittersweet chocolate peanut butter sauce	en
black sails	en
blog easy ukulele songs	en
bmw motability price	en
boy brings home made clock into school and is arrested for bringing a hoax bomb	en
burning fat with weight training	en
buy subscriptions	en
buytickets terms aspx	en
category soup	en
category vegetarian dish	en
celebrity celebrity galleries leonardo dicaprio girlfriends dating	en
celebrity news caitlyn jenner manslaughter charge	en
celebrity news stevie ritchie chloe jasmine wedding plans	en
cheerleaders who failed so hard they won	en
chocolate layer cake with creamy peanut butter frosting	en
coconut bacon	en
computing print pdf windows	en
cool stuff scientists confirm what we already secretly new octopuses are actually aliens	en
corporate communications	en
creamy chicken wild rice soup slow cooker	en
creamy dreamy zucchini pasta	en
does anyone know that bastard as an actors shit hot	en
dog missing for weeks after falling into poudre river found alive	en
dr sebi the man who cures aids cancer diabetes and more	en
driver rescued car crashes home newhall story detail story	en
driving bus through a very narrow scary tunnel you will need nerves of steel years of experience to do this	en
easy creamy fluffy homemade cream cheese frosting	en
easy ways to snack on avocados	en
eggless blueberry muffins how to make eggless blueberry muffins best blueberry muffin recipe	en
eggless orange poppy seed bundt cake recipe	en
en gb billy sharp reacts on twitter to rickie lamberts dream west brom	en
en gb photo lionel messi and neymar back in barcelona training	en
en gb report explains how massimo cellino plans to deal with pearsons	en
entertainment and more sunny leone steamy condom ad uncensored know why this video is making news	en
entertainment films the greatest movies of the s	en
entertainment news sandra bullock hopeful for tomorrow	en
entertainment tv radio last tango in halifax series anne reid derek jacobi sarah lancashire sally wainwright	en
family marriage equipment for long lasting relationship	en
family marriage men talk who should you believe	en
fifty shades darker christian grey perspective e l james confirms	en
film news cara delevingne awkward interview watch	en
fitness khloe kardashian feels fat after weight loss	en
foods to avoid if you want to drop your dress size fast	en
forum porsche importing a turbo	en
forums discuss i ve been depressed for month	en
forums discuss total knee replacement weeks post op	en
free points instagram	en
gaming fallout shelter guide	en
gaming metal gear solid guide	en
german shepherd freaked out by tiger toy	en
ginger and scallion fish recipe	en
gluten free oil free baked falafel	en
grilled chicken breasts	en
harper s bazaar uk welcomes rosie huntington whiteley september cover	en
health abdominal aortic aneurysm	en
health aminosalicylates	en
hearty white bean tomato and rice soup pottery barn feature	en
helen flanagan shows off hair makeover on instagram click to see	en
henry cavill looks up to real people not comic book vigilantes	en
hindi world company told customers stop using their condoms	en
homemade cleaners	en
horror movies that are so scary you won t dare to watch them alone	en
house prices streets details wiltshire swindon rayfield grove sn hd sn hd	en
how i eat vegetables like a californian even when im not in california	en
how many children should you have	en
how remove fingerprints touch id	en
how to clean your house in minutes a day for days	en
how to cook perfect bacon in the oven cooking lessons from the kitchn	en
how to cook salmon in the oven cooking lessons from the kitchn	en
how to green clean grease from	en
how to iphone how unlock your iphone use any sim ee o vodafone three	en
how to make baked chicken and homemade chicken gravy	en
how to make tomato paste cooking lessons from the kitchn	en
Hunger games	en
important things to consider before bringing food on a plane	en
ingredient vegan peanut butter sweet potato ice cream	en
interiors interior design ideas small spaces flats small bedroom four poster bed	en
investment detail	en
john mayer and katy perry spotted together at old faithful inn in yellowstone national park	en
kale and orange cupcakes with orange icing	en
kitchenaid wire whip the mixer attachment you didnt know you needed product review	en
leslie west an interview with the king of tone	en
lightweight furniture	en
little known facts about princess diana	en
look we love the new traditional	en
mandu korean dumplings	en
massive earthquake near coast of central chile on september	en
mobile how to factory reset an iphone	en
movies best amazon prime movies	en
movies emma watson colonia trailer	en
muffins	en
mushroom risotto poached egg	en
new ford	en
news archive art algorithm	en
news archive rockin foo fighters video	en
news archive skylanders	en
news celebrity guy ritchie jacqui ainsley wedding news	en
news jason mercier wins wpt alpha st kitts	en
news latest news get a booty like beyonce with bum enhancing padded pants	en
news nature do you recognise the uk s scariest spiders	en
news nature milky way bournemouth beach	en
news northern ireland dont take selfies with solar eclipse warn health experts	en
news photography video capture cameras best compact camera reviewed	en
news science end of the world asteroid blood moon september apocalypse armageddon comet meteor	en
news uk princess diana island grave th anniversary of her death	en
news uk royal fans left swooning over prince harrys new beard debuted at battle of britain commemorations a	en
news update woman hospitalised after two vehicle crash near colwyn bay aspx	en
news world islamic state isis smuggler thousands extremists into europe refugees	en
no bake chocolate almond cheesecake	en
obstacles on the spiritual path	en
offers products nursery furniture childrens furniture ob baby milano contemporary nursery wardrobe	en
on the beach	en
one million attend swiss techno party	en
our range clearance shop list	en
our real food journey part	en
parmesan garlic noodles	en
partitions pink floyd the gunner s dream	en
peanut allergy about	en
peliculas actualizadas senales del futuro cuenta regresiva presagio online	en
people meet the gothic bake queen whose creepy cakes are taking instagram by storm	en
photo gallery	en
pineapple fried rice with basil peanuts	en
planning general post wedding ideas how to celebrate first wedding anniversary gallery image	en
poems death grandfather	en
police llanelli warn drivers phones checked story detail story	en
practical travel journey guidelines the top five journey scams	en
pregnancy and birth baby names celebrity baby names celebrity baby names	en
preloved	en
ps call of duty advanced warfare ladder doubles eu match finder	en
pull apart garlic bread	en
recipe ginger switchel	en
recipe homemade thin crust pizza recipes from the kitchn	en
recipe spicy carne asada marinade with beer	en
recipe stone fruit sangria recipes from the kitchn	en
recipe vegan broccoli and bulgur lunch bowls	en
recipes dessert candy butterfinger banana pudding	en
recipes gluten free dairy free chocolate peanut butter banana trifle	en
recipes that use up a bunch of basil recipes from the kitchn	en
record	en
review android tablets acer iconia tab review	en
reviews baby feeding breastpumps medela swing	en
reviews pc mac software operating systems ios review	en
reviews samsung galaxy note vs samsung galaxy note id page	en
samsung galaxy s neo galaxy note android breitet sich aus mobile digital	en
scores jobs op announces store closures story detail story	en
seolleongtang beef bone soup	en
showbiz celebrity news dame helen mirren checks herself out as she comes face to face with wax works at madame tussauds	en
slideshows mind blowing liquor myths debunked	en
slow cooker beef bulgogi	en
smb threads iron horse bus	en
smoked sausage cheesy rice	en
smoky barbecue sweet potato chickpea burgers	en
snowskin mooncakes	en
songs im being swallowed by a boa constrictor	en
spiced beer hummus	en
spicy njandu crab roast	en
spicy vegetable biriyani	en
spinach coconut black bean curry	en
sport football exclusive manchester united fine angel di maria two weeks wages no show	en
sport football transfer news gossip chelsea jose mourinho nathaniel chalobah rumours deals latest update	en
sport football transfer news john terry to arsenal piers morgan request	en
sport football transfer news manchester united gareth bale anthony martial arsenal riyad mahrez chelsea	en
sports nutrition l glutamine	en
sticky rice burgers	en
stream league of legends	en
style articles men how to dress your age s	en
style dresser galleries shoes best oxford shoes cleverley	en
subway prices	en
talk am i being unreasonable a to stalk my husband using find my iphone	en
talk am i being unreasonable to think that having no friends at all is weird	en
talk general health anyone ever had a really strange unpleasant sweet taste in	en
talk relationships a attracted to my dentist what do i do try not to laugh	en
talk weight loss chat dress size vs weight	en
the right internal temperature for cooked chicken quick kitchen facts	en
this is what happens in your stomach when you consume packaged ramen noodles with a deadly preservative	en
tomato onion parmesan focaccia bundtbakers	en
top short mens hairstyles	en
trashy moments from the intelligence deprived	en
tricks to make yourself an apple music master	en
tv big brother celebrity big brother eva carneiro chelsea	en
tv s celebrity big brother news a celebrity big brother james and austins friendship is the talk of the house	en
unexplained deaths continue to rock holistic health so why arent officials connecting the dots	en
unspoken rules of courtesy that everyone should adhere to	en
us news computing components graphics cards best graphics cards	en
us news phone and communications mobile phones things we d like to see in the iphone s and iphone	en
us news television hdtv samsung and k ultra hd tvs won t actually be produced	en
used car page option pc td pma pmi sort distance tr automatic	en
vegan pumpkin spice pancakes gluten dairy and egg free	en
video facebook video of teenager being battered leads to arrest of year old girl	en
video new footage of the tianjin explosion may be most dramatic yet	en