gurken einwecken	de
gurken pflanzen	de
gurkenpflanzen pflegen	de
gurkensalat dill	de
gurkensuppe kalt	de
Gurktaler Vz	de
gustav büsing	de
gute besserung	de
gute handyspiele 2015	de
gute spiele für android	de
guzmania pflege	de
gwen stefani	de
gwxux funktioniert nicht mehr	de
gwxux funktioniert nicht mehr AS	de
gwyneth paltrow	de
gyros rezept	de
gzsz news	de
gzsz vince und sunny	de
gzsz vorschau	de
höchstgeschwindigkeit österreich	de
höchstsatz arbeitslosengeld	de
höhe mutterschaftsgeld	de
hähnchen curry	de
hähnchen im backofen	de
hähnchenschenkel grillen	de
häkelanleitung kostenlos	de
häkelanleitung tiere	de
häkeln für anfänger	de
häkeln lernen	de
hände schlafen ein	de
häufiges wasserlassen	de
hüftspeck abnehmen	de
hühnerauge hausmittel	de
hühnerstall selber bauen	de
haarausfall forum	de
haarausfall nach der geburt	de
haarausfall nach der schwangerschaft	de
haarausfall nach schwangerschaft	de
haarausfall stillzeit	de
haarbürste reinigen	de
haare brechen ab	de
haare entfärben	de
haare entfernen	de
haare färben	de
haare färben in der schwangerschaft	de
haare färben schwanger	de
haare flechten	de
haare schneiden mond	de
haare schneiden mondkalender	de
haare schneiden nach dem mond	de
haareschneiden nach dem mond	de
haarfarbe von der haut entfernen	de
haarfarbe von haut entfernen	de
haarschnitte für feines haar	de
hackfleisch rezepte	de
hainbuche schneiden	de
hainbuchenhecke schneiden	de
halbmarathon trainingsplan	de
hallux valgus operation AS	de
halsschmerzen gehen nicht weg	de
halsschmerzen hausmittel	de
halsschmerzen was tun	de
halswickel bei halsschmerzen	de
hamburg mit kindern	de
handy games 2015	de
handy orten	de
handy spiele 2015	de
handy wird heiß	de
Handybilder kostenlos	de
hanfpalme pflege	de
hang seng	de
hangouts angehalten	de
hanka rackwitz	de
hannes jaenicke	de
hannover 96	de
hannover 96 spielplan	de
hansa rostock	de
hansapark 2 für 1 gutschein	de
harry potter neuer film	de
harry styles	de
hart aber herzlich	de
harter bauch	de
harter stuhlgang	de
harter stuhlgang was tun	de
hartgekochtes ei	de
hartriegel schneiden	de
hartz 4	de
hartz 4 AS	de
hartz 4 aufstockung	de
hartz 4 miete	de
hartz 4 rechner	de
hartz 4 satz	de
hartz 4 urlaub	de
hartz 4 wieviel	de
hartz4 nachrichten	de
harvest moon	de
harvest moon ds cheats	de
harz aus kleidung	de
harz aus kleidung entfernen	de
harz entfernen	de
harzflecken entfernen	de
hasenställe günstig m	de
hasenstall bauen	de
hasenstall isoliert 32	de
hauptstädte europa	de
hauptstädte europas	de
hausgarten forum	de
haushaltshilfe nach geburt	de
hausmittel abfluss verstopft	de
hausmittel bei fersensporen	de
hausmittel bei sonnenbrand	de
hausmittel für weiße zähne	de
hausmittel gegen übelkeit	de
hausmittel gegen ameisen	de
hausmittel gegen ameisen im haus	de
hausmittel gegen augenringe	de
hausmittel gegen bindehautentzündung	de
hausmittel gegen blattläuse	de
hausmittel gegen durchfall	de
hausmittel gegen falten	de
hausmittel gegen fersenspron	de
hausmittel gegen fettige haut	de
hausmittel gegen fieber	de
hausmittel gegen fliegen	de
hausmittel gegen fußpilz	de
hausmittel gegen hühneraugen	de
hausmittel gegen halsschmerzen	de
hausmittel gegen holzwurm	de
hausmittel gegen husten	de
hausmittel gegen kopfläuse	de
hausmittel gegen läuse	de
hausmittel gegen mücken	de
hausmittel gegen mücken im zimmer	de
hausmittel gegen maulwurf	de
hausmittel gegen motten	de
hausmittel gegen ohrenschmerzen	de
hausmittel gegen schnaken	de
hausmittel gegen schnupfen	de
hausmittel gegen schuppen	de
hausmittel gegen sodbrennen	de
hausmittel gegen sonnenbrand	de
hausmittel gegen stechmücken	de
hausmittel gegen trockene haare	de
hausmittel gegen unkraut	de
hausmittel gegen wühlmäuse	de
hausmittel gegen warzen	de
hausmittel gegen wespen	de
hausmittel gegen wespennest	de
hausmittel gegen wespennester	de
hausmittel gegen zahnschmerzen	de
hausmittel halsschmerzen	de
hausmittel juckende kopfhaut	de
hausmittel mücken	de
hausmittel ohrenschmerzen	de
hausmittel rohr verstopft	de
hausmittel sonnenbrand	de
hausmittel warzenentfernung	de
hausmittel zahnschmerzen	de
hauswurz pflege	de
hautpilz behandlung	de
hawaii reisezeit	de
hcg tabelle urin	de
HCI Hammonia Shipping AG	de
hdmi splitter 2 in 1 out 32	de
heath ledger	de
hecke schneiden	de
hecken schneiden	de
Heckenschere Benzin 32	de
heco victa	de
hefeteig einfrieren	de
heiße füße	de
heiße füße abends	de
heiße füße was tun	de
heidel druck	de
heidelbeere pflanzen	de
heidelbeeren einfrieren	de
heidelbeeren kalorien	de
heidelbeeren pflanzen	de
heidelbeeren schneiden	de
heidelbeerflecken entfernen	de
heidelberger druck	de
heidi klum	de
heidi klum AS	de
heidi klum instagram	de
heidi klum news	de
heidi klum ungeschminkt	de
heike drechsler	de
heike makatsch	de
heike makatsch kinder	de
heike makatsch töchter	de
heimkino bilder	de
heisse füsse	de
heisse füsse nachts	de
heizkörper streichen	de
hekla lava	de
helen hunt	de
helena fürst	de
helene fischer	de
helene fischer berlin	de
helene fischer florian silbereisen	de
helene fischer hört auf	de
helene fischer hochzeit	de
helene fischer konzert	de
helene fischer nackt	de
helene fischer slip foto	de
helene fischer und florian silbereisen	de
helene fischer und florian silbereisen AS	de
maus fangen	de
blazer sans manche	fr
bleach saison 3 vostfr youwatch	fr
blique actimum toul	fr
blocage tablette par police	fr
blog exhib	fr
Blog Femmes matures	fr
blog recette maghreb	fr
BLOG TTBM 20X5	fr
blogs jeunes nudistes	fr
bloquer un numero galaxy s6	fr
Blouson denim moyen	fr
blouson moto enfant	fr
Blouson ski orange 1	fr
blousons moto vintage	fr
bnpparibas acces aux comptes	fr
bob l' ponge 1	fr
boite à musique	fr
boite bois	fr
boite trouville	fr
boites conserves laissee au frigo	fr
bojack saison 2	fr
bombasse en chaleur	fr
bon bru	fr
bon brute truand	fr
bon cv exemple	fr
bon de reduction	fr
bondage sodomie	fr
bonifier la terre synonyme	fr
bonjour en chti	fr
bonne brunette	fr
bonne pipe au boi	fr
bonnette nettoyeur vapeur	fr
boots bottines hommes	fr
bord loire velo camphng	fr
bordeaux aéroport bus	fr
bordeaux rose	fr
BOSCH WTW84381FF Sèche-linge	fr
bosse sur la tete sans coup	fr
bouba dessin animé acheter	fr
boucher un trou avec du platre	fr
bouchon sur autoroute	fr
Bouchon valve rouge 1	fr
bouge ton été 2015 nantes	fr
bougies anniversaire	fr
bouillon de 11 heures	fr
boulang c3 a9re sex et cochonne n	fr
boulangerie ouverte antony 2 aout	fr
boule blanche sortant de la gorge n	fr
Boule de Cristale Voyance Gratuite	fr
boule de remorque	fr
boule gazon artificiel 40 cm	fr
boule lyonnaise de cogny	fr
Bourg-Péronnas Ville	fr
bourrage de crane	fr
bourse aux costumes roi de l'oiseau	fr
boutique de bonbons st sauveur le vicomte	fr
boutis taupe pas cher	fr
bouton de fievre	fr
bowling challans	fr
box chevaux pas cher	fr
braderie a chateaubourg	fr
branchement du compteur edf au tableau electrique	fr
branchement faisceau electrique multiplexé relais matic V7 megane3	fr
brandade de morue	fr
branle entre jeunes hommes	fr
branlette avec les pieds black	fr
branlette de vieilles francaises	fr
branlette entre petits jeunes	fr
brasseries julien paris	fr
bravone corse perla d isula	fr
bretagne match du jour avecle fba performance n	fr
Bricolage dalle pour sol	fr
bridoire chateau dordogne	fr
briguedis guerande	fr
brittany brousseau	fr
brocantes région d'erquy	fr
brochette de dinde	fr
brosserie marchand balai trapeze	fr
broutage de minou	fr
brune libertine suceuse route	fr
BTP - Chantier Gros-oeuvre peinture	fr
bts cgo	fr
bts economie batiment	fr
bts tourisme correspondance	fr
bubble shooter 3 plein ecran gratuit	fr
bubble snooker jeu gratuit	fr
buffet portes coulissantes	fr
bulle shoter 3	fr
bureau de change rue de reuilly paris	fr
bureau de poste à montbazon 37250	fr
burger maison	fr
bus annecy grand bornand	fr
buse à longue queue	fr
buses puisage eau	fr
c beaucoup mieux comme ca	fr
c est quoi le metier jardinier	fr
c est quoi renault minute	fr
c pas bien	fr
c'est pas bien	fr
c'est pas bien torrents AS	fr
c'est quoi l'ironie	fr
c'est trop d'honneur	fr
c3 1.4 HDI 90AVIS	fr
ça veut dire quoi l'échéance	fr
cabane cochon d'inde	fr
cabane dans les arbres st jean des mauvrets	fr
Cabane en bois adulte	fr
cabas imprimé ikat en toile ralph lauren	fr
cabillaud et panais	fr
cabinet dentaire les sorinières horaires	fr
cablage preampli et ampli	fr
cacaoweb pour android gratuit	fr
cache cache horaire troyes	fr
cache tTazXrCSIZ4J www.larousse.fr encyclopedie divers Chine_activités_économiques 186041	fr
cache:aN4d9U2GIUwJ:www.voyages-sncf.com/ voyages-sncf.com	fr
cacher les amis facebook	fr
Cadre Socio Educatif	fr
cafe des sport luchon	fr
cafe toulouse matin horaires	fr
cafe vert pour maigrir ?	fr
cage oiseau en bois	fr
cahier à spirale	fr
cahier d'écriture chinoise	fr
cahier de texte	fr
caillot de sang aux poumons	fr
cake au citron	fr
cake aux courgettes	fr
cake aux pommes moelleux	fr
calais news	fr
calanque mots croise	fr
calcalendrier paiement de la retraite	fr
calcul de la retraite de reversion	fr
calcul plus value immobiliere	fr
calcul poid ideal	fr
calculs rénaux types	fr
cale porte fantaisie	fr
Calendrier course de cote 2015	fr
calendrier de grossesse en sa	fr
calendrier de maternite	fr
Calendrier Foire a Tout Calvados	fr
calendrier legion	fr
calendrier lunaire	fr
calendrier quand faire test de grossesse	fr
calendrier sexi	fr
calendrier versement caisse de retraite	fr
calendrier versement retraite carcept m	fr
calmer un mal de foi n	fr
calque dessin mygale en 3d	fr
cambrure femme exercices	fr
camera autoroute	fr
Camera Autoroute A75	fr
camera cachee femme nue	fr
CAMEROUN INFO.COM	fr
camion iveco occasion	fr
camping a la ferme avec piscine a la rochelle	fr
camping a mur de bretagne	fr
camping à Royan	fr
camping a stella plage	fr
camping dans la manche hpa	fr
camping de la vieille église cayeux sur mer	fr
camping de mousserolles fetes de bayonne	fr
camping en dordogne pres de terasson	fr
camping en vendee	fr
camping estanquet la palmyre	fr
Camping Lac de Saint Cassien	fr
camping le calypso torreilles plage	fr
camping le floride et l'embouchure	fr
camping le garrit saint cyprien 24	fr
camping les biches	fr
camping les dunes	fr
Camping Les Peupliers Ile de Re	fr
camping montherme	fr
camping municipale palavas les flot	fr
camping paradis saison 1	fr
camping paradis saison 2	fr
camping pre de palavace les flo	fr
camping quiberon 56	fr
camping royan avec piscine	fr
camping saint hilaire de riez	fr
Camping Sauvage de Beauduc	fr
camping vendée	fr
canal du nivernais en camping car	fr
Canapé d'angle cuir 5	fr
canape lit	fr
cancer du pancreas symptômes	fr
cancer du poumon avec metatas a la tete pancrea et foie attei	fr
cancer du poumon symptômes	fr
cancer oesophage	fr
Cancer Peau Visage	fr
canditate de les reines du shopi.s indimiter chirstiana	fr
canne casting	fr
cantal centre thermoludique deChaudes aigues	fr
Cap Corse	fr
cap d agde	fr
cap d'agde tube	fr
cap vert	fr
Cape de bain	fr
capricorne aujourd'hui	fr
capricorne homme	fr
capsulite retractile de l epaule	fr
carabine de tir grunig elmiger	fr
carafe et glacon n	fr
caravane pliante	fr
caravane pliante en dur occasion	fr
caravanes pliantes toiles TRIGANO	fr
caresses sur homme attaché film gratuit	fr
carnet à spirale	fr
carnet publicitaire	fr
wat causses fingers to be purple	en
what to do with out of date eggs	en
adverts show chandelier brand new	en
computing keep pcs screen dimming	en
corporate staff event ideas dubai	en
doctor low back pain and sciatica	en
fluminense yesterday match result	en
m showadvert hh cob mare now sold	en
m showadvert whitesided rat snake	en
mobile electronics jbl ms cheap t	en
news october inside necker island	en
photography canon pixma mg and mg	en
sport biggest sunderland villains	en
venues uk deco lounge hertford sg	en
articles delivery information list	en
camcorder reviews jvc gc xa review	en
destinations europe czech republic	en
doctor pancreatic exocrine tumours	en
forum vehicles trailers sale index	en
forums showthread php corsa b rear	en
holley base plates interchangeable	en
how to identify synthetic vitamins	en
m showadvert fawn great dane bitch	en
mguide reviews memoirs of a geisha	en
mother of mark and amanda thatcher	en
small corner sofas for small rooms	en
talk chat films set in or about ww	en
torrent red velvet audio happiness	en
transmission rear end howl whine t	en
adverts list clothing and jewellery	en
adverts show ford transit motorhome	en
beline glitter hard case clutch bag	en
best soap for seborrheic dermatitis	en
car parts suzuki swift part gearbox	en
cervical compression cause rib pain	en
forum axles tires wheels sale index	en
guides europe serbia and montenegro	en
it jobs in scotland immediate start	en
larris cross strap flat mule sandal	en
m showadvert fertile brahma eggs lf	en
movies liv tyler filmed on porn set	en
pregnancy and birth birth c section	en
top s top most common cars of the s	en
videos jason derulo want to want me	en
watch the chronicles of narnia 2005	en
adverts show iphone gb gold unlocked	en
athi pointed toe mid heel court shoe	en
avengers iron man lab attack playset	en
beautiful carole king musical london	en
dos and donts for dating spanish men	en
forums topic as recirc valve problem	en
gaming destiny getting started guide	en
hertfordshire hatfield mobile phones	en
the hunger games: mockingjay part 1	en
watching game of thrones without hbo	en
adverts show lunar newstar diesel ono	en
destinations europe italy things miss	en
health chronic kidney disease leaflet	en
life my gay experiment a lesbian date	en
medicine fexofenadine tablets telfast	en
mobile audrine pointed toe court shoe	en
one directions louis parties in pryzm	en
road tests bmw bmw z sdrive road test	en
superman batman apocalypse gorillavid	en
t s mechanical or hydraulic tensioner	en
carbycar land rover range rover evoque	en
forum mkv mk golf golf plus jetta page	en
forums forum servicing and maintenance	en
forums invert classifieds scorps pedes	en
health allergic conjunctivitis leaflet	en
interiors hallway floor to ceiling map	en
m showadvert gentle friesian x mare hh	en
news archive final fantasy xv hands on	en
news archive law in surveillance state	en
probikekit accountorderhistory account	en
talk living overseas living in america	en
transmission dexron vi or dexron iii t	en
wheels tires cooper at tire pressure t	en
adverts show canon double cable release	en
bliss daily detoxifying facial toner ml	en
forum interior saddle brown vs espresso	en
harmful flea collars to be discontinued	en
hotel le manoir de contres loire valley	en
m showadvert mitsubishi pajero for sale	en
shkurte fejza gresa behluli a je ti ajo	en
threads panasonic st owners thread page	en
topic help r gti or edition page pid st	en
vbulletin f alarm immobiliser insurance	en
vehicle help weatherstripping door help	en
watch sense and sensibility 2008 online	en
doctor obsessive compulsive disorder pro	en
doctor recurrent urinary tract infection	en
dog for free to go home dogs and puppies	en
forums f dosing bacteria is it necessary	en
guides europe france cannes where to eat	en
index php topic facelift lights page pid	en
interiors bedroom box frames black walls	en
jobs tax free childcare scheme explained	en
kevin warrington brutal gorsty hill tean	en
m showadvert american bull dog x mastiff	en
m showadvert bmw e i se spares or repair	en
m showadvert lovely french bull dog girl	en
solar powered decorative/garden lighting	en
sons of anarchy will there be a season 8	en
talk relationships a is husband cheating	en
best hotels rome hotels fit for cardinals	en
clothing accessories womens clothing list	en
destinations asia india culture etiquette	en
forum threads le torque convertor shudder	en
guides europe spain seville where to stay	en
health why wasnt i prescribed antibiotics	en
interiors small bedrooms corridor storage	en
movies avengers friends them tune mash up	en
optimal running temperature for chevy 4.3	en
used car local south east kent gillingham	en
well developed teen loses child rape case	en
how much does dual exhaust cost on a truck	en
kitchen appliances babycakes cupcake maker	en
m showadvert substantial quality cob filly	en
malibu gets an infusion of volt technology	en
newcastle awash with gay cruising hotspots	en
single bed and mattress rotherham for sale	en
social media helps get injured dog rescued	en
suspension silverado front wheel bearing t	en
tehran imam khomeini international airport	en
uk buy sell equestrian leatherwork saddles	en
uk buy sell pets dogs border collie search	en
used cars ford focus trim st colour orange	en
x art streaming best friends with benefits	en
adverts show mercedes camper van conversion	en
area scotland midlothian edinburgh car fiat	en
everybody loves raymond season 4 episode 21	en
forum threads cd player installation on a k	en
how to transfer from ps3 borderlands to ps4	en
job beauty and fragrance consultants needed	en
jobs full time permanent greater london kfc	en
mobile arrow smartwatch degree bezel camera	en
news archive geekdad tests the gtech airram	en
news uk gurn too far puts champ in hospital	en
threads ipod classic and bmw idrive control	en
water scalding but emersion not switched on	en
adverts show canon d dslr camera lenses more	en
adverts show solid pine bedside drawer chest	en
destinations europe czech republic fact file	en
forum cars sale deep sapphire blue fn type r	en
forum forums general chevy gm tech questions	en
forums f can anyone identify whats on my gsp	en
m showadvert bichon frise x shih tzu puppies	en
mobile azura pointed toe stiletto court shoe	en
mobile beats buys back htc stake for million	en
recommended uk britains best beaches viewall	en
schwarz rot gold a nations history in colour	en
video chris brown love more feat nicki minaj	en
worlds most beautiful country for travelling	en
girls gq girls agent provocateur private tape	en
life style health raspberries boost fertility	en
life style topfacts top facts about ice cream	en
m showadvert adult leopard tortoises for sale	en
medicine co trimoxazole for infection septrin	en
medicine vancomycin for clostridium difficile	en
news society bring back british hand swearing	en
resource control recommendation in the confab	en
tech ea battlefield hardline hackers xbox one	en
technical discussion hot tech articles index	en
will doctors help with a non sleeping toddler	en
exterior chevy frame peeling and rusting why t	en
forum forums chevy trailblazer forum gmc envoy	en
job alliance manager it security sales vacancy	en
life style health is it possible to live years	en
talk allergies can you be allergic to sausages	en
uefa president warns over european hooliganism	en
adverts show glider nursing chair and footstool	en
campervans talbot talbot express avalon cs aspx	en
cheap used touring caravans for sale fixed beds	en
en gb fernando torres tweets his joy and sorrow	en
film reasons why prometheus is a god awful film	en
job building security and maintenance assistant	en
m showadvert dark throated golden pheasant cock	en
news latest news drunk naked man new york train	en
pregnancy and birth baby names girls baby names	en
adverts show cheshire brick landscaping building	en
car reviews honda civic si review specifications	en
cars build your own lego technic endurance racer	en
digital camera reviews samsung ev nxboius review	en
employer hubs marks spencer organisation profile	en
entertainment music elvis birthday greatest hits	en
just jane just jane manhood insulting girlfriend	en
news celebrity annoyingness of gisele underrated	en
suspension clunking knocking noise under floor t	en
topic blocking egr vac pipe have i done it right	en
topic key fobs not working even with new battery	en
vegetarian friendly restaurants to try in london	en
cars porsche gt rs details revealed in new report	en
forums discussion how much to replace timing belt	en
forums engines transmission easy tuning sh engine	en
gift toys star wars inch deluxe r d talking plush	en
home troy bilt flex modular maintenance equipment	en
news lanvin sale rumours french house may be sold	en
news latest news isis breastfeeding biter torture	en
sphynx kittens for sale in flintshire north wales	en
technical discussion atf leak by torque converter	en
threads lager lime is it a big girls blouse drink	en
toyota auris rear skirt manufacturer parts number	en
adverts show shabby chic side painted pine cabinet	en
destinations europe portugal porto rio douro porto	en
employer hubs arthur d little organisation profile	en
fashion autumn winter ready to wear emanuel ungaro	en
home exactly much soda need drink sodastream worth	en